{"stats":{"minecraft:custom":{"minecraft:animals_bred":79,"minecraft:interact_with_crafting_table":114,"minecraft:open_barrel":4,"minecraft:bell_ring":2,"minecraft:eat_cake_slice":5,"minecraft:leave_game":6,"minecraft:time_since_death":67491,"minecraft:sprint_one_cm":2201887,"minecraft:damage_blocked_by_shield":3867,"minecraft:drop":236,"minecraft:talked_to_villager":12,"minecraft:play_time":706372,"minecraft:deaths":14,"minecraft:jump":11533,"minecraft:interact_with_brewingstand":3,"minecraft:walk_on_water_one_cm":82203,"minecraft:enchant_item":5,"minecraft:interact_with_furnace":189,"minecraft:traded_with_villager":3,"minecraft:sleep_in_bed":10,"minecraft:damage_dealt":42369,"minecraft:player_kills":1,"minecraft:crouch_one_cm":70767,"minecraft:interact_with_smoker":50,"minecraft:inspect_dispenser":1,"minecraft:horse_one_cm":7173,"minecraft:mob_kills":277,"minecraft:interact_with_anvil":7,"minecraft:climb_one_cm":26494,"minecraft:walk_one_cm":1363230,"minecraft:sneak_time":27471,"minecraft:walk_under_water_one_cm":48860,"minecraft:interact_with_blast_furnace":60,"minecraft:total_world_time":706372,"minecraft:interact_with_stonecutter":5,"minecraft:time_since_rest":23907,"minecraft:damage_taken":16022,"minecraft:damage_absorbed":98,"minecraft:minecart_one_cm":24581,"minecraft:swim_one_cm":58467,"minecraft:fly_one_cm":2536532,"minecraft:open_chest":368,"minecraft:fall_one_cm":366355},"minecraft:used":{"minecraft:beetroot":14,"minecraft:tuff_bricks":8,"minecraft:iron_shovel":294,"minecraft:dispenser":2,"minecraft:ladder":6,"minecraft:oak_sign":4,"minecraft:chest":16,"minecraft:shield":75,"minecraft:stone":24,"minecraft:rotten_flesh":1,"minecraft:iron_chestplate":1,"minecraft:carrot":683,"minecraft:tuff":3,"minecraft:honey_bottle":6,"minecraft:glass":9,"minecraft:waxed_oxidized_copper":2,"minecraft:lava_bucket":31,"minecraft:coal_ore":8,"minecraft:grass_block":2,"minecraft:birch_sapling":13,"minecraft:quartz_block":152,"minecraft:warped_nylium":1,"minecraft:deepslate_diamond_ore":1,"minecraft:bow":12,"minecraft:scaffolding":3,"minecraft:oak_sapling":7,"minecraft:furnace":14,"minecraft:beetroot_seeds":11,"minecraft:egg":31,"minecraft:stone_pickaxe":71,"minecraft:oak_planks":425,"minecraft:wooden_pickaxe":15,"minecraft:diamond_axe":1269,"minecraft:golden_apple":3,"minecraft:mushroom_stew":22,"minecraft:blast_furnace":10,"minecraft:deepslate_redstone_ore":5,"minecraft:lingering_potion":1,"minecraft:dripstone_block":2,"minecraft:birch_fence":2,"minecraft:bread":17,"minecraft:deepslate":7,"minecraft:chiseled_tuff_bricks":1,"minecraft:bone_meal":12,"minecraft:oak_fence":44,"minecraft:oak_trapdoor":1,"minecraft:flint_and_steel":3,"minecraft:cooked_chicken":15,"minecraft:netherrack":29,"minecraft:trial_key":7,"minecraft:oak_door":4,"minecraft:torch":173,"minecraft:dirt":175,"minecraft:anvil":2,"minecraft:birch_door":4,"minecraft:iron_hoe":133,"minecraft:wooden_axe":1,"minecraft:iron_axe":247,"minecraft:oak_stairs":198,"minecraft:red_candle":3,"minecraft:iron_boots":1,"minecraft:smooth_basalt":2,"minecraft:golden_carrot":12,"minecraft:emerald_block":1,"minecraft:cooked_beef":17,"minecraft:cobbled_deepslate":111,"minecraft:iron_leggings":1,"minecraft:calcite":3,"minecraft:wheat_seeds":232,"minecraft:cooked_mutton":2,"minecraft:water_bucket":3,"minecraft:amethyst_block":7,"minecraft:birch_planks":117,"minecraft:baked_potato":14,"minecraft:cauldron":1,"minecraft:fletching_table":1,"minecraft:waxed_copper_block":13,"minecraft:oak_slab":6,"minecraft:crafting_table":18,"minecraft:white_bed":3,"minecraft:cake":1,"minecraft:smoker":6,"minecraft:amethyst_cluster":7,"minecraft:oak_log":134,"minecraft:wooden_hoe":28,"minecraft:diamond_pickaxe":1449,"minecraft:ominous_trial_key":2,"minecraft:wind_charge":13,"minecraft:oak_button":2,"minecraft:iron_pickaxe":308,"minecraft:stone_axe":128,"minecraft:cobblestone":173,"minecraft:potion":2,"minecraft:white_banner":1,"minecraft:cooked_porkchop":32,"minecraft:bucket":63,"minecraft:glass_pane":63,"minecraft:pumpkin_pie":1,"minecraft:dandelion":1,"minecraft:smooth_stone":794},"minecraft:broken":{"minecraft:diamond_helmet":1,"minecraft:iron_leggings":1,"minecraft:stone_axe":1,"minecraft:iron_axe":1,"minecraft:iron_pickaxe":1},"minecraft:dropped":{"minecraft:ominous_bottle":1,"minecraft:diamond_axe":2,"minecraft:cooked_beef":5,"minecraft:glass_bottle":8,"minecraft:cooked_porkchop":3,"minecraft:leather":15,"minecraft:red_mushroom":2,"minecraft:dirt":7,"minecraft:snowball":7,"minecraft:gold_nugget":2,"minecraft:amethyst_shard":64,"minecraft:iron_pickaxe":1,"minecraft:white_wool":4,"minecraft:gold_ingot":12,"minecraft:bone":8,"minecraft:waxed_cut_copper_slab":1,"minecraft:stone_axe":2,"minecraft:cobbled_deepslate":6,"minecraft:wheat":1,"minecraft:birch_sapling":2,"minecraft:pointed_dripstone":1,"minecraft:beetroot":20,"minecraft:rotten_flesh":117,"minecraft:oak_planks":1,"minecraft:waxed_copper_block":8,"minecraft:gunpowder":5,"minecraft:quartz_block":1,"minecraft:beetroot_seeds":30,"minecraft:ladder":3,"minecraft:arrow":3,"minecraft:netherrack":4,"minecraft:iron_ingot":111,"minecraft:enchanted_book":1,"minecraft:oak_slab":6,"minecraft:wheat_seeds":67,"minecraft:deepslate_iron_ore":2,"minecraft:feather":1,"minecraft:polished_tuff":4,"minecraft:copper_ingot":4,"minecraft:mushroom_stew":48,"minecraft:stick":1,"minecraft:gray_wool":1,"minecraft:wooden_hoe":1,"minecraft:torch":1,"minecraft:wooden_axe":1,"minecraft:waxed_copper_bulb":5,"minecraft:cooked_salmon":5,"minecraft:iron_leggings":2,"minecraft:smooth_stone":1,"minecraft:string":7,"minecraft:redstone":101,"minecraft:tuff_bricks":1,"minecraft:bowl":20,"minecraft:tuff":5,"minecraft:light_gray_wool":1,"minecraft:iron_boots":2,"minecraft:stone":1,"minecraft:shield":7,"minecraft:trial_key":1,"minecraft:diamond_pickaxe":1,"minecraft:iron_chestplate":3,"minecraft:pink_wool":1,"minecraft:spider_eye":4,"minecraft:diamond_boots":1,"minecraft:bow":2,"minecraft:stone_pickaxe":1,"minecraft:wooden_pickaxe":2,"minecraft:waxed_oxidized_copper_grate":6,"minecraft:waxed_oxidized_copper_trapdoor":1},"minecraft:mined":{"minecraft:white_bed":3,"minecraft:budding_amethyst":16,"minecraft:grass_block":149,"minecraft:chiseled_tuff_bricks":1,"minecraft:frosted_ice":4,"minecraft:oak_wall_sign":1,"minecraft:tuff_bricks":8,"minecraft:spawner":3,"minecraft:smooth_stone":266,"minecraft:tall_seagrass":1,"minecraft:glowstone":18,"minecraft:fire":6,"minecraft:iron_ore":94,"minecraft:cobbled_deepslate":37,"minecraft:pumpkin":9,"minecraft:deepslate_lapis_ore":13,"minecraft:fletching_table":1,"minecraft:anvil":1,"minecraft:pointed_dripstone":2,"minecraft:dirt_path":28,"minecraft:oak_stairs":26,"minecraft:deepslate_redstone_ore":37,"minecraft:brown_mushroom":34,"minecraft:quartz_block":94,"minecraft:smoker":4,"minecraft:amethyst_cluster":56,"minecraft:torch":12,"minecraft:blast_furnace":5,"minecraft:calcite":4,"minecraft:chest":8,"minecraft:mushroom_stem":20,"minecraft:nether_quartz_ore":47,"minecraft:glass":11,"minecraft:cobblestone":56,"minecraft:oak_planks":217,"minecraft:wall_torch":3,"minecraft:amethyst_block":8,"minecraft:cauldron":1,"minecraft:seagrass":1,"minecraft:waxed_copper_bulb":1,"minecraft:red_candle":1,"minecraft:waxed_oxidized_copper_trapdoor":1,"minecraft:birch_log":53,"minecraft:light_gray_stained_glass":3,"minecraft:wheat":208,"minecraft:stripped_oak_wood":1,"minecraft:waxed_copper_block":9,"minecraft:birch_door":2,"minecraft:oak_log":300,"minecraft:beetroots":31,"minecraft:waxed_oxidized_copper":2,"minecraft:dirt":130,"minecraft:smooth_basalt":2,"minecraft:red_mushroom_block":173,"minecraft:netherrack":33,"minecraft:oak_leaves":7,"minecraft:deepslate":73,"minecraft:emerald_block":1,"minecraft:nether_gold_ore":7,"minecraft:tuff":8,"minecraft:dark_oak_leaves":1,"minecraft:deepslate_diamond_ore":5,"minecraft:oak_door":2,"minecraft:stripped_birch_log":1,"minecraft:ladder":1,"minecraft:brown_mushroom_block":28,"minecraft:large_fern":4,"minecraft:hay_block":26,"minecraft:furnace":18,"minecraft:carrots":387,"minecraft:andesite":2,"minecraft:deepslate_iron_ore":105,"minecraft:vine":1,"minecraft:stone":644,"minecraft:oak_slab":4,"minecraft:glass_pane":50,"minecraft:oak_fence":26,"minecraft:crafting_table":7,"minecraft:short_grass":43,"minecraft:tall_grass":2,"minecraft:deepslate_gold_ore":15,"minecraft:lapis_ore":3,"minecraft:birch_planks":8,"minecraft:waxed_oxidized_copper_grate":3,"minecraft:birch_leaves":8,"minecraft:coal_ore":50,"minecraft:dripstone_block":4,"minecraft:gold_ore":10,"minecraft:fern":2,"minecraft:birch_fence":1},"minecraft:killed_by":{"minecraft:creeper":2,"minecraft:husk":2,"minecraft:enderman":2,"minecraft:breeze":1},"minecraft:crafted":{"minecraft:smooth_stone":506,"minecraft:oak_planks":584,"minecraft:oak_sign":3,"minecraft:cooked_chicken":16,"minecraft:stone":86,"minecraft:cooked_mutton":10,"minecraft:quartz_block":59,"minecraft:glass":46,"minecraft:diamond_helmet":1,"minecraft:bow":3,"minecraft:iron_boots":2,"minecraft:chest":8,"minecraft:oak_fence":3,"minecraft:smoker":2,"minecraft:arrow":32,"minecraft:emerald":10,"minecraft:cooked_porkchop":34,"minecraft:diamond_axe":1,"minecraft:crafting_table":9,"minecraft:wooden_pickaxe":2,"minecraft:iron_helmet":1,"minecraft:birch_planks":260,"minecraft:iron_chestplate":2,"minecraft:wooden_hoe":1,"minecraft:diamond_pickaxe":1,"minecraft:shield":2,"minecraft:stick":104,"minecraft:iron_ingot":224,"minecraft:iron_pickaxe":3,"minecraft:iron_block":3,"minecraft:gold_ingot":73,"minecraft:golden_carrot":8,"minecraft:furnace":2,"minecraft:blast_furnace":4,"minecraft:mushroom_stew":46,"minecraft:bone_meal":14,"minecraft:quartz":14,"minecraft:glass_pane":64,"minecraft:flint_and_steel":1,"minecraft:iron_axe":1,"minecraft:ladder":3,"minecraft:iron_hoe":1,"minecraft:stone_pickaxe":2,"minecraft:diamond_boots":1,"minecraft:wheat":234,"minecraft:cooked_beef":33,"minecraft:bowl":52,"minecraft:cooked_salmon":5,"minecraft:bucket":15,"minecraft:stone_axe":3,"minecraft:bread":91,"minecraft:gold_nugget":63,"minecraft:oak_stairs":192,"minecraft:wooden_axe":1,"minecraft:iron_shovel":2,"minecraft:iron_leggings":2,"minecraft:anvil":1,"minecraft:pumpkin_pie":1,"minecraft:torch":156},"minecraft:picked_up":{"minecraft:birch_door":4,"minecraft:wheat":245,"minecraft:anvil":1,"minecraft:lead":1,"minecraft:oak_stairs":30,"minecraft:potion":8,"minecraft:enchanted_book":6,"minecraft:amethyst_block":7,"minecraft:string":25,"minecraft:waxed_cut_copper_slab":1,"minecraft:iron_leggings":1,"minecraft:red_candle":6,"minecraft:oak_sign":1,"minecraft:beetroot":51,"minecraft:cobbled_deepslate":117,"minecraft:gold_nugget":36,"minecraft:smooth_stone":261,"minecraft:bucket":1,"minecraft:trial_key":14,"minecraft:calcite":3,"minecraft:iron_pickaxe":1,"minecraft:iron_boots":1,"minecraft:deepslate_iron_ore":8,"minecraft:furnace":18,"minecraft:tipped_arrow":62,"minecraft:stick":10,"minecraft:oak_fence":37,"minecraft:torch":21,"minecraft:porkchop":35,"minecraft:pointed_dripstone":1,"minecraft:cauldron":1,"minecraft:quartz_block":94,"minecraft:rotten_flesh":125,"minecraft:honey_bottle":18,"minecraft:glowstone":17,"minecraft:cobblestone":312,"minecraft:birch_log":53,"minecraft:feather":26,"minecraft:cooked_beef":8,"minecraft:magma_cream":1,"minecraft:smoker":4,"minecraft:tuff":8,"minecraft:stripped_birch_log":1,"minecraft:lapis_lazuli":140,"minecraft:dirt":346,"minecraft:glass":21,"minecraft:bone":61,"minecraft:bow":3,"minecraft:wheat_seeds":681,"minecraft:raw_gold":25,"minecraft:fletching_table":1,"minecraft:oak_planks":233,"minecraft:waxed_oxidized_copper_trapdoor":1,"minecraft:sand":28,"minecraft:grass_block":2,"minecraft:dispenser":4,"minecraft:deepslate":7,"minecraft:diamond":5,"minecraft:waxed_oxidized_copper_grate":6,"minecraft:breeze_rod":28,"minecraft:granite":1,"minecraft:bone_meal":3,"minecraft:golden_apple":1,"minecraft:emerald":61,"minecraft:oak_sapling":3,"minecraft:netherrack":34,"minecraft:ominous_trial_key":2,"minecraft:oak_leaves":1,"minecraft:lingering_potion":1,"minecraft:charcoal":8,"minecraft:crafting_table":8,"minecraft:ominous_bottle":3,"minecraft:chicken":15,"minecraft:ladder":6,"minecraft:brown_mushroom":46,"minecraft:pink_wool":1,"minecraft:music_disc_creator":2,"minecraft:shield":6,"minecraft:wind_charge":82,"minecraft:oak_trapdoor":1,"minecraft:flow_banner_pattern":2,"minecraft:iron_axe":1,"minecraft:flint_and_steel":2,"minecraft:birch_fence":2,"minecraft:glass_pane":87,"minecraft:deepslate_diamond_ore":1,"minecraft:beef":44,"minecraft:poppy":2,"minecraft:light_gray_wool":1,"minecraft:guster_pottery_sherd":4,"minecraft:chest":8,"minecraft:birch_sapling":12,"minecraft:waxed_oxidized_copper":2,"minecraft:egg":113,"minecraft:raw_iron":301,"minecraft:stone":394,"minecraft:oak_door":2,"minecraft:copper_ingot":4,"minecraft:bowl":1,"minecraft:amethyst_cluster":15,"minecraft:fire_charge":4,"minecraft:carrot":1451,"minecraft:redstone":197,"minecraft:diamond_chestplate":1,"minecraft:arrow":120,"minecraft:beetroot_seeds":81,"minecraft:hay_block":26,"minecraft:gold_ingot":12,"minecraft:flow_armor_trim_smithing_template":2,"minecraft:tuff_bricks":9,"minecraft:mutton":7,"minecraft:white_wool":4,"minecraft:golden_carrot":9,"minecraft:salmon":5,"minecraft:leather":36,"minecraft:red_mushroom":48,"minecraft:birch_planks":16,"minecraft:mushroom_stew":24,"minecraft:waxed_copper_bulb":5,"minecraft:oak_log":318,"minecraft:waxed_copper_block":21,"minecraft:gunpowder":13,"minecraft:white_banner":1,"minecraft:iron_ingot":153,"minecraft:cooked_chicken":6,"minecraft:stripped_oak_wood":1,"minecraft:glass_bottle":4,"minecraft:scaffolding":3,"minecraft:oak_slab":6,"minecraft:nether_quartz_ore":14,"minecraft:smooth_basalt":2,"minecraft:emerald_block":2,"minecraft:pumpkin":6,"minecraft:quartz":94,"minecraft:dandelion":1,"minecraft:dripstone_block":2,"minecraft:lava_bucket":2,"minecraft:amethyst_shard":358,"minecraft:blast_furnace":6,"minecraft:white_bed":3,"minecraft:polished_tuff":4,"minecraft:spider_eye":7,"minecraft:coal_ore":8,"minecraft:slime_ball":13,"minecraft:stone_axe":1,"minecraft:diamond_axe":3,"minecraft:deepslate_redstone_ore":5,"minecraft:gray_wool":1,"minecraft:oak_button":2,"minecraft:baked_potato":14,"minecraft:warped_nylium":1,"minecraft:coal":126,"minecraft:chiseled_tuff_bricks":1,"minecraft:ender_pearl":3},"minecraft:killed":{"minecraft:cave_spider":3,"minecraft:spider":15,"minecraft:skeleton":32,"minecraft:chicken":24,"minecraft:silverfish":5,"minecraft:magma_cube":3,"minecraft:pig":23,"minecraft:zombie_villager":2,"minecraft:salmon":5,"minecraft:creeper":4,"minecraft:sheep":7,"minecraft:trader_llama":2,"minecraft:pillager":2,"minecraft:zombie":69,"minecraft:donkey":1,"minecraft:stray":5,"minecraft:cow":21,"minecraft:vindicator":1,"minecraft:slime":10,"minecraft:phantom":1,"minecraft:horse":2,"minecraft:husk":15,"minecraft:wandering_trader":1,"minecraft:frog":2,"minecraft:breeze":7,"minecraft:enderman":6}},"DataVersion":3953}