{"stats":{"minecraft:crafted":{"minecraft:smooth_stone":42,"minecraft:cooked_chicken":1,"minecraft:furnace":2,"minecraft:blast_furnace":2,"minecraft:mushroom_stew":46,"minecraft:cooked_mutton":2,"minecraft:iron_boots":1,"minecraft:bow":1,"minecraft:iron_axe":1,"minecraft:stone_pickaxe":2,"minecraft:smoker":1,"minecraft:wheat":234,"minecraft:cooked_beef":4,"minecraft:cooked_porkchop":2,"minecraft:diamond_axe":1,"minecraft:crafting_table":6,"minecraft:wooden_pickaxe":2,"minecraft:iron_helmet":1,"minecraft:bowl":52,"minecraft:birch_planks":216,"minecraft:stone_axe":3,"minecraft:bread":78,"minecraft:wooden_hoe":1,"minecraft:iron_chestplate":1,"minecraft:diamond_pickaxe":1,"minecraft:shield":1,"minecraft:stick":36,"minecraft:iron_ingot":20,"minecraft:iron_pickaxe":1,"minecraft:wooden_axe":1,"minecraft:iron_leggings":1,"minecraft:torch":36},"minecraft:picked_up":{"minecraft:crafting_table":4,"minecraft:chicken":1,"minecraft:brown_mushroom":46,"minecraft:pink_wool":1,"minecraft:shield":2,"minecraft:string":8,"minecraft:iron_leggings":1,"minecraft:birch_fence":1,"minecraft:beef":6,"minecraft:light_gray_wool":1,"minecraft:birch_sapling":11,"minecraft:furnace":6,"minecraft:iron_boots":1,"minecraft:stick":9,"minecraft:raw_iron":58,"minecraft:copper_ingot":2,"minecraft:porkchop":7,"minecraft:carrot":1,"minecraft:cauldron":1,"minecraft:arrow":5,"minecraft:rotten_flesh":31,"minecraft:hay_block":26,"minecraft:mutton":5,"minecraft:white_wool":2,"minecraft:cobblestone":79,"minecraft:birch_log":53,"minecraft:feather":1,"minecraft:leather":8,"minecraft:red_mushroom":48,"minecraft:mushroom_stew":24,"minecraft:oak_log":7,"minecraft:gunpowder":4,"minecraft:stripped_birch_log":1,"minecraft:bone":8,"minecraft:bow":1,"minecraft:wheat_seeds":6,"minecraft:raw_gold":4,"minecraft:iron_ingot":1,"minecraft:cooked_chicken":3,"minecraft:pumpkin":6,"minecraft:white_bed":2,"minecraft:spider_eye":4,"minecraft:diamond":1,"minecraft:stone_axe":1,"minecraft:granite":1,"minecraft:gray_wool":1,"minecraft:coal":31},"minecraft:custom":{"minecraft:mob_kills":54,"minecraft:interact_with_crafting_table":38,"minecraft:leave_game":1,"minecraft:time_since_death":87662,"minecraft:climb_one_cm":5970,"minecraft:sprint_one_cm":357927,"minecraft:walk_one_cm":171699,"minecraft:damage_blocked_by_shield":146,"minecraft:drop":108,"minecraft:talked_to_villager":2,"minecraft:play_time":96122,"minecraft:deaths":2,"minecraft:sneak_time":2830,"minecraft:walk_under_water_one_cm":16015,"minecraft:jump":1742,"minecraft:interact_with_blast_furnace":7,"minecraft:walk_on_water_one_cm":26718,"minecraft:total_world_time":96122,"minecraft:interact_with_furnace":38,"minecraft:interact_with_stonecutter":4,"minecraft:sleep_in_bed":5,"minecraft:time_since_rest":24880,"minecraft:damage_taken":2445,"minecraft:damage_absorbed":40,"minecraft:damage_dealt":7515,"minecraft:swim_one_cm":13460,"minecraft:fly_one_cm":334874,"minecraft:open_chest":5,"minecraft:crouch_one_cm":7325,"minecraft:interact_with_smoker":3,"minecraft:fall_one_cm":55695,"minecraft:horse_one_cm":7173},"minecraft:broken":{"minecraft:iron_axe":1,"minecraft:stone_axe":1},"minecraft:mined":{"minecraft:white_bed":2,"minecraft:dark_oak_leaves":1,"minecraft:stripped_birch_log":1,"minecraft:brown_mushroom_block":28,"minecraft:spawner":2,"minecraft:large_fern":4,"minecraft:hay_block":26,"minecraft:furnace":7,"minecraft:iron_ore":61,"minecraft:pumpkin":9,"minecraft:vine":1,"minecraft:stone":81,"minecraft:brown_mushroom":34,"minecraft:crafting_table":3,"minecraft:short_grass":14,"minecraft:mushroom_stem":20,"minecraft:cauldron":1,"minecraft:birch_planks":1,"minecraft:birch_log":53,"minecraft:birch_leaves":4,"minecraft:oak_log":7,"minecraft:coal_ore":12,"minecraft:red_mushroom_block":173,"minecraft:gold_ore":4,"minecraft:oak_leaves":1,"minecraft:birch_fence":1,"minecraft:fern":2},"minecraft:used":{"minecraft:shield":5,"minecraft:cooked_chicken":3,"minecraft:iron_chestplate":1,"minecraft:torch":35,"minecraft:carrot":1,"minecraft:wooden_axe":1,"minecraft:iron_axe":247,"minecraft:birch_sapling":9,"minecraft:iron_boots":1,"minecraft:furnace":4,"minecraft:cooked_beef":1,"minecraft:iron_leggings":1,"minecraft:birch_planks":109,"minecraft:stone_pickaxe":71,"minecraft:wooden_pickaxe":15,"minecraft:cauldron":1,"minecraft:diamond_axe":69,"minecraft:golden_apple":1,"minecraft:crafting_table":9,"minecraft:mushroom_stew":22,"minecraft:blast_furnace":2,"minecraft:white_bed":1,"minecraft:smoker":1,"minecraft:birch_fence":1,"minecraft:wooden_hoe":28,"minecraft:diamond_pickaxe":73,"minecraft:bread":4,"minecraft:iron_pickaxe":22,"minecraft:stone_axe":128,"minecraft:cobblestone":25,"minecraft:cooked_porkchop":2},"minecraft:killed":{"minecraft:cave_spider":3,"minecraft:spider":4,"minecraft:skeleton":5,"minecraft:chicken":3,"minecraft:pig":6,"minecraft:frog":2,"minecraft:sheep":5,"minecraft:zombie":20,"minecraft:cow":4},"minecraft:dropped":{"minecraft:wheat_seeds":6,"minecraft:cooked_beef":3,"minecraft:feather":1,"minecraft:leather":8,"minecraft:copper_ingot":2,"minecraft:mushroom_stew":48,"minecraft:red_mushroom":2,"minecraft:gray_wool":1,"minecraft:wooden_hoe":1,"minecraft:wooden_axe":1,"minecraft:iron_leggings":1,"minecraft:string":3,"minecraft:white_wool":2,"minecraft:bone":3,"minecraft:stone_axe":2,"minecraft:bowl":19,"minecraft:birch_sapling":2,"minecraft:rotten_flesh":25,"minecraft:light_gray_wool":1,"minecraft:iron_boots":1,"minecraft:shield":2,"minecraft:pink_wool":1,"minecraft:spider_eye":3,"minecraft:bow":1,"minecraft:stone_pickaxe":1,"minecraft:wooden_pickaxe":2}},"DataVersion":3953}