{"stats":{"minecraft:broken":{"minecraft:iron_axe":1,"minecraft:stone_axe":1},"minecraft:mined":{"minecraft:tuff":5,"minecraft:white_bed":2,"minecraft:dark_oak_leaves":1,"minecraft:stripped_birch_log":1,"minecraft:grass_block":2,"minecraft:brown_mushroom_block":28,"minecraft:oak_wall_sign":1,"minecraft:spawner":3,"minecraft:large_fern":4,"minecraft:hay_block":26,"minecraft:furnace":12,"minecraft:carrots":2,"minecraft:iron_ore":76,"minecraft:andesite":2,"minecraft:pumpkin":9,"minecraft:fletching_table":1,"minecraft:pointed_dripstone":1,"minecraft:deepslate_iron_ore":43,"minecraft:vine":1,"minecraft:stone":118,"minecraft:deepslate_redstone_ore":5,"minecraft:brown_mushroom":34,"minecraft:smoker":1,"minecraft:amethyst_cluster":29,"minecraft:crafting_table":3,"minecraft:torch":3,"minecraft:short_grass":17,"minecraft:blast_furnace":1,"minecraft:calcite":4,"minecraft:mushroom_stem":20,"minecraft:cobblestone":9,"minecraft:deepslate_gold_ore":6,"minecraft:oak_planks":34,"minecraft:wall_torch":1,"minecraft:amethyst_block":7,"minecraft:cauldron":1,"minecraft:birch_planks":2,"minecraft:birch_log":53,"minecraft:birch_leaves":8,"minecraft:stripped_oak_wood":1,"minecraft:oak_log":144,"minecraft:coal_ore":12,"minecraft:dripstone_block":2,"minecraft:dirt":6,"minecraft:smooth_basalt":2,"minecraft:red_mushroom_block":173,"minecraft:gold_ore":4,"minecraft:oak_leaves":5,"minecraft:birch_fence":1,"minecraft:deepslate":15,"minecraft:fern":2},"minecraft:custom":{"minecraft:interact_with_anvil":1,"minecraft:mob_kills":75,"minecraft:interact_with_crafting_table":49,"minecraft:bell_ring":2,"minecraft:leave_game":1,"minecraft:time_since_death":165360,"minecraft:climb_one_cm":7117,"minecraft:sprint_one_cm":634546,"minecraft:walk_one_cm":351145,"minecraft:damage_blocked_by_shield":713,"minecraft:drop":127,"minecraft:talked_to_villager":12,"minecraft:play_time":173820,"minecraft:sneak_time":5312,"minecraft:deaths":2,"minecraft:walk_under_water_one_cm":16523,"minecraft:jump":3279,"minecraft:interact_with_blast_furnace":28,"minecraft:walk_on_water_one_cm":31932,"minecraft:total_world_time":173820,"minecraft:interact_with_furnace":49,"minecraft:traded_with_villager":3,"minecraft:interact_with_stonecutter":4,"minecraft:sleep_in_bed":6,"minecraft:time_since_rest":31742,"minecraft:damage_taken":4247,"minecraft:damage_absorbed":40,"minecraft:damage_dealt":11596,"minecraft:swim_one_cm":14555,"minecraft:fly_one_cm":650606,"minecraft:open_chest":59,"minecraft:crouch_one_cm":14554,"minecraft:interact_with_smoker":13,"minecraft:fall_one_cm":106461,"minecraft:horse_one_cm":7173},"minecraft:used":{"minecraft:oak_fence":25,"minecraft:oak_trapdoor":1,"minecraft:oak_sign":4,"minecraft:shield":14,"minecraft:cooked_chicken":3,"minecraft:rotten_flesh":1,"minecraft:oak_door":2,"minecraft:iron_chestplate":1,"minecraft:torch":89,"minecraft:dirt":7,"minecraft:anvil":1,"minecraft:carrot":8,"minecraft:tuff":1,"minecraft:glass":8,"minecraft:wooden_axe":1,"minecraft:iron_axe":247,"minecraft:oak_stairs":28,"minecraft:birch_sapling":13,"minecraft:iron_boots":1,"minecraft:smooth_basalt":2,"minecraft:bow":6,"minecraft:oak_sapling":4,"minecraft:furnace":7,"minecraft:cooked_beef":1,"minecraft:cobbled_deepslate":21,"minecraft:iron_leggings":1,"minecraft:calcite":3,"minecraft:amethyst_block":6,"minecraft:birch_planks":110,"minecraft:stone_pickaxe":71,"minecraft:oak_planks":184,"minecraft:wooden_pickaxe":15,"minecraft:cauldron":1,"minecraft:diamond_axe":323,"minecraft:fletching_table":1,"minecraft:golden_apple":1,"minecraft:oak_slab":6,"minecraft:crafting_table":12,"minecraft:blast_furnace":6,"minecraft:mushroom_stew":22,"minecraft:white_bed":2,"minecraft:smoker":2,"minecraft:birch_fence":1,"minecraft:oak_log":100,"minecraft:wooden_hoe":28,"minecraft:diamond_pickaxe":268,"minecraft:bread":4,"minecraft:iron_pickaxe":22,"minecraft:stone_axe":128,"minecraft:cobblestone":76,"minecraft:cooked_porkchop":27,"minecraft:dandelion":1,"minecraft:bone_meal":9,"minecraft:smooth_stone":5},"minecraft:crafted":{"minecraft:smooth_stone":42,"minecraft:oak_planks":180,"minecraft:oak_sign":3,"minecraft:cooked_chicken":2,"minecraft:furnace":2,"minecraft:blast_furnace":4,"minecraft:mushroom_stew":46,"minecraft:bone_meal":8,"minecraft:cooked_mutton":8,"minecraft:flint_and_steel":1,"minecraft:glass":14,"minecraft:diamond_helmet":1,"minecraft:bow":1,"minecraft:iron_boots":2,"minecraft:iron_axe":1,"minecraft:stone_pickaxe":2,"minecraft:smoker":2,"minecraft:wheat":234,"minecraft:cooked_beef":6,"minecraft:arrow":32,"minecraft:emerald":1,"minecraft:cooked_porkchop":9,"minecraft:diamond_axe":1,"minecraft:crafting_table":7,"minecraft:wooden_pickaxe":2,"minecraft:iron_helmet":1,"minecraft:bowl":52,"minecraft:birch_planks":216,"minecraft:stone_axe":3,"minecraft:bread":78,"minecraft:wooden_hoe":1,"minecraft:iron_chestplate":2,"minecraft:diamond_pickaxe":1,"minecraft:shield":1,"minecraft:stick":52,"minecraft:iron_ingot":76,"minecraft:iron_pickaxe":1,"minecraft:oak_stairs":24,"minecraft:wooden_axe":1,"minecraft:iron_block":3,"minecraft:iron_leggings":2,"minecraft:gold_ingot":49,"minecraft:anvil":1,"minecraft:torch":84},"minecraft:dropped":{"minecraft:iron_ingot":41,"minecraft:wheat_seeds":8,"minecraft:diamond_axe":1,"minecraft:cooked_beef":3,"minecraft:feather":1,"minecraft:leather":8,"minecraft:copper_ingot":2,"minecraft:mushroom_stew":48,"minecraft:red_mushroom":2,"minecraft:dirt":2,"minecraft:gray_wool":1,"minecraft:wooden_hoe":1,"minecraft:wooden_axe":1,"minecraft:iron_leggings":2,"minecraft:string":3,"minecraft:white_wool":2,"minecraft:bone":6,"minecraft:stone_axe":2,"minecraft:bowl":20,"minecraft:tuff":4,"minecraft:birch_sapling":2,"minecraft:pointed_dripstone":1,"minecraft:rotten_flesh":39,"minecraft:light_gray_wool":1,"minecraft:iron_boots":2,"minecraft:shield":2,"minecraft:iron_chestplate":1,"minecraft:pink_wool":1,"minecraft:spider_eye":3,"minecraft:bow":2,"minecraft:wooden_pickaxe":2,"minecraft:stone_pickaxe":1},"minecraft:picked_up":{"minecraft:charcoal":8,"minecraft:crafting_table":4,"minecraft:chicken":1,"minecraft:brown_mushroom":46,"minecraft:pink_wool":1,"minecraft:shield":2,"minecraft:amethyst_block":6,"minecraft:string":13,"minecraft:oak_trapdoor":1,"minecraft:iron_leggings":1,"minecraft:birch_fence":1,"minecraft:oak_sign":1,"minecraft:cobbled_deepslate":21,"minecraft:beef":6,"minecraft:calcite":3,"minecraft:light_gray_wool":1,"minecraft:birch_sapling":12,"minecraft:furnace":12,"minecraft:iron_boots":1,"minecraft:stick":9,"minecraft:raw_iron":228,"minecraft:copper_ingot":2,"minecraft:torch":8,"minecraft:bowl":1,"minecraft:porkchop":7,"minecraft:pointed_dripstone":1,"minecraft:carrot":9,"minecraft:redstone":16,"minecraft:cauldron":1,"minecraft:arrow":13,"minecraft:rotten_flesh":46,"minecraft:hay_block":26,"minecraft:mutton":5,"minecraft:white_wool":2,"minecraft:cobblestone":125,"minecraft:birch_log":53,"minecraft:feather":1,"minecraft:leather":8,"minecraft:smoker":1,"minecraft:red_mushroom":48,"minecraft:birch_planks":1,"minecraft:mushroom_stew":24,"minecraft:oak_log":144,"minecraft:tuff":5,"minecraft:gunpowder":5,"minecraft:stripped_birch_log":1,"minecraft:dirt":8,"minecraft:bone":17,"minecraft:bow":2,"minecraft:wheat_seeds":8,"minecraft:raw_gold":10,"minecraft:iron_ingot":42,"minecraft:cooked_chicken":3,"minecraft:stripped_oak_wood":1,"minecraft:fletching_table":1,"minecraft:oak_planks":34,"minecraft:smooth_basalt":2,"minecraft:pumpkin":6,"minecraft:dandelion":1,"minecraft:sand":28,"minecraft:amethyst_shard":116,"minecraft:blast_furnace":2,"minecraft:white_bed":2,"minecraft:spider_eye":6,"minecraft:diamond":1,"minecraft:stone_axe":1,"minecraft:granite":1,"minecraft:diamond_axe":1,"minecraft:gray_wool":1,"minecraft:oak_leaves":1,"minecraft:coal":90},"minecraft:killed":{"minecraft:cave_spider":3,"minecraft:spider":7,"minecraft:skeleton":11,"minecraft:chicken":3,"minecraft:pig":6,"minecraft:frog":2,"minecraft:creeper":1,"minecraft:sheep":5,"minecraft:zombie":29,"minecraft:cow":4,"minecraft:enderman":1}},"DataVersion":3953}