{"stats":{"minecraft:used":{"minecraft:beetroot":10,"minecraft:tuff_bricks":8,"minecraft:iron_shovel":231,"minecraft:ladder":6,"minecraft:oak_sign":4,"minecraft:chest":8,"minecraft:shield":26,"minecraft:stone":1,"minecraft:rotten_flesh":1,"minecraft:iron_chestplate":1,"minecraft:carrot":54,"minecraft:tuff":1,"minecraft:honey_bottle":4,"minecraft:glass":8,"minecraft:waxed_oxidized_copper":2,"minecraft:birch_sapling":13,"minecraft:quartz_block":47,"minecraft:bow":6,"minecraft:scaffolding":3,"minecraft:oak_sapling":4,"minecraft:furnace":10,"minecraft:beetroot_seeds":11,"minecraft:oak_planks":231,"minecraft:stone_pickaxe":71,"minecraft:wooden_pickaxe":15,"minecraft:diamond_axe":673,"minecraft:golden_apple":2,"minecraft:mushroom_stew":22,"minecraft:blast_furnace":6,"minecraft:lingering_potion":1,"minecraft:birch_fence":2,"minecraft:bread":10,"minecraft:chiseled_tuff_bricks":1,"minecraft:bone_meal":9,"minecraft:oak_fence":31,"minecraft:oak_trapdoor":1,"minecraft:cooked_chicken":7,"minecraft:trial_key":7,"minecraft:netherrack":29,"minecraft:oak_door":4,"minecraft:torch":94,"minecraft:dirt":40,"minecraft:anvil":1,"minecraft:birch_door":4,"minecraft:wooden_axe":1,"minecraft:iron_axe":247,"minecraft:oak_stairs":168,"minecraft:iron_boots":1,"minecraft:smooth_basalt":2,"minecraft:golden_carrot":12,"minecraft:emerald_block":1,"minecraft:cooked_beef":3,"minecraft:cobbled_deepslate":21,"minecraft:iron_leggings":1,"minecraft:calcite":3,"minecraft:wheat_seeds":44,"minecraft:cooked_mutton":2,"minecraft:amethyst_block":6,"minecraft:birch_planks":110,"minecraft:baked_potato":11,"minecraft:cauldron":1,"minecraft:fletching_table":1,"minecraft:waxed_copper_block":13,"minecraft:oak_slab":6,"minecraft:crafting_table":14,"minecraft:white_bed":2,"minecraft:cake":1,"minecraft:smoker":3,"minecraft:oak_log":101,"minecraft:wooden_hoe":28,"minecraft:diamond_pickaxe":542,"minecraft:ominous_trial_key":2,"minecraft:iron_pickaxe":22,"minecraft:stone_axe":128,"minecraft:cobblestone":107,"minecraft:potion":2,"minecraft:white_banner":1,"minecraft:cooked_porkchop":28,"minecraft:bucket":2,"minecraft:glass_pane":50,"minecraft:pumpkin_pie":1,"minecraft:dandelion":1,"minecraft:smooth_stone":197},"minecraft:picked_up":{"minecraft:birch_door":2,"minecraft:wheat":56,"minecraft:oak_stairs":11,"minecraft:potion":5,"minecraft:enchanted_book":4,"minecraft:amethyst_block":6,"minecraft:string":13,"minecraft:waxed_cut_copper_slab":1,"minecraft:iron_leggings":1,"minecraft:red_candle":3,"minecraft:oak_sign":1,"minecraft:beetroot":34,"minecraft:cobbled_deepslate":27,"minecraft:gold_nugget":34,"minecraft:smooth_stone":51,"minecraft:bucket":1,"minecraft:trial_key":11,"minecraft:calcite":3,"minecraft:iron_pickaxe":1,"minecraft:furnace":14,"minecraft:iron_boots":1,"minecraft:tipped_arrow":31,"minecraft:stick":9,"minecraft:oak_fence":3,"minecraft:torch":8,"minecraft:porkchop":11,"minecraft:pointed_dripstone":1,"minecraft:cauldron":1,"minecraft:quartz_block":6,"minecraft:rotten_flesh":100,"minecraft:honey_bottle":10,"minecraft:cobblestone":241,"minecraft:birch_log":53,"minecraft:feather":1,"minecraft:smoker":1,"minecraft:tuff":5,"minecraft:lapis_lazuli":27,"minecraft:stripped_birch_log":1,"minecraft:dirt":206,"minecraft:glass":20,"minecraft:bone":35,"minecraft:bow":3,"minecraft:wheat_seeds":220,"minecraft:raw_gold":10,"minecraft:fletching_table":1,"minecraft:oak_planks":97,"minecraft:waxed_oxidized_copper_trapdoor":1,"minecraft:sand":28,"minecraft:dispenser":2,"minecraft:diamond":1,"minecraft:waxed_oxidized_copper_grate":6,"minecraft:granite":1,"minecraft:breeze_rod":14,"minecraft:golden_apple":1,"minecraft:emerald":26,"minecraft:netherrack":30,"minecraft:ominous_trial_key":2,"minecraft:oak_leaves":1,"minecraft:lingering_potion":1,"minecraft:charcoal":8,"minecraft:crafting_table":5,"minecraft:ominous_bottle":2,"minecraft:chicken":1,"minecraft:ladder":3,"minecraft:brown_mushroom":46,"minecraft:pink_wool":1,"minecraft:music_disc_creator":1,"minecraft:shield":5,"minecraft:wind_charge":42,"minecraft:oak_trapdoor":1,"minecraft:flow_banner_pattern":1,"minecraft:iron_axe":1,"minecraft:flint_and_steel":1,"minecraft:birch_fence":2,"minecraft:beef":10,"minecraft:poppy":2,"minecraft:light_gray_wool":1,"minecraft:guster_pottery_sherd":2,"minecraft:birch_sapling":12,"minecraft:chest":4,"minecraft:waxed_oxidized_copper":2,"minecraft:egg":4,"minecraft:raw_iron":229,"minecraft:stone":1,"minecraft:oak_door":2,"minecraft:copper_ingot":4,"minecraft:bowl":1,"minecraft:fire_charge":2,"minecraft:carrot":140,"minecraft:redstone":32,"minecraft:diamond_chestplate":1,"minecraft:arrow":32,"minecraft:beetroot_seeds":41,"minecraft:hay_block":26,"minecraft:flow_armor_trim_smithing_template":1,"minecraft:gold_ingot":12,"minecraft:tuff_bricks":9,"minecraft:mutton":7,"minecraft:white_wool":4,"minecraft:golden_carrot":9,"minecraft:salmon":5,"minecraft:leather":12,"minecraft:red_mushroom":48,"minecraft:birch_planks":1,"minecraft:mushroom_stew":24,"minecraft:waxed_copper_bulb":5,"minecraft:oak_log":178,"minecraft:waxed_copper_block":13,"minecraft:gunpowder":5,"minecraft:white_banner":1,"minecraft:iron_ingot":111,"minecraft:cooked_chicken":6,"minecraft:stripped_oak_wood":1,"minecraft:glass_bottle":4,"minecraft:scaffolding":3,"minecraft:smooth_basalt":2,"minecraft:emerald_block":2,"minecraft:pumpkin":6,"minecraft:quartz":33,"minecraft:dandelion":1,"minecraft:amethyst_shard":116,"minecraft:blast_furnace":2,"minecraft:white_bed":2,"minecraft:polished_tuff":4,"minecraft:spider_eye":6,"minecraft:slime_ball":2,"minecraft:stone_axe":1,"minecraft:diamond_axe":2,"minecraft:gray_wool":1,"minecraft:oak_button":2,"minecraft:baked_potato":14,"minecraft:chiseled_tuff_bricks":1,"minecraft:coal":95},"minecraft:dropped":{"minecraft:ominous_bottle":1,"minecraft:diamond_axe":1,"minecraft:cooked_beef":5,"minecraft:glass_bottle":8,"minecraft:cooked_porkchop":3,"minecraft:leather":8,"minecraft:red_mushroom":2,"minecraft:dirt":2,"minecraft:snowball":7,"minecraft:gold_nugget":2,"minecraft:white_wool":4,"minecraft:bone":6,"minecraft:waxed_cut_copper_slab":1,"minecraft:stone_axe":2,"minecraft:cobbled_deepslate":6,"minecraft:birch_sapling":2,"minecraft:wheat":1,"minecraft:pointed_dripstone":1,"minecraft:beetroot":20,"minecraft:rotten_flesh":90,"minecraft:beetroot_seeds":30,"minecraft:iron_ingot":47,"minecraft:wheat_seeds":66,"minecraft:feather":1,"minecraft:polished_tuff":4,"minecraft:copper_ingot":4,"minecraft:mushroom_stew":48,"minecraft:stick":1,"minecraft:gray_wool":1,"minecraft:wooden_hoe":1,"minecraft:wooden_axe":1,"minecraft:cooked_salmon":5,"minecraft:iron_leggings":2,"minecraft:string":3,"minecraft:tuff_bricks":1,"minecraft:bowl":20,"minecraft:tuff":4,"minecraft:light_gray_wool":1,"minecraft:iron_boots":2,"minecraft:shield":5,"minecraft:trial_key":1,"minecraft:iron_chestplate":2,"minecraft:pink_wool":1,"minecraft:spider_eye":3,"minecraft:bow":2,"minecraft:stone_pickaxe":1,"minecraft:wooden_pickaxe":2,"minecraft:waxed_oxidized_copper_grate":3},"minecraft:killed":{"minecraft:cave_spider":3,"minecraft:spider":8,"minecraft:skeleton":18,"minecraft:chicken":3,"minecraft:silverfish":5,"minecraft:pig":8,"minecraft:salmon":5,"minecraft:creeper":2,"minecraft:sheep":6,"minecraft:pillager":2,"minecraft:zombie":43,"minecraft:stray":5,"minecraft:cow":6,"minecraft:vindicator":1,"minecraft:slime":3,"minecraft:horse":1,"minecraft:husk":15,"minecraft:frog":2,"minecraft:breeze":7,"minecraft:enderman":1},"minecraft:custom":{"minecraft:animals_bred":2,"minecraft:interact_with_crafting_table":77,"minecraft:open_barrel":4,"minecraft:bell_ring":2,"minecraft:eat_cake_slice":5,"minecraft:leave_game":2,"minecraft:time_since_death":41641,"minecraft:sprint_one_cm":1135268,"minecraft:damage_blocked_by_shield":1297,"minecraft:drop":168,"minecraft:talked_to_villager":12,"minecraft:play_time":331235,"minecraft:deaths":5,"minecraft:jump":5022,"minecraft:interact_with_brewingstand":2,"minecraft:walk_on_water_one_cm":53489,"minecraft:enchant_item":5,"minecraft:interact_with_furnace":107,"minecraft:traded_with_villager":3,"minecraft:sleep_in_bed":7,"minecraft:damage_dealt":23655,"minecraft:crouch_one_cm":20670,"minecraft:interact_with_smoker":28,"minecraft:inspect_dispenser":1,"minecraft:horse_one_cm":7173,"minecraft:mob_kills":150,"minecraft:interact_with_anvil":3,"minecraft:climb_one_cm":23173,"minecraft:walk_one_cm":690087,"minecraft:sneak_time":8770,"minecraft:walk_under_water_one_cm":36371,"minecraft:interact_with_blast_furnace":40,"minecraft:total_world_time":331235,"minecraft:interact_with_stonecutter":5,"minecraft:time_since_rest":41667,"minecraft:damage_taken":8243,"minecraft:damage_absorbed":80,"minecraft:minecart_one_cm":24581,"minecraft:swim_one_cm":30822,"minecraft:fly_one_cm":982727,"minecraft:open_chest":183,"minecraft:fall_one_cm":158662},"minecraft:mined":{"minecraft:white_bed":2,"minecraft:grass_block":69,"minecraft:chiseled_tuff_bricks":1,"minecraft:oak_wall_sign":1,"minecraft:tuff_bricks":8,"minecraft:spawner":3,"minecraft:smooth_stone":53,"minecraft:tall_seagrass":1,"minecraft:iron_ore":77,"minecraft:cobbled_deepslate":2,"minecraft:fire":1,"minecraft:pumpkin":9,"minecraft:fletching_table":1,"minecraft:pointed_dripstone":1,"minecraft:dirt_path":24,"minecraft:oak_stairs":12,"minecraft:deepslate_redstone_ore":5,"minecraft:brown_mushroom":34,"minecraft:quartz_block":6,"minecraft:smoker":1,"minecraft:amethyst_cluster":29,"minecraft:torch":3,"minecraft:blast_furnace":1,"minecraft:calcite":4,"minecraft:chest":4,"minecraft:mushroom_stem":20,"minecraft:glass":8,"minecraft:nether_quartz_ore":33,"minecraft:cobblestone":19,"minecraft:oak_planks":101,"minecraft:wall_torch":1,"minecraft:amethyst_block":7,"minecraft:cauldron":1,"minecraft:seagrass":1,"minecraft:waxed_copper_bulb":1,"minecraft:red_candle":1,"minecraft:waxed_oxidized_copper_trapdoor":1,"minecraft:light_gray_stained_glass":3,"minecraft:birch_log":53,"minecraft:wheat":57,"minecraft:stripped_oak_wood":1,"minecraft:oak_log":179,"minecraft:beetroots":14,"minecraft:waxed_oxidized_copper":2,"minecraft:dirt":116,"minecraft:smooth_basalt":2,"minecraft:red_mushroom_block":173,"minecraft:netherrack":31,"minecraft:oak_leaves":5,"minecraft:deepslate":15,"minecraft:emerald_block":1,"minecraft:nether_gold_ore":7,"minecraft:tuff":5,"minecraft:dark_oak_leaves":1,"minecraft:oak_door":2,"minecraft:stripped_birch_log":1,"minecraft:ladder":1,"minecraft:brown_mushroom_block":28,"minecraft:large_fern":4,"minecraft:hay_block":26,"minecraft:furnace":14,"minecraft:carrots":37,"minecraft:andesite":2,"minecraft:deepslate_iron_ore":43,"minecraft:vine":1,"minecraft:stone":225,"minecraft:glass_pane":2,"minecraft:crafting_table":4,"minecraft:short_grass":21,"minecraft:tall_grass":1,"minecraft:deepslate_gold_ore":6,"minecraft:birch_planks":2,"minecraft:waxed_oxidized_copper_grate":3,"minecraft:birch_leaves":8,"minecraft:coal_ore":12,"minecraft:dripstone_block":2,"minecraft:gold_ore":4,"minecraft:birch_fence":1,"minecraft:fern":2},"minecraft:killed_by":{"minecraft:husk":2,"minecraft:breeze":1},"minecraft:crafted":{"minecraft:oak_planks":408,"minecraft:smooth_stone":134,"minecraft:oak_sign":3,"minecraft:cooked_chicken":2,"minecraft:stone":83,"minecraft:cooked_mutton":10,"minecraft:quartz_block":41,"minecraft:glass":46,"minecraft:diamond_helmet":1,"minecraft:bow":1,"minecraft:iron_boots":2,"minecraft:chest":4,"minecraft:oak_fence":3,"minecraft:smoker":2,"minecraft:arrow":32,"minecraft:emerald":1,"minecraft:cooked_porkchop":13,"minecraft:diamond_axe":1,"minecraft:crafting_table":8,"minecraft:iron_helmet":1,"minecraft:wooden_pickaxe":2,"minecraft:birch_planks":260,"minecraft:wooden_hoe":1,"minecraft:iron_chestplate":2,"minecraft:diamond_pickaxe":1,"minecraft:shield":1,"minecraft:stick":60,"minecraft:iron_ingot":138,"minecraft:iron_pickaxe":1,"minecraft:iron_block":3,"minecraft:gold_ingot":58,"minecraft:golden_carrot":8,"minecraft:furnace":2,"minecraft:blast_furnace":4,"minecraft:mushroom_stew":46,"minecraft:bone_meal":8,"minecraft:glass_pane":64,"minecraft:flint_and_steel":1,"minecraft:iron_axe":1,"minecraft:ladder":3,"minecraft:stone_pickaxe":2,"minecraft:wheat":234,"minecraft:cooked_beef":10,"minecraft:bowl":52,"minecraft:cooked_salmon":5,"minecraft:stone_axe":3,"minecraft:bread":84,"minecraft:gold_nugget":63,"minecraft:wooden_axe":1,"minecraft:oak_stairs":192,"minecraft:iron_shovel":1,"minecraft:iron_leggings":2,"minecraft:anvil":1,"minecraft:pumpkin_pie":1,"minecraft:torch":84},"minecraft:broken":{"minecraft:stone_axe":1,"minecraft:iron_axe":1}},"DataVersion":3953}