{"stats":{"minecraft:custom":{"minecraft:interact_with_crafting_table":217,"minecraft:open_barrel":3,"minecraft:bell_ring":5,"minecraft:leave_game":13,"minecraft:time_since_death":286368,"minecraft:sprint_one_cm":3480683,"minecraft:damage_blocked_by_shield":2504,"minecraft:drop":167,"minecraft:play_noteblock":4,"minecraft:talked_to_villager":4,"minecraft:play_time":1215453,"minecraft:deaths":19,"minecraft:jump":23334,"minecraft:interact_with_brewingstand":14,"minecraft:walk_on_water_one_cm":98105,"minecraft:enchant_item":1,"minecraft:interact_with_furnace":503,"minecraft:sleep_in_bed":7,"minecraft:damage_dealt":94431,"minecraft:player_kills":3,"minecraft:crouch_one_cm":342679,"minecraft:interact_with_smoker":1,"minecraft:horse_one_cm":1297,"minecraft:interact_with_smithing_table":7,"minecraft:mob_kills":541,"minecraft:inspect_hopper":2,"minecraft:climb_one_cm":15601,"minecraft:walk_one_cm":2147061,"minecraft:sneak_time":94888,"minecraft:walk_under_water_one_cm":38830,"minecraft:total_world_time":1215453,"minecraft:raid_trigger":1,"minecraft:interact_with_stonecutter":10,"minecraft:time_since_rest":63530,"minecraft:damage_taken":13577,"minecraft:minecart_one_cm":34475,"minecraft:swim_one_cm":102379,"minecraft:fly_one_cm":5178742,"minecraft:open_chest":669,"minecraft:fall_one_cm":524190},"minecraft:used":{"minecraft:beetroot":15,"minecraft:tuff_bricks":3,"minecraft:iron_shovel":1380,"minecraft:chest":71,"minecraft:shield":75,"minecraft:iron_sword":511,"minecraft:carrot":198,"minecraft:tuff":3,"minecraft:obsidian":46,"minecraft:glass":385,"minecraft:lava_bucket":16,"minecraft:repeater":10,"minecraft:bow":10,"minecraft:ominous_bottle":1,"minecraft:furnace":10,"minecraft:golden_boots":1,"minecraft:stone_pickaxe":52,"minecraft:oak_planks":1294,"minecraft:blackstone":6,"minecraft:ender_pearl":4,"minecraft:wooden_pickaxe":17,"minecraft:redstone_block":1,"minecraft:diamond_axe":348,"minecraft:oak_leaves":124,"minecraft:mushroom_stew":10,"minecraft:note_block":1,"minecraft:shears":257,"minecraft:lightning_rod":1,"minecraft:sticky_piston":3,"minecraft:lever":2,"minecraft:mace":1,"minecraft:bread":75,"minecraft:birch_slab":3,"minecraft:gravel":11,"minecraft:diamond_sword":1161,"minecraft:smooth_stone_slab":107,"minecraft:oak_boat":4,"minecraft:bone_meal":20,"minecraft:oak_fence":3,"minecraft:oak_trapdoor":45,"minecraft:enchanting_table":2,"minecraft:stone_sword":11,"minecraft:flint_and_steel":2,"minecraft:stone_shovel":1891,"minecraft:redstone":7,"minecraft:wooden_shovel":60,"minecraft:cooked_salmon":2,"minecraft:cooked_chicken":13,"minecraft:netherrack":389,"minecraft:trial_key":3,"minecraft:torch":95,"minecraft:brewing_stand":1,"minecraft:dirt":4454,"minecraft:white_carpet":1,"minecraft:hopper":31,"minecraft:birch_door":2,"minecraft:wooden_axe":59,"minecraft:bookshelf":5,"minecraft:iron_axe":832,"minecraft:oak_stairs":20,"minecraft:slime_block":2,"minecraft:basalt":145,"minecraft:golden_carrot":19,"minecraft:cooked_beef":20,"minecraft:cobbled_deepslate":70,"minecraft:observer":15,"minecraft:cooked_mutton":20,"minecraft:water_bucket":116,"minecraft:cobblestone_stairs":25,"minecraft:birch_planks":2,"minecraft:glass_bottle":3,"minecraft:baked_potato":24,"minecraft:stonecutter":1,"minecraft:cobblestone_slab":1,"minecraft:waxed_copper_block":10,"minecraft:oak_slab":15,"minecraft:tnt":1,"minecraft:crafting_table":15,"minecraft:white_bed":4,"minecraft:oak_log":207,"minecraft:piston":14,"minecraft:diamond_pickaxe":2301,"minecraft:apple":1,"minecraft:diamond_shovel":1040,"minecraft:ominous_trial_key":2,"minecraft:wind_charge":1,"minecraft:iron_pickaxe":250,"minecraft:stone_axe":587,"minecraft:cobblestone":146,"minecraft:cooked_porkchop":11,"minecraft:bucket":149,"minecraft:smooth_stone":250,"minecraft:birch_stairs":2},"minecraft:broken":{"minecraft:iron_shovel":5,"minecraft:golden_boots":1,"minecraft:wooden_shovel":1,"minecraft:stone_axe":4,"minecraft:iron_sword":1,"minecraft:wooden_axe":1,"minecraft:stone_shovel":14,"minecraft:diamond_leggings":1,"minecraft:iron_axe":2,"minecraft:iron_pickaxe":1,"minecraft:iron_helmet":1},"minecraft:dropped":{"minecraft:guster_pottery_sherd":1,"minecraft:iron_sword":1,"minecraft:birch_planks":27,"minecraft:short_grass":4,"minecraft:diamond_axe":1,"minecraft:lapis_lazuli":16,"minecraft:cooked_beef":3,"minecraft:oak_log":146,"minecraft:baked_potato":13,"minecraft:ender_pearl":3,"minecraft:diamond":9,"minecraft:dirt":4,"minecraft:birch_fence":1,"minecraft:sand":1,"minecraft:iron_pickaxe":2,"minecraft:gold_ingot":4,"minecraft:gravel":1,"minecraft:waxed_cut_copper_slab":2,"minecraft:sugar_cane":3,"minecraft:stone_axe":3,"minecraft:golden_chestplate":1,"minecraft:cobbled_deepslate":186,"minecraft:birch_sapling":5,"minecraft:obsidian":10,"minecraft:beetroot":20,"minecraft:rotten_flesh":1,"minecraft:oak_planks":90,"minecraft:carrot":7,"minecraft:wind_charge":1,"minecraft:gunpowder":2,"minecraft:beetroot_seeds":30,"minecraft:breeze_rod":1,"minecraft:glass":20,"minecraft:quartz":61,"minecraft:oak_leaves":1,"minecraft:netherrack":109,"minecraft:iron_ingot":13,"minecraft:water_bucket":1,"minecraft:oak_slab":1,"minecraft:wheat_seeds":38,"minecraft:golden_helmet":1,"minecraft:feather":1,"minecraft:oak_fence":8,"minecraft:cobblestone":4,"minecraft:polished_tuff":2,"minecraft:waxed_copper_grate":1,"minecraft:ominous_trial_key":4,"minecraft:coal":6,"minecraft:stick":2,"minecraft:rose_bush":1,"minecraft:diamond_helmet":1,"minecraft:oak_stairs":4,"minecraft:string":9,"minecraft:dandelion":12,"minecraft:tuff_bricks":2,"minecraft:soul_soil":1,"minecraft:stone_sword":1,"minecraft:tuff":3,"minecraft:bowl":4,"minecraft:guster_banner_pattern":1,"minecraft:composter":1,"minecraft:stone_shovel":1,"minecraft:raw_iron":15,"minecraft:iron_boots":1,"minecraft:white_terracotta":1,"minecraft:cobblestone_slab":12,"minecraft:shield":3,"minecraft:stone":9,"minecraft:trial_key":13,"minecraft:oak_sapling":6,"minecraft:bow":2,"minecraft:wooden_pickaxe":1,"minecraft:raw_gold":1},"minecraft:mined":{"minecraft:waxed_cut_copper_slab":1,"minecraft:white_bed":7,"minecraft:farmland":5,"minecraft:cobblestone_stairs":25,"minecraft:obsidian":83,"minecraft:granite":5,"minecraft:grass_block":1713,"minecraft:soul_soil":1,"minecraft:chiseled_tuff_bricks":2,"minecraft:composter":1,"minecraft:hopper":8,"minecraft:oxeye_daisy":1,"minecraft:tuff_bricks":5,"minecraft:smooth_stone":116,"minecraft:tall_seagrass":2,"minecraft:cobbled_deepslate":94,"minecraft:iron_ore":139,"minecraft:sticky_piston":1,"minecraft:fire":7,"minecraft:polished_tuff":1,"minecraft:deepslate_lapis_ore":6,"minecraft:fletching_table":1,"minecraft:azure_bluet":1,"minecraft:enchanting_table":1,"minecraft:pointed_dripstone":1,"minecraft:dirt_path":186,"minecraft:oak_stairs":11,"minecraft:tripwire":2,"minecraft:piston_head":2,"minecraft:deepslate_redstone_ore":17,"minecraft:brown_mushroom":1,"minecraft:blackstone":9,"minecraft:soul_fire":1,"minecraft:amethyst_cluster":1,"minecraft:clay":1,"minecraft:torch":6,"minecraft:note_block":1,"minecraft:poppy":1,"minecraft:chest":13,"minecraft:nether_quartz_ore":69,"minecraft:glass":71,"minecraft:cobblestone":166,"minecraft:slime_block":2,"minecraft:sugar_cane":8,"minecraft:oak_planks":404,"minecraft:wall_torch":9,"minecraft:amethyst_block":3,"minecraft:deepslate_copper_ore":1,"minecraft:seagrass":3,"minecraft:white_terracotta":1,"minecraft:warped_nylium":9,"minecraft:repeater":4,"minecraft:yellow_wool":9,"minecraft:birch_log":32,"minecraft:wheat":8,"minecraft:waxed_copper_block":16,"minecraft:stripped_oak_wood":2,"minecraft:birch_door":3,"minecraft:warped_fungus":1,"minecraft:smooth_stone_slab":30,"minecraft:oak_log":838,"minecraft:sand":548,"minecraft:dirt":1523,"minecraft:ancient_debris":1,"minecraft:netherrack":520,"minecraft:piston":2,"minecraft:oak_leaves":351,"minecraft:deepslate":216,"minecraft:nether_gold_ore":11,"minecraft:tuff":3,"minecraft:deepslate_diamond_ore":6,"minecraft:lever":1,"minecraft:nether_bricks":1,"minecraft:decorated_pot":9,"minecraft:crimson_roots":1,"minecraft:redstone_wire":2,"minecraft:birch_slab":92,"minecraft:red_mushroom":1,"minecraft:large_fern":4,"minecraft:redstone_ore":1,"minecraft:oak_trapdoor":22,"minecraft:furnace":9,"minecraft:carrots":94,"minecraft:waxed_copper_grate":2,"minecraft:nether_sprouts":1,"minecraft:andesite":2,"minecraft:cobblestone_slab":5,"minecraft:shroomlight":1,"minecraft:deepslate_iron_ore":27,"minecraft:rail":1,"minecraft:warped_stem":1,"minecraft:waxed_weathered_copper_bulb":1,"minecraft:stone":598,"minecraft:white_wool":9,"minecraft:oak_slab":21,"minecraft:birch_stairs":2,"minecraft:scaffolding":1,"minecraft:redstone_block":1,"minecraft:glass_pane":1,"minecraft:basalt":159,"minecraft:observer":15,"minecraft:dandelion":16,"minecraft:oak_fence":55,"minecraft:crafting_table":9,"minecraft:cornflower":1,"minecraft:short_grass":624,"minecraft:warped_roots":6,"minecraft:rose_bush":1,"minecraft:tall_grass":52,"minecraft:deepslate_gold_ore":7,"minecraft:lapis_ore":4,"minecraft:diorite":2,"minecraft:warped_wart_block":7,"minecraft:birch_planks":156,"minecraft:birch_leaves":39,"minecraft:white_wall_banner":1,"minecraft:yellow_bed":3,"minecraft:coal_ore":63,"minecraft:dripstone_block":1,"minecraft:gravel":14,"minecraft:gold_ore":17,"minecraft:birch_fence":15},"minecraft:killed_by":{"minecraft:magma_cube":1,"minecraft:silverfish":1,"minecraft:cave_spider":1,"minecraft:zombie":1,"minecraft:husk":4,"minecraft:player":1,"minecraft:stray":3,"minecraft:spider":1,"minecraft:skeleton":2,"minecraft:breeze":1},"minecraft:crafted":{"minecraft:oak_planks":2484,"minecraft:smooth_stone":287,"minecraft:cobblestone_slab":6,"minecraft:blaze_powder":28,"minecraft:cooked_chicken":2,"minecraft:lightning_rod":1,"minecraft:birch_slab":18,"minecraft:slime_block":2,"minecraft:stone":320,"minecraft:cobblestone_stairs":24,"minecraft:lever":2,"minecraft:bookshelf":5,"minecraft:cooked_mutton":10,"minecraft:glass":333,"minecraft:hopper":24,"minecraft:repeater":7,"minecraft:diamond_helmet":1,"minecraft:diamond_leggings":1,"minecraft:iron_boots":1,"minecraft:chest":81,"minecraft:golden_boots":1,"minecraft:glass_bottle":3,"minecraft:oak_slab":18,"minecraft:deepslate":1,"minecraft:wooden_shovel":1,"minecraft:cooked_porkchop":6,"minecraft:crafting_table":7,"minecraft:wooden_pickaxe":1,"minecraft:baked_potato":5,"minecraft:iron_helmet":2,"minecraft:copper_ingot":9,"minecraft:sticky_piston":2,"minecraft:birch_planks":80,"minecraft:brewing_stand":1,"minecraft:tnt":1,"minecraft:charcoal":3,"minecraft:iron_chestplate":1,"minecraft:book":16,"minecraft:paper":48,"minecraft:diamond_pickaxe":1,"minecraft:shield":2,"minecraft:stick":96,"minecraft:iron_ingot":216,"minecraft:iron_pickaxe":2,"minecraft:stone_sword":1,"minecraft:gold_ingot":4,"minecraft:redstone_torch":14,"minecraft:shears":2,"minecraft:stone_shovel":14,"minecraft:smooth_stone_slab":80,"minecraft:furnace":4,"minecraft:piston":15,"minecraft:bone_meal":39,"minecraft:white_carpet":3,"minecraft:oak_trapdoor":50,"minecraft:flint_and_steel":1,"minecraft:iron_axe":2,"minecraft:stone_pickaxe":1,"minecraft:diamond_boots":1,"minecraft:redstone_block":1,"minecraft:netherite_scrap":1,"minecraft:observer":6,"minecraft:cooked_beef":14,"minecraft:diamond_sword":1,"minecraft:enchanting_table":1,"minecraft:dried_kelp":64,"minecraft:iron_sword":2,"minecraft:bucket":20,"minecraft:stone_axe":4,"minecraft:air":0,"minecraft:oak_boat":2,"minecraft:golden_apple":1,"minecraft:fermented_spider_eye":1,"minecraft:wooden_axe":2,"minecraft:oak_stairs":24,"minecraft:iron_shovel":7,"minecraft:iron_leggings":1,"minecraft:stonecutter":1,"minecraft:white_bed":1,"minecraft:note_block":1,"minecraft:torch":12,"minecraft:diamond_chestplate":1},"minecraft:picked_up":{"minecraft:birch_door":5,"minecraft:iron_chestplate":1,"minecraft:wheat":2,"minecraft:redstone_block":1,"minecraft:yellow_wool":8,"minecraft:diamond_sword":1,"minecraft:oak_stairs":11,"minecraft:potion":5,"minecraft:birch_button":18,"minecraft:amethyst_block":3,"minecraft:raw_copper":15,"minecraft:string":74,"minecraft:waxed_cut_copper_slab":2,"minecraft:soul_soil":1,"minecraft:cooked_salmon":2,"minecraft:smooth_stone_slab":30,"minecraft:sticky_piston":3,"minecraft:shroomlight":1,"minecraft:beetroot":40,"minecraft:smooth_stone":118,"minecraft:gold_nugget":54,"minecraft:cobbled_deepslate":325,"minecraft:trial_key":16,"minecraft:rose_bush":1,"minecraft:cobblestone_slab":25,"minecraft:calcite":3,"minecraft:netherite_upgrade_smithing_template":2,"minecraft:iron_pickaxe":1,"minecraft:enchanted_golden_apple":1,"minecraft:furnace":10,"minecraft:tipped_arrow":29,"minecraft:golden_helmet":1,"minecraft:stick":22,"minecraft:composter":1,"minecraft:oak_fence":50,"minecraft:torch":98,"minecraft:porkchop":13,"minecraft:waxed_weathered_copper_bulb":1,"minecraft:pointed_dripstone":21,"minecraft:waxed_copper_grate":2,"minecraft:diorite":1,"minecraft:golden_chestplate":2,"minecraft:stone_sword":1,"minecraft:rotten_flesh":199,"minecraft:glowstone":33,"minecraft:white_terracotta":1,"minecraft:blaze_rod":19,"minecraft:obsidian":93,"minecraft:snowball":7,"minecraft:blaze_powder":56,"minecraft:cobblestone":897,"minecraft:birch_log":48,"minecraft:enchanting_table":1,"minecraft:feather":3,"minecraft:cooked_beef":7,"minecraft:repeater":10,"minecraft:water_bucket":5,"minecraft:birch_slab":91,"minecraft:andesite":2,"minecraft:potato":1,"minecraft:flint":11,"minecraft:tuff":12,"minecraft:dirt":4400,"minecraft:lapis_lazuli":69,"minecraft:glass":95,"minecraft:bone":81,"minecraft:bow":5,"minecraft:wheat_seeds":118,"minecraft:raw_gold":27,"minecraft:bell":1,"minecraft:guster_banner_pattern":1,"minecraft:diamond_helmet":1,"minecraft:fletching_table":1,"minecraft:scrape_pottery_sherd":1,"minecraft:oak_planks":425,"minecraft:cooked_porkchop":5,"minecraft:warped_wart_block":19,"minecraft:sand":549,"minecraft:barrel":1,"minecraft:sugar":2,"minecraft:diamond":111,"minecraft:slime_block":2,"minecraft:lever":1,"minecraft:waxed_oxidized_copper_grate":1,"minecraft:breeze_rod":30,"minecraft:crossbow":1,"minecraft:granite":5,"minecraft:emerald":47,"minecraft:bread":12,"minecraft:oak_sapling":31,"minecraft:netherrack":565,"minecraft:ominous_trial_key":6,"minecraft:oak_leaves":196,"minecraft:crimson_roots":3,"minecraft:diamond_pickaxe":2,"minecraft:crafting_table":8,"minecraft:azure_bluet":3,"minecraft:ominous_bottle":1,"minecraft:chicken":3,"minecraft:clay_ball":4,"minecraft:chest_minecart":2,"minecraft:brown_mushroom":1,"minecraft:chain":3,"minecraft:brick":77,"minecraft:shield":6,"minecraft:oak_trapdoor":22,"minecraft:flow_banner_pattern":1,"minecraft:iron_axe":3,"minecraft:white_carpet":1,"minecraft:birch_fence":15,"minecraft:blackstone":15,"minecraft:beef":7,"minecraft:oak_boat":3,"minecraft:observer":15,"minecraft:poppy":1,"minecraft:guster_pottery_sherd":1,"minecraft:sugar_cane":21,"minecraft:chest":12,"minecraft:birch_sapling":9,"minecraft:piston":1,"minecraft:phantom_membrane":19,"minecraft:raw_iron":209,"minecraft:stone":9,"minecraft:bamboo_hanging_sign":4,"minecraft:bowl":1,"minecraft:note_block":1,"minecraft:flow_pottery_sherd":1,"minecraft:mace":1,"minecraft:carrot":352,"minecraft:redstone":108,"minecraft:arrow":100,"minecraft:beetroot_seeds":34,"minecraft:diamond_boots":1,"minecraft:tuff_bricks":6,"minecraft:mutton":18,"minecraft:rail":74,"minecraft:white_wool":39,"minecraft:oxeye_daisy":1,"minecraft:birch_leaves":28,"minecraft:basalt":153,"minecraft:golden_carrot":19,"minecraft:leather":16,"minecraft:birch_planks":137,"minecraft:mushroom_stew":11,"minecraft:crimson_fungus":3,"minecraft:oak_log":1080,"minecraft:waxed_copper_block":14,"minecraft:ancient_debris":1,"minecraft:golden_boots":2,"minecraft:yellow_bed":2,"minecraft:gunpowder":37,"minecraft:cobblestone_stairs":25,"minecraft:white_banner":1,"minecraft:cooked_mutton":7,"minecraft:apple":5,"minecraft:warped_stem":1,"minecraft:stone_pickaxe":1,"minecraft:iron_ingot":88,"minecraft:cooked_chicken":11,"minecraft:stripped_oak_wood":1,"minecraft:glass_bottle":2,"minecraft:iron_sword":1,"minecraft:book":1,"minecraft:oak_slab":22,"minecraft:warped_fungus":1,"minecraft:emerald_block":1,"minecraft:quartz":89,"minecraft:waxed_exposed_copper_bulb":1,"minecraft:dandelion":36,"minecraft:dripstone_block":7,"minecraft:gravel":12,"minecraft:birch_stairs":4,"minecraft:amethyst_shard":4,"minecraft:white_bed":4,"minecraft:spider_eye":10,"minecraft:polished_tuff":2,"minecraft:slime_ball":12,"minecraft:stone_axe":3,"minecraft:short_grass":4,"minecraft:iron_helmet":2,"minecraft:diamond_axe":2,"minecraft:warped_roots":18,"minecraft:baked_potato":32,"minecraft:warped_nylium":3,"minecraft:coal":137,"minecraft:chiseled_tuff_bricks":3,"minecraft:hopper":8,"minecraft:ender_pearl":12},"minecraft:killed":{"minecraft:cave_spider":15,"minecraft:zombified_piglin":2,"minecraft:witch":2,"minecraft:spider":28,"minecraft:skeleton":59,"minecraft:chicken":3,"minecraft:silverfish":18,"minecraft:skeleton_horse":1,"minecraft:magma_cube":7,"minecraft:piglin":2,"minecraft:pig":6,"minecraft:creeper":40,"minecraft:sheep":10,"minecraft:pillager":3,"minecraft:zombie":135,"minecraft:stray":26,"minecraft:blaze":38,"minecraft:cow":8,"minecraft:slime":15,"minecraft:phantom":35,"minecraft:drowned":6,"minecraft:husk":35,"minecraft:bat":1,"minecraft:breeze":24,"minecraft:enderman":10}},"DataVersion":3953}