{"stats":{"minecraft:broken":{"minecraft:iron_shovel":4,"minecraft:wooden_shovel":1,"minecraft:stone_axe":4,"minecraft:iron_pickaxe":1,"minecraft:wooden_axe":1,"minecraft:stone_shovel":13},"minecraft:mined":{"minecraft:tuff":3,"minecraft:white_bed":6,"minecraft:farmland":5,"minecraft:deepslate_diamond_ore":6,"minecraft:obsidian":32,"minecraft:granite":2,"minecraft:grass_block":943,"minecraft:soul_soil":1,"minecraft:birch_slab":3,"minecraft:composter":1,"minecraft:oxeye_daisy":1,"minecraft:large_fern":4,"minecraft:smooth_stone":83,"minecraft:tall_seagrass":2,"minecraft:oak_trapdoor":15,"minecraft:carrots":13,"minecraft:furnace":7,"minecraft:iron_ore":36,"minecraft:cobbled_deepslate":26,"minecraft:deepslate_lapis_ore":2,"minecraft:fletching_table":1,"minecraft:azure_bluet":1,"minecraft:enchanting_table":1,"minecraft:cobblestone_slab":2,"minecraft:pointed_dripstone":1,"minecraft:dirt_path":186,"minecraft:deepslate_iron_ore":18,"minecraft:rail":1,"minecraft:oak_stairs":7,"minecraft:stone":124,"minecraft:white_wool":9,"minecraft:tripwire":2,"minecraft:deepslate_redstone_ore":6,"minecraft:birch_stairs":2,"minecraft:oak_slab":20,"minecraft:soul_fire":1,"minecraft:dandelion":14,"minecraft:oak_fence":47,"minecraft:cornflower":1,"minecraft:crafting_table":7,"minecraft:torch":4,"minecraft:short_grass":225,"minecraft:poppy":1,"minecraft:chest":4,"minecraft:rose_bush":1,"minecraft:tall_grass":13,"minecraft:cobblestone":9,"minecraft:deepslate_gold_ore":7,"minecraft:oak_planks":74,"minecraft:sugar_cane":5,"minecraft:diorite":1,"minecraft:wall_torch":7,"minecraft:warped_wart_block":1,"minecraft:seagrass":1,"minecraft:birch_planks":140,"minecraft:yellow_wool":9,"minecraft:birch_log":32,"minecraft:wheat":8,"minecraft:birch_leaves":39,"minecraft:stripped_oak_wood":2,"minecraft:birch_door":2,"minecraft:yellow_bed":3,"minecraft:smooth_stone_slab":30,"minecraft:coal_ore":27,"minecraft:oak_log":229,"minecraft:gravel":14,"minecraft:dirt":1342,"minecraft:sand":40,"minecraft:netherrack":6,"minecraft:gold_ore":5,"minecraft:deepslate":4,"minecraft:oak_leaves":192,"minecraft:birch_fence":14},"minecraft:custom":{"minecraft:mob_kills":135,"minecraft:interact_with_crafting_table":99,"minecraft:bell_ring":5,"minecraft:leave_game":1,"minecraft:time_since_death":384234,"minecraft:climb_one_cm":6640,"minecraft:sprint_one_cm":1257249,"minecraft:walk_one_cm":837129,"minecraft:damage_blocked_by_shield":794,"minecraft:drop":48,"minecraft:talked_to_villager":4,"minecraft:play_time":384234,"minecraft:sneak_time":29804,"minecraft:walk_under_water_one_cm":23290,"minecraft:jump":7962,"minecraft:walk_on_water_one_cm":28535,"minecraft:enchant_item":1,"minecraft:total_world_time":384234,"minecraft:interact_with_furnace":157,"minecraft:interact_with_stonecutter":7,"minecraft:sleep_in_bed":4,"minecraft:time_since_rest":103835,"minecraft:damage_taken":2001,"minecraft:damage_dealt":21165,"minecraft:swim_one_cm":31649,"minecraft:fly_one_cm":1744157,"minecraft:open_chest":124,"minecraft:crouch_one_cm":110752,"minecraft:fall_one_cm":197290},"minecraft:used":{"minecraft:oak_trapdoor":26,"minecraft:stone_sword":11,"minecraft:enchanting_table":2,"minecraft:iron_shovel":1087,"minecraft:flint_and_steel":2,"minecraft:stone_shovel":1753,"minecraft:chest":6,"minecraft:shield":24,"minecraft:iron_sword":364,"minecraft:wooden_shovel":60,"minecraft:cooked_chicken":8,"minecraft:torch":17,"minecraft:dirt":3796,"minecraft:tuff":3,"minecraft:obsidian":21,"minecraft:birch_door":2,"minecraft:glass":58,"minecraft:wooden_axe":59,"minecraft:bookshelf":4,"minecraft:oak_stairs":16,"minecraft:furnace":8,"minecraft:cooked_beef":9,"minecraft:cobbled_deepslate":2,"minecraft:cooked_mutton":18,"minecraft:water_bucket":35,"minecraft:birch_planks":2,"minecraft:oak_planks":380,"minecraft:stone_pickaxe":52,"minecraft:wooden_pickaxe":17,"minecraft:stonecutter":1,"minecraft:oak_leaves":103,"minecraft:oak_slab":14,"minecraft:crafting_table":9,"minecraft:mushroom_stew":10,"minecraft:white_bed":3,"minecraft:shears":203,"minecraft:oak_log":123,"minecraft:diamond_pickaxe":135,"minecraft:apple":1,"minecraft:iron_pickaxe":250,"minecraft:birch_slab":3,"minecraft:bread":21,"minecraft:gravel":11,"minecraft:stone_axe":587,"minecraft:cobblestone":18,"minecraft:cooked_porkchop":8,"minecraft:bucket":34,"minecraft:smooth_stone_slab":54,"minecraft:bone_meal":20,"minecraft:smooth_stone":109,"minecraft:birch_stairs":2},"minecraft:crafted":{"minecraft:smooth_stone":65,"minecraft:oak_planks":568,"minecraft:stone_shovel":14,"minecraft:smooth_stone_slab":26,"minecraft:cooked_chicken":1,"minecraft:birch_slab":18,"minecraft:furnace":2,"minecraft:stone":77,"minecraft:bone_meal":39,"minecraft:bookshelf":4,"minecraft:cooked_mutton":8,"minecraft:oak_trapdoor":28,"minecraft:flint_and_steel":1,"minecraft:glass":16,"minecraft:iron_boots":1,"minecraft:stone_pickaxe":1,"minecraft:chest":2,"minecraft:cooked_beef":8,"minecraft:oak_slab":6,"minecraft:wooden_shovel":1,"minecraft:cooked_porkchop":3,"minecraft:crafting_table":3,"minecraft:enchanting_table":1,"minecraft:wooden_pickaxe":1,"minecraft:iron_helmet":1,"minecraft:iron_sword":2,"minecraft:bucket":1,"minecraft:birch_planks":80,"minecraft:stone_axe":4,"minecraft:air":0,"minecraft:iron_chestplate":1,"minecraft:book":13,"minecraft:paper":39,"minecraft:diamond_pickaxe":1,"minecraft:shield":1,"minecraft:stick":68,"minecraft:iron_ingot":34,"minecraft:iron_pickaxe":1,"minecraft:wooden_axe":2,"minecraft:oak_stairs":16,"minecraft:stone_sword":1,"minecraft:iron_shovel":5,"minecraft:iron_leggings":1,"minecraft:stonecutter":1,"minecraft:white_bed":1,"minecraft:torch":8,"minecraft:shears":1},"minecraft:dropped":{"minecraft:water_bucket":1,"minecraft:short_grass":4,"minecraft:birch_planks":26,"minecraft:wheat_seeds":33,"minecraft:lapis_lazuli":16,"minecraft:cooked_beef":1,"minecraft:cobblestone":4,"minecraft:coal":6,"minecraft:stick":2,"minecraft:rose_bush":1,"minecraft:string":6,"minecraft:dandelion":12,"minecraft:gravel":1,"minecraft:sugar_cane":3,"minecraft:soul_soil":1,"minecraft:cobbled_deepslate":11,"minecraft:bowl":4,"minecraft:tuff":3,"minecraft:birch_sapling":5,"minecraft:stone_shovel":1,"minecraft:obsidian":10,"minecraft:composter":1,"minecraft:raw_iron":15,"minecraft:cobblestone_slab":10,"minecraft:stone":9,"minecraft:gunpowder":1,"minecraft:oak_sapling":2,"minecraft:glass":20,"minecraft:wooden_pickaxe":1,"minecraft:oak_leaves":1},"minecraft:picked_up":{"minecraft:iron_chestplate":1,"minecraft:birch_door":4,"minecraft:crafting_table":6,"minecraft:wheat":1,"minecraft:azure_bluet":3,"minecraft:chicken":2,"minecraft:chest_minecart":2,"minecraft:yellow_wool":8,"minecraft:oak_stairs":7,"minecraft:birch_button":18,"minecraft:chain":3,"minecraft:oak_trapdoor":15,"minecraft:string":38,"minecraft:soul_soil":1,"minecraft:raw_copper":12,"minecraft:smooth_stone_slab":30,"minecraft:birch_fence":14,"minecraft:smooth_stone":83,"minecraft:cobbled_deepslate":13,"minecraft:beef":7,"minecraft:rose_bush":1,"minecraft:cobblestone_slab":22,"minecraft:poppy":1,"minecraft:sugar_cane":3,"minecraft:chest":4,"minecraft:birch_sapling":8,"minecraft:phantom_membrane":3,"minecraft:furnace":8,"minecraft:tipped_arrow":1,"minecraft:raw_iron":53,"minecraft:stone":9,"minecraft:composter":1,"minecraft:oak_fence":41,"minecraft:torch":19,"minecraft:bowl":1,"minecraft:porkchop":3,"minecraft:pointed_dripstone":21,"minecraft:carrot":19,"minecraft:redstone":42,"minecraft:stone_sword":1,"minecraft:arrow":28,"minecraft:rotten_flesh":46,"minecraft:beetroot_seeds":4,"minecraft:glowstone":33,"minecraft:obsidian":42,"minecraft:mutton":14,"minecraft:rail":74,"minecraft:white_wool":18,"minecraft:cobblestone":254,"minecraft:oxeye_daisy":1,"minecraft:birch_log":48,"minecraft:enchanting_table":1,"minecraft:birch_leaves":28,"minecraft:feather":2,"minecraft:birch_slab":3,"minecraft:water_bucket":2,"minecraft:leather":13,"minecraft:potato":1,"minecraft:birch_planks":119,"minecraft:mushroom_stew":11,"minecraft:flint":11,"minecraft:tuff":6,"minecraft:oak_log":268,"minecraft:yellow_bed":1,"minecraft:gunpowder":8,"minecraft:lapis_lazuli":12,"minecraft:dirt":3334,"minecraft:cooked_mutton":7,"minecraft:glass":95,"minecraft:bone":29,"minecraft:apple":1,"minecraft:wheat_seeds":61,"minecraft:raw_gold":12,"minecraft:bell":1,"minecraft:iron_ingot":14,"minecraft:cooked_chicken":7,"minecraft:stripped_oak_wood":1,"minecraft:fletching_table":1,"minecraft:glass_bottle":2,"minecraft:oak_planks":68,"minecraft:oak_slab":20,"minecraft:cooked_porkchop":5,"minecraft:warped_wart_block":1,"minecraft:dandelion":23,"minecraft:dripstone_block":6,"minecraft:gravel":12,"minecraft:birch_stairs":4,"minecraft:sand":40,"minecraft:white_bed":3,"minecraft:spider_eye":2,"minecraft:sugar":2,"minecraft:diamond":6,"minecraft:stone_axe":2,"minecraft:short_grass":4,"minecraft:granite":2,"minecraft:netherrack":6,"minecraft:oak_sapling":8,"minecraft:coal":85,"minecraft:oak_leaves":138,"minecraft:ender_pearl":1},"minecraft:killed":{"minecraft:witch":1,"minecraft:spider":8,"minecraft:slime":8,"minecraft:phantom":5,"minecraft:skeleton":25,"minecraft:chicken":1,"minecraft:drowned":1,"minecraft:pig":2,"minecraft:bat":1,"minecraft:creeper":18,"minecraft:sheep":9,"minecraft:zombie":38,"minecraft:enderman":2,"minecraft:cow":8}},"DataVersion":3953}