{"stats":{"minecraft:crafted":{"minecraft:smooth_stone":65,"minecraft:oak_planks":148,"minecraft:stone_shovel":12,"minecraft:smooth_stone_slab":26,"minecraft:cooked_chicken":1,"minecraft:birch_slab":18,"minecraft:furnace":1,"minecraft:stone":77,"minecraft:cooked_mutton":8,"minecraft:oak_trapdoor":26,"minecraft:flint_and_steel":1,"minecraft:iron_boots":1,"minecraft:stone_pickaxe":1,"minecraft:chest":2,"minecraft:cooked_beef":8,"minecraft:oak_slab":6,"minecraft:wooden_shovel":1,"minecraft:cooked_porkchop":3,"minecraft:crafting_table":2,"minecraft:iron_helmet":1,"minecraft:wooden_pickaxe":1,"minecraft:iron_sword":2,"minecraft:bucket":1,"minecraft:birch_planks":80,"minecraft:stone_axe":2,"minecraft:air":0,"minecraft:iron_chestplate":1,"minecraft:diamond_pickaxe":1,"minecraft:shield":1,"minecraft:stick":56,"minecraft:iron_ingot":34,"minecraft:oak_stairs":12,"minecraft:iron_pickaxe":1,"minecraft:wooden_axe":1,"minecraft:stone_sword":1,"minecraft:iron_shovel":3,"minecraft:iron_leggings":1,"minecraft:stonecutter":1,"minecraft:white_bed":1,"minecraft:torch":8,"minecraft:shears":1},"minecraft:picked_up":{"minecraft:crafting_table":6,"minecraft:birch_door":4,"minecraft:azure_bluet":2,"minecraft:chicken":2,"minecraft:yellow_wool":5,"minecraft:oak_stairs":7,"minecraft:birch_button":18,"minecraft:string":8,"minecraft:oak_trapdoor":3,"minecraft:soul_soil":1,"minecraft:smooth_stone_slab":30,"minecraft:cobbled_deepslate":8,"minecraft:smooth_stone":59,"minecraft:beef":7,"minecraft:rose_bush":1,"minecraft:cobblestone_slab":1,"minecraft:sugar_cane":3,"minecraft:birch_sapling":8,"minecraft:furnace":8,"minecraft:raw_iron":53,"minecraft:stone":9,"minecraft:composter":1,"minecraft:oak_fence":21,"minecraft:torch":4,"minecraft:bowl":1,"minecraft:porkchop":3,"minecraft:carrot":13,"minecraft:redstone":38,"minecraft:rotten_flesh":35,"minecraft:arrow":18,"minecraft:obsidian":42,"minecraft:mutton":14,"minecraft:white_wool":15,"minecraft:cobblestone":185,"minecraft:birch_log":31,"minecraft:feather":2,"minecraft:birch_slab":3,"minecraft:water_bucket":2,"minecraft:leather":13,"minecraft:birch_planks":57,"minecraft:mushroom_stew":11,"minecraft:flint":2,"minecraft:tuff":6,"minecraft:oak_log":152,"minecraft:gunpowder":6,"minecraft:lapis_lazuli":12,"minecraft:dirt":2766,"minecraft:cooked_mutton":7,"minecraft:bone":17,"minecraft:apple":1,"minecraft:wheat_seeds":39,"minecraft:raw_gold":12,"minecraft:iron_ingot":8,"minecraft:cooked_chicken":7,"minecraft:stripped_oak_wood":1,"minecraft:oak_planks":7,"minecraft:oak_slab":12,"minecraft:cooked_porkchop":5,"minecraft:dandelion":12,"minecraft:gravel":12,"minecraft:birch_stairs":4,"minecraft:white_bed":1,"minecraft:diamond":6,"minecraft:short_grass":4,"minecraft:oak_sapling":2,"minecraft:coal":85,"minecraft:oak_leaves":103},"minecraft:custom":{"minecraft:mob_kills":111,"minecraft:interact_with_crafting_table":70,"minecraft:bell_ring":5,"minecraft:leave_game":1,"minecraft:time_since_death":258443,"minecraft:climb_one_cm":6640,"minecraft:sprint_one_cm":880031,"minecraft:walk_one_cm":625260,"minecraft:damage_blocked_by_shield":704,"minecraft:drop":44,"minecraft:talked_to_villager":4,"minecraft:play_time":258443,"minecraft:sneak_time":17198,"minecraft:walk_under_water_one_cm":22371,"minecraft:jump":5502,"minecraft:walk_on_water_one_cm":24358,"minecraft:total_world_time":258443,"minecraft:interact_with_furnace":131,"minecraft:interact_with_stonecutter":6,"minecraft:sleep_in_bed":2,"minecraft:time_since_rest":173899,"minecraft:damage_taken":1332,"minecraft:damage_dealt":16409,"minecraft:swim_one_cm":24517,"minecraft:fly_one_cm":1193616,"minecraft:open_chest":32,"minecraft:crouch_one_cm":64925,"minecraft:fall_one_cm":123486},"minecraft:broken":{"minecraft:iron_shovel":3,"minecraft:wooden_shovel":1,"minecraft:stone_axe":1,"minecraft:iron_pickaxe":1,"minecraft:stone_shovel":10},"minecraft:mined":{"minecraft:farmland":5,"minecraft:tuff":3,"minecraft:white_bed":1,"minecraft:deepslate_diamond_ore":6,"minecraft:obsidian":32,"minecraft:grass_block":760,"minecraft:soul_soil":1,"minecraft:birch_slab":3,"minecraft:composter":1,"minecraft:large_fern":4,"minecraft:smooth_stone":59,"minecraft:tall_seagrass":1,"minecraft:oak_trapdoor":3,"minecraft:carrots":8,"minecraft:furnace":7,"minecraft:iron_ore":36,"minecraft:cobbled_deepslate":2,"minecraft:deepslate_lapis_ore":2,"minecraft:deepslate_iron_ore":18,"minecraft:dirt_path":186,"minecraft:oak_stairs":7,"minecraft:stone":124,"minecraft:white_wool":6,"minecraft:deepslate_redstone_ore":6,"minecraft:birch_stairs":2,"minecraft:oak_slab":14,"minecraft:soul_fire":1,"minecraft:oak_fence":27,"minecraft:crafting_table":7,"minecraft:torch":2,"minecraft:short_grass":158,"minecraft:rose_bush":1,"minecraft:tall_grass":4,"minecraft:cobblestone":5,"minecraft:deepslate_gold_ore":7,"minecraft:sugar_cane":5,"minecraft:oak_planks":9,"minecraft:diorite":1,"minecraft:birch_planks":50,"minecraft:yellow_wool":6,"minecraft:birch_log":32,"minecraft:wheat":2,"minecraft:birch_leaves":2,"minecraft:stripped_oak_wood":1,"minecraft:birch_door":2,"minecraft:smooth_stone_slab":30,"minecraft:oak_log":104,"minecraft:coal_ore":27,"minecraft:gravel":14,"minecraft:dirt":922,"minecraft:gold_ore":5,"minecraft:oak_leaves":118,"minecraft:deepslate":4},"minecraft:killed":{"minecraft:witch":1,"minecraft:spider":6,"minecraft:slime":8,"minecraft:phantom":1,"minecraft:skeleton":22,"minecraft:chicken":1,"minecraft:drowned":1,"minecraft:pig":2,"minecraft:bat":1,"minecraft:creeper":13,"minecraft:sheep":9,"minecraft:zombie":31,"minecraft:cow":8,"minecraft:enderman":1},"minecraft:used":{"minecraft:oak_trapdoor":24,"minecraft:stone_sword":11,"minecraft:iron_shovel":752,"minecraft:flint_and_steel":1,"minecraft:stone_shovel":1485,"minecraft:chest":2,"minecraft:shield":23,"minecraft:iron_sword":284,"minecraft:wooden_shovel":60,"minecraft:cooked_chicken":8,"minecraft:torch":10,"minecraft:dirt":2895,"minecraft:tuff":3,"minecraft:obsidian":11,"minecraft:birch_door":2,"minecraft:oak_stairs":15,"minecraft:furnace":7,"minecraft:cooked_beef":7,"minecraft:cobbled_deepslate":2,"minecraft:cooked_mutton":14,"minecraft:water_bucket":35,"minecraft:birch_planks":2,"minecraft:oak_planks":8,"minecraft:stone_pickaxe":52,"minecraft:wooden_pickaxe":17,"minecraft:stonecutter":1,"minecraft:oak_leaves":102,"minecraft:oak_slab":14,"minecraft:crafting_table":8,"minecraft:mushroom_stew":10,"minecraft:white_bed":2,"minecraft:shears":113,"minecraft:oak_log":62,"minecraft:diamond_pickaxe":70,"minecraft:apple":1,"minecraft:birch_slab":3,"minecraft:iron_pickaxe":250,"minecraft:gravel":11,"minecraft:stone_axe":275,"minecraft:cobblestone":5,"minecraft:cooked_porkchop":8,"minecraft:bucket":34,"minecraft:smooth_stone_slab":54,"minecraft:smooth_stone":91,"minecraft:birch_stairs":2},"minecraft:dropped":{"minecraft:water_bucket":1,"minecraft:short_grass":4,"minecraft:birch_planks":26,"minecraft:wheat_seeds":33,"minecraft:cooked_beef":1,"minecraft:cobblestone":4,"minecraft:coal":6,"minecraft:stick":2,"minecraft:rose_bush":1,"minecraft:string":6,"minecraft:dandelion":12,"minecraft:gravel":1,"minecraft:sugar_cane":3,"minecraft:soul_soil":1,"minecraft:cobbled_deepslate":6,"minecraft:bowl":4,"minecraft:composter":1,"minecraft:tuff":3,"minecraft:birch_sapling":5,"minecraft:obsidian":10,"minecraft:raw_iron":15,"minecraft:stone_shovel":1,"minecraft:cobblestone_slab":1,"minecraft:stone":9,"minecraft:gunpowder":1,"minecraft:oak_sapling":2,"minecraft:wooden_pickaxe":1,"minecraft:oak_leaves":1}},"DataVersion":3953}