{"stats":{"minecraft:used":{"minecraft:iron_shovel":1089,"minecraft:chest":12,"minecraft:shield":47,"minecraft:iron_sword":511,"minecraft:carrot":24,"minecraft:tuff":3,"minecraft:obsidian":21,"minecraft:glass":58,"minecraft:bow":4,"minecraft:furnace":8,"minecraft:golden_boots":1,"minecraft:stone_pickaxe":52,"minecraft:oak_planks":506,"minecraft:blackstone":6,"minecraft:ender_pearl":4,"minecraft:wooden_pickaxe":17,"minecraft:oak_leaves":103,"minecraft:mushroom_stew":10,"minecraft:shears":203,"minecraft:birch_slab":3,"minecraft:bread":64,"minecraft:gravel":11,"minecraft:diamond_sword":171,"minecraft:smooth_stone_slab":54,"minecraft:oak_boat":4,"minecraft:bone_meal":20,"minecraft:oak_trapdoor":26,"minecraft:enchanting_table":2,"minecraft:stone_sword":11,"minecraft:flint_and_steel":2,"minecraft:stone_shovel":1753,"minecraft:wooden_shovel":60,"minecraft:trial_key":1,"minecraft:cooked_chicken":9,"minecraft:netherrack":389,"minecraft:torch":94,"minecraft:brewing_stand":1,"minecraft:dirt":3808,"minecraft:birch_door":2,"minecraft:wooden_axe":59,"minecraft:bookshelf":5,"minecraft:iron_axe":210,"minecraft:oak_stairs":16,"minecraft:basalt":145,"minecraft:cooked_beef":9,"minecraft:cobbled_deepslate":20,"minecraft:cooked_mutton":20,"minecraft:water_bucket":35,"minecraft:birch_planks":2,"minecraft:glass_bottle":3,"minecraft:baked_potato":5,"minecraft:stonecutter":1,"minecraft:oak_slab":14,"minecraft:crafting_table":12,"minecraft:white_bed":3,"minecraft:oak_log":137,"minecraft:diamond_pickaxe":929,"minecraft:apple":1,"minecraft:iron_pickaxe":250,"minecraft:stone_axe":587,"minecraft:cobblestone":18,"minecraft:cooked_porkchop":11,"minecraft:bucket":34,"minecraft:smooth_stone":116,"minecraft:birch_stairs":2},"minecraft:picked_up":{"minecraft:birch_door":5,"minecraft:iron_chestplate":1,"minecraft:wheat":1,"minecraft:yellow_wool":8,"minecraft:diamond_sword":1,"minecraft:oak_stairs":7,"minecraft:birch_button":18,"minecraft:string":46,"minecraft:raw_copper":12,"minecraft:soul_soil":1,"minecraft:smooth_stone_slab":30,"minecraft:shroomlight":1,"minecraft:cobbled_deepslate":70,"minecraft:gold_nugget":54,"minecraft:smooth_stone":90,"minecraft:trial_key":4,"minecraft:rose_bush":1,"minecraft:cobblestone_slab":23,"minecraft:calcite":3,"minecraft:furnace":8,"minecraft:tipped_arrow":8,"minecraft:golden_helmet":1,"minecraft:stick":4,"minecraft:composter":1,"minecraft:oak_fence":42,"minecraft:torch":96,"minecraft:porkchop":13,"minecraft:pointed_dripstone":21,"minecraft:stone_sword":1,"minecraft:rotten_flesh":75,"minecraft:glowstone":33,"minecraft:white_terracotta":1,"minecraft:blaze_rod":19,"minecraft:obsidian":42,"minecraft:blaze_powder":56,"minecraft:cobblestone":280,"minecraft:enchanting_table":1,"minecraft:birch_log":48,"minecraft:feather":2,"minecraft:birch_slab":5,"minecraft:water_bucket":2,"minecraft:potato":1,"minecraft:flint":11,"minecraft:tuff":11,"minecraft:lapis_lazuli":12,"minecraft:dirt":3335,"minecraft:glass":95,"minecraft:bone":38,"minecraft:bow":4,"minecraft:wheat_seeds":61,"minecraft:raw_gold":12,"minecraft:bell":1,"minecraft:fletching_table":1,"minecraft:oak_planks":155,"minecraft:cooked_porkchop":5,"minecraft:warped_wart_block":19,"minecraft:sand":40,"minecraft:sugar":2,"minecraft:diamond":111,"minecraft:waxed_oxidized_copper_grate":1,"minecraft:granite":2,"minecraft:bread":1,"minecraft:oak_sapling":10,"minecraft:netherrack":512,"minecraft:oak_leaves":138,"minecraft:crimson_roots":3,"minecraft:diamond_pickaxe":2,"minecraft:crafting_table":7,"minecraft:azure_bluet":3,"minecraft:ominous_bottle":1,"minecraft:chicken":2,"minecraft:chest_minecart":2,"minecraft:brown_mushroom":1,"minecraft:chain":3,"minecraft:shield":5,"minecraft:oak_trapdoor":15,"minecraft:iron_axe":3,"minecraft:birch_fence":14,"minecraft:blackstone":15,"minecraft:beef":7,"minecraft:oak_boat":3,"minecraft:poppy":1,"minecraft:sugar_cane":21,"minecraft:chest":4,"minecraft:birch_sapling":8,"minecraft:phantom_membrane":12,"minecraft:raw_iron":60,"minecraft:stone":9,"minecraft:bamboo_hanging_sign":1,"minecraft:bowl":1,"minecraft:carrot":44,"minecraft:redstone":42,"minecraft:arrow":32,"minecraft:beetroot_seeds":4,"minecraft:mutton":18,"minecraft:white_wool":20,"minecraft:rail":74,"minecraft:oxeye_daisy":1,"minecraft:birch_leaves":28,"minecraft:basalt":153,"minecraft:golden_carrot":1,"minecraft:leather":13,"minecraft:birch_planks":136,"minecraft:mushroom_stew":11,"minecraft:crimson_fungus":3,"minecraft:oak_log":390,"minecraft:ancient_debris":1,"minecraft:yellow_bed":1,"minecraft:golden_boots":2,"minecraft:gunpowder":23,"minecraft:cooked_mutton":7,"minecraft:apple":2,"minecraft:warped_stem":1,"minecraft:iron_ingot":20,"minecraft:cooked_chicken":7,"minecraft:stripped_oak_wood":1,"minecraft:glass_bottle":2,"minecraft:iron_sword":1,"minecraft:oak_slab":20,"minecraft:warped_fungus":1,"minecraft:quartz":33,"minecraft:dandelion":35,"minecraft:dripstone_block":6,"minecraft:gravel":12,"minecraft:birch_stairs":4,"minecraft:white_bed":3,"minecraft:spider_eye":2,"minecraft:stone_axe":2,"minecraft:short_grass":4,"minecraft:iron_helmet":2,"minecraft:diamond_axe":1,"minecraft:warped_roots":18,"minecraft:chiseled_tuff_bricks":1,"minecraft:warped_nylium":3,"minecraft:coal":85,"minecraft:ender_pearl":12},"minecraft:broken":{"minecraft:iron_shovel":4,"minecraft:golden_boots":1,"minecraft:wooden_shovel":1,"minecraft:stone_axe":4,"minecraft:iron_sword":1,"minecraft:wooden_axe":1,"minecraft:stone_shovel":13,"minecraft:iron_pickaxe":1,"minecraft:iron_helmet":1},"minecraft:mined":{"minecraft:white_bed":6,"minecraft:farmland":5,"minecraft:obsidian":32,"minecraft:granite":2,"minecraft:grass_block":943,"minecraft:soul_soil":1,"minecraft:composter":1,"minecraft:oxeye_daisy":1,"minecraft:smooth_stone":90,"minecraft:tall_seagrass":2,"minecraft:iron_ore":36,"minecraft:cobbled_deepslate":62,"minecraft:fire":7,"minecraft:fletching_table":1,"minecraft:deepslate_lapis_ore":2,"minecraft:azure_bluet":1,"minecraft:enchanting_table":1,"minecraft:pointed_dripstone":1,"minecraft:dirt_path":186,"minecraft:oak_stairs":7,"minecraft:tripwire":2,"minecraft:deepslate_redstone_ore":6,"minecraft:brown_mushroom":1,"minecraft:blackstone":9,"minecraft:soul_fire":1,"minecraft:torch":5,"minecraft:poppy":1,"minecraft:chest":4,"minecraft:nether_quartz_ore":11,"minecraft:cobblestone":35,"minecraft:sugar_cane":8,"minecraft:oak_planks":128,"minecraft:wall_torch":8,"minecraft:seagrass":1,"minecraft:white_terracotta":1,"minecraft:warped_nylium":9,"minecraft:yellow_wool":9,"minecraft:birch_log":32,"minecraft:wheat":8,"minecraft:birch_door":3,"minecraft:stripped_oak_wood":2,"minecraft:warped_fungus":1,"minecraft:smooth_stone_slab":30,"minecraft:oak_log":352,"minecraft:sand":40,"minecraft:dirt":1343,"minecraft:netherrack":509,"minecraft:ancient_debris":1,"minecraft:oak_leaves":209,"minecraft:deepslate":17,"minecraft:nether_gold_ore":11,"minecraft:tuff":3,"minecraft:deepslate_diamond_ore":6,"minecraft:nether_bricks":1,"minecraft:crimson_roots":1,"minecraft:birch_slab":4,"minecraft:large_fern":4,"minecraft:oak_trapdoor":15,"minecraft:furnace":7,"minecraft:carrots":24,"minecraft:nether_sprouts":1,"minecraft:deepslate_iron_ore":18,"minecraft:shroomlight":1,"minecraft:cobblestone_slab":3,"minecraft:rail":1,"minecraft:warped_stem":1,"minecraft:stone":124,"minecraft:white_wool":9,"minecraft:oak_slab":20,"minecraft:birch_stairs":2,"minecraft:basalt":159,"minecraft:dandelion":14,"minecraft:oak_fence":48,"minecraft:crafting_table":8,"minecraft:cornflower":1,"minecraft:short_grass":229,"minecraft:warped_roots":6,"minecraft:rose_bush":1,"minecraft:tall_grass":15,"minecraft:deepslate_gold_ore":7,"minecraft:diorite":1,"minecraft:warped_wart_block":7,"minecraft:birch_planks":155,"minecraft:birch_leaves":39,"minecraft:yellow_bed":3,"minecraft:coal_ore":27,"minecraft:gravel":14,"minecraft:gold_ore":5,"minecraft:birch_fence":14},"minecraft:dropped":{"minecraft:iron_sword":1,"minecraft:birch_planks":26,"minecraft:short_grass":4,"minecraft:diamond_axe":1,"minecraft:lapis_lazuli":16,"minecraft:cooked_beef":1,"minecraft:ender_pearl":3,"minecraft:diamond":9,"minecraft:birch_fence":1,"minecraft:gravel":1,"minecraft:stone_axe":1,"minecraft:sugar_cane":3,"minecraft:cobbled_deepslate":11,"minecraft:birch_sapling":5,"minecraft:obsidian":10,"minecraft:oak_planks":36,"minecraft:gunpowder":1,"minecraft:glass":20,"minecraft:oak_leaves":1,"minecraft:netherrack":109,"minecraft:water_bucket":1,"minecraft:wheat_seeds":33,"minecraft:golden_helmet":1,"minecraft:oak_fence":4,"minecraft:cobblestone":4,"minecraft:coal":6,"minecraft:stick":2,"minecraft:rose_bush":1,"minecraft:string":6,"minecraft:dandelion":12,"minecraft:soul_soil":1,"minecraft:bowl":4,"minecraft:tuff":3,"minecraft:composter":1,"minecraft:raw_iron":15,"minecraft:stone_shovel":1,"minecraft:iron_boots":1,"minecraft:white_terracotta":1,"minecraft:cobblestone_slab":10,"minecraft:stone":9,"minecraft:trial_key":3,"minecraft:oak_sapling":4,"minecraft:wooden_pickaxe":1},"minecraft:killed_by":{"minecraft:magma_cube":1},"minecraft:custom":{"minecraft:interact_with_crafting_table":128,"minecraft:bell_ring":5,"minecraft:leave_game":5,"minecraft:time_since_death":75831,"minecraft:sprint_one_cm":1865698,"minecraft:damage_blocked_by_shield":1534,"minecraft:drop":70,"minecraft:talked_to_villager":4,"minecraft:play_time":593017,"minecraft:deaths":2,"minecraft:jump":12101,"minecraft:interact_with_brewingstand":13,"minecraft:walk_on_water_one_cm":31223,"minecraft:enchant_item":1,"minecraft:interact_with_furnace":198,"minecraft:sleep_in_bed":5,"minecraft:damage_dealt":42836,"minecraft:player_kills":1,"minecraft:crouch_one_cm":196734,"minecraft:interact_with_smoker":1,"minecraft:mob_kills":245,"minecraft:climb_one_cm":8872,"minecraft:walk_one_cm":1132834,"minecraft:sneak_time":51252,"minecraft:walk_under_water_one_cm":23767,"minecraft:total_world_time":593017,"minecraft:interact_with_stonecutter":7,"minecraft:time_since_rest":75860,"minecraft:damage_taken":5040,"minecraft:swim_one_cm":34393,"minecraft:fly_one_cm":2521466,"minecraft:open_chest":284,"minecraft:fall_one_cm":270328},"minecraft:killed":{"minecraft:zombified_piglin":1,"minecraft:witch":1,"minecraft:spider":9,"minecraft:skeleton":29,"minecraft:chicken":1,"minecraft:magma_cube":5,"minecraft:piglin":2,"minecraft:pig":6,"minecraft:creeper":22,"minecraft:sheep":10,"minecraft:zombie":68,"minecraft:stray":4,"minecraft:cow":8,"minecraft:blaze":38,"minecraft:slime":8,"minecraft:phantom":13,"minecraft:drowned":1,"minecraft:bat":1,"minecraft:enderman":10},"minecraft:crafted":{"minecraft:oak_planks":716,"minecraft:smooth_stone":65,"minecraft:blaze_powder":28,"minecraft:cooked_chicken":2,"minecraft:birch_slab":18,"minecraft:stone":77,"minecraft:bookshelf":5,"minecraft:cooked_mutton":10,"minecraft:glass":16,"minecraft:diamond_helmet":1,"minecraft:diamond_leggings":1,"minecraft:iron_boots":1,"minecraft:chest":8,"minecraft:golden_boots":1,"minecraft:glass_bottle":3,"minecraft:oak_slab":6,"minecraft:wooden_shovel":1,"minecraft:cooked_porkchop":6,"minecraft:crafting_table":5,"minecraft:iron_helmet":2,"minecraft:wooden_pickaxe":1,"minecraft:baked_potato":5,"minecraft:birch_planks":80,"minecraft:brewing_stand":1,"minecraft:iron_chestplate":1,"minecraft:book":16,"minecraft:paper":48,"minecraft:diamond_pickaxe":1,"minecraft:shield":1,"minecraft:stick":76,"minecraft:iron_ingot":76,"minecraft:iron_pickaxe":1,"minecraft:stone_sword":1,"minecraft:gold_ingot":4,"minecraft:shears":1,"minecraft:stone_shovel":14,"minecraft:smooth_stone_slab":26,"minecraft:furnace":2,"minecraft:bone_meal":39,"minecraft:oak_trapdoor":28,"minecraft:flint_and_steel":1,"minecraft:iron_axe":1,"minecraft:stone_pickaxe":1,"minecraft:diamond_boots":1,"minecraft:cooked_beef":8,"minecraft:diamond_sword":1,"minecraft:enchanting_table":1,"minecraft:iron_sword":2,"minecraft:bucket":1,"minecraft:stone_axe":4,"minecraft:air":0,"minecraft:oak_boat":2,"minecraft:golden_apple":1,"minecraft:fermented_spider_eye":1,"minecraft:wooden_axe":2,"minecraft:oak_stairs":16,"minecraft:iron_shovel":5,"minecraft:iron_leggings":1,"minecraft:stonecutter":1,"minecraft:white_bed":1,"minecraft:torch":8,"minecraft:diamond_chestplate":1}},"DataVersion":3953}