{"stats":{"minecraft:broken":{"minecraft:iron_shovel":5,"minecraft:golden_boots":1,"minecraft:wooden_shovel":1,"minecraft:stone_axe":4,"minecraft:iron_sword":1,"minecraft:wooden_axe":1,"minecraft:stone_shovel":13,"minecraft:iron_axe":2,"minecraft:iron_pickaxe":1,"minecraft:iron_helmet":1},"minecraft:mined":{"minecraft:waxed_cut_copper_slab":1,"minecraft:white_bed":7,"minecraft:farmland":5,"minecraft:obsidian":32,"minecraft:granite":2,"minecraft:grass_block":994,"minecraft:soul_soil":1,"minecraft:chiseled_tuff_bricks":2,"minecraft:composter":1,"minecraft:oxeye_daisy":1,"minecraft:tuff_bricks":5,"minecraft:smooth_stone":91,"minecraft:tall_seagrass":2,"minecraft:iron_ore":36,"minecraft:cobbled_deepslate":73,"minecraft:fire":7,"minecraft:polished_tuff":1,"minecraft:deepslate_lapis_ore":2,"minecraft:fletching_table":1,"minecraft:azure_bluet":1,"minecraft:enchanting_table":1,"minecraft:pointed_dripstone":1,"minecraft:dirt_path":186,"minecraft:oak_stairs":11,"minecraft:tripwire":2,"minecraft:deepslate_redstone_ore":6,"minecraft:brown_mushroom":1,"minecraft:blackstone":9,"minecraft:soul_fire":1,"minecraft:clay":1,"minecraft:torch":5,"minecraft:poppy":1,"minecraft:chest":4,"minecraft:glass":3,"minecraft:nether_quartz_ore":11,"minecraft:cobblestone":35,"minecraft:oak_planks":375,"minecraft:sugar_cane":8,"minecraft:wall_torch":8,"minecraft:seagrass":3,"minecraft:white_terracotta":1,"minecraft:warped_nylium":9,"minecraft:yellow_wool":9,"minecraft:birch_log":32,"minecraft:wheat":8,"minecraft:waxed_copper_block":16,"minecraft:stripped_oak_wood":2,"minecraft:birch_door":3,"minecraft:warped_fungus":1,"minecraft:smooth_stone_slab":30,"minecraft:oak_log":628,"minecraft:sand":321,"minecraft:dirt":1372,"minecraft:netherrack":512,"minecraft:ancient_debris":1,"minecraft:deepslate":17,"minecraft:oak_leaves":249,"minecraft:nether_gold_ore":11,"minecraft:tuff":3,"minecraft:deepslate_diamond_ore":6,"minecraft:nether_bricks":1,"minecraft:decorated_pot":9,"minecraft:crimson_roots":1,"minecraft:birch_slab":92,"minecraft:red_mushroom":1,"minecraft:large_fern":4,"minecraft:oak_trapdoor":15,"minecraft:furnace":7,"minecraft:carrots":50,"minecraft:waxed_copper_grate":2,"minecraft:nether_sprouts":1,"minecraft:cobblestone_slab":4,"minecraft:shroomlight":1,"minecraft:deepslate_iron_ore":18,"minecraft:rail":1,"minecraft:warped_stem":1,"minecraft:waxed_weathered_copper_bulb":1,"minecraft:stone":124,"minecraft:white_wool":9,"minecraft:oak_slab":21,"minecraft:birch_stairs":2,"minecraft:scaffolding":1,"minecraft:basalt":159,"minecraft:dandelion":16,"minecraft:oak_fence":55,"minecraft:crafting_table":8,"minecraft:cornflower":1,"minecraft:short_grass":250,"minecraft:warped_roots":6,"minecraft:rose_bush":1,"minecraft:tall_grass":16,"minecraft:deepslate_gold_ore":7,"minecraft:diorite":1,"minecraft:warped_wart_block":7,"minecraft:birch_planks":156,"minecraft:birch_leaves":39,"minecraft:white_wall_banner":1,"minecraft:yellow_bed":3,"minecraft:coal_ore":27,"minecraft:gravel":14,"minecraft:gold_ore":5,"minecraft:birch_fence":15},"minecraft:killed_by":{"minecraft:magma_cube":1,"minecraft:silverfish":1,"minecraft:cave_spider":1,"minecraft:zombie":1,"minecraft:husk":4,"minecraft:player":1,"minecraft:stray":3,"minecraft:breeze":1},"minecraft:custom":{"minecraft:interact_with_crafting_table":139,"minecraft:open_barrel":3,"minecraft:bell_ring":5,"minecraft:leave_game":8,"minecraft:time_since_death":228792,"minecraft:sprint_one_cm":2728532,"minecraft:damage_blocked_by_shield":2194,"minecraft:drop":152,"minecraft:talked_to_villager":4,"minecraft:play_time":877510,"minecraft:deaths":15,"minecraft:jump":18129,"minecraft:interact_with_brewingstand":13,"minecraft:walk_on_water_one_cm":58767,"minecraft:enchant_item":1,"minecraft:interact_with_furnace":334,"minecraft:sleep_in_bed":6,"minecraft:damage_dealt":84143,"minecraft:player_kills":3,"minecraft:crouch_one_cm":252413,"minecraft:interact_with_smoker":1,"minecraft:interact_with_smithing_table":2,"minecraft:mob_kills":483,"minecraft:climb_one_cm":15601,"minecraft:walk_one_cm":1665316,"minecraft:sneak_time":66444,"minecraft:walk_under_water_one_cm":32962,"minecraft:total_world_time":877510,"minecraft:raid_trigger":1,"minecraft:interact_with_stonecutter":7,"minecraft:time_since_rest":189833,"minecraft:damage_taken":10802,"minecraft:minecart_one_cm":34475,"minecraft:swim_one_cm":77641,"minecraft:fly_one_cm":3931664,"minecraft:open_chest":409,"minecraft:fall_one_cm":417210},"minecraft:used":{"minecraft:beetroot":15,"minecraft:tuff_bricks":3,"minecraft:iron_shovel":1341,"minecraft:chest":12,"minecraft:shield":67,"minecraft:iron_sword":511,"minecraft:carrot":65,"minecraft:tuff":3,"minecraft:obsidian":21,"minecraft:glass":292,"minecraft:bow":10,"minecraft:ominous_bottle":1,"minecraft:furnace":8,"minecraft:golden_boots":1,"minecraft:stone_pickaxe":52,"minecraft:oak_planks":1147,"minecraft:blackstone":6,"minecraft:ender_pearl":4,"minecraft:wooden_pickaxe":17,"minecraft:diamond_axe":45,"minecraft:oak_leaves":103,"minecraft:mushroom_stew":10,"minecraft:shears":203,"minecraft:lightning_rod":1,"minecraft:mace":1,"minecraft:birch_slab":3,"minecraft:bread":75,"minecraft:gravel":11,"minecraft:diamond_sword":775,"minecraft:oak_boat":4,"minecraft:smooth_stone_slab":54,"minecraft:bone_meal":20,"minecraft:oak_fence":3,"minecraft:oak_trapdoor":32,"minecraft:enchanting_table":2,"minecraft:stone_sword":11,"minecraft:flint_and_steel":2,"minecraft:stone_shovel":1867,"minecraft:cooked_salmon":2,"minecraft:wooden_shovel":60,"minecraft:trial_key":3,"minecraft:cooked_chicken":13,"minecraft:netherrack":389,"minecraft:brewing_stand":1,"minecraft:torch":94,"minecraft:dirt":3926,"minecraft:birch_door":2,"minecraft:wooden_axe":59,"minecraft:bookshelf":5,"minecraft:iron_axe":832,"minecraft:oak_stairs":18,"minecraft:basalt":145,"minecraft:golden_carrot":19,"minecraft:cooked_beef":15,"minecraft:cobbled_deepslate":30,"minecraft:cooked_mutton":20,"minecraft:water_bucket":35,"minecraft:birch_planks":2,"minecraft:glass_bottle":3,"minecraft:baked_potato":24,"minecraft:stonecutter":1,"minecraft:waxed_copper_block":10,"minecraft:oak_slab":15,"minecraft:crafting_table":13,"minecraft:white_bed":4,"minecraft:oak_log":193,"minecraft:diamond_pickaxe":983,"minecraft:apple":1,"minecraft:ominous_trial_key":2,"minecraft:wind_charge":1,"minecraft:iron_pickaxe":250,"minecraft:stone_axe":587,"minecraft:cobblestone":18,"minecraft:cooked_porkchop":11,"minecraft:bucket":34,"minecraft:smooth_stone":118,"minecraft:birch_stairs":2},"minecraft:crafted":{"minecraft:oak_planks":1432,"minecraft:smooth_stone":65,"minecraft:blaze_powder":28,"minecraft:cooked_chicken":2,"minecraft:lightning_rod":1,"minecraft:birch_slab":18,"minecraft:stone":77,"minecraft:bookshelf":5,"minecraft:cooked_mutton":10,"minecraft:glass":250,"minecraft:diamond_helmet":1,"minecraft:diamond_leggings":1,"minecraft:iron_boots":1,"minecraft:chest":8,"minecraft:golden_boots":1,"minecraft:glass_bottle":3,"minecraft:oak_slab":18,"minecraft:wooden_shovel":1,"minecraft:cooked_porkchop":6,"minecraft:crafting_table":6,"minecraft:iron_helmet":2,"minecraft:wooden_pickaxe":1,"minecraft:baked_potato":5,"minecraft:copper_ingot":9,"minecraft:brewing_stand":1,"minecraft:birch_planks":80,"minecraft:iron_chestplate":1,"minecraft:book":16,"minecraft:paper":48,"minecraft:diamond_pickaxe":1,"minecraft:shield":2,"minecraft:stick":80,"minecraft:iron_ingot":76,"minecraft:iron_pickaxe":2,"minecraft:stone_sword":1,"minecraft:gold_ingot":4,"minecraft:shears":1,"minecraft:stone_shovel":14,"minecraft:smooth_stone_slab":26,"minecraft:furnace":2,"minecraft:bone_meal":39,"minecraft:oak_trapdoor":36,"minecraft:flint_and_steel":1,"minecraft:iron_axe":2,"minecraft:stone_pickaxe":1,"minecraft:diamond_boots":1,"minecraft:cooked_beef":14,"minecraft:diamond_sword":1,"minecraft:enchanting_table":1,"minecraft:iron_sword":2,"minecraft:bucket":1,"minecraft:stone_axe":4,"minecraft:air":0,"minecraft:oak_boat":2,"minecraft:golden_apple":1,"minecraft:fermented_spider_eye":1,"minecraft:wooden_axe":2,"minecraft:oak_stairs":24,"minecraft:iron_shovel":6,"minecraft:iron_leggings":1,"minecraft:stonecutter":1,"minecraft:white_bed":1,"minecraft:torch":8,"minecraft:diamond_chestplate":1},"minecraft:dropped":{"minecraft:guster_pottery_sherd":1,"minecraft:iron_sword":1,"minecraft:birch_planks":27,"minecraft:short_grass":4,"minecraft:diamond_axe":1,"minecraft:lapis_lazuli":16,"minecraft:cooked_beef":3,"minecraft:oak_log":123,"minecraft:baked_potato":13,"minecraft:ender_pearl":3,"minecraft:diamond":9,"minecraft:birch_fence":1,"minecraft:iron_pickaxe":2,"minecraft:waxed_cut_copper_slab":2,"minecraft:gravel":1,"minecraft:stone_axe":3,"minecraft:sugar_cane":3,"minecraft:cobbled_deepslate":11,"minecraft:birch_sapling":5,"minecraft:obsidian":10,"minecraft:beetroot":20,"minecraft:oak_planks":90,"minecraft:carrot":7,"minecraft:wind_charge":1,"minecraft:gunpowder":2,"minecraft:beetroot_seeds":30,"minecraft:breeze_rod":1,"minecraft:glass":20,"minecraft:oak_leaves":1,"minecraft:netherrack":109,"minecraft:water_bucket":1,"minecraft:iron_ingot":13,"minecraft:oak_slab":1,"minecraft:wheat_seeds":35,"minecraft:golden_helmet":1,"minecraft:feather":1,"minecraft:oak_fence":8,"minecraft:cobblestone":4,"minecraft:waxed_copper_grate":1,"minecraft:polished_tuff":2,"minecraft:ominous_trial_key":4,"minecraft:coal":6,"minecraft:stick":2,"minecraft:rose_bush":1,"minecraft:diamond_helmet":1,"minecraft:oak_stairs":4,"minecraft:string":6,"minecraft:dandelion":12,"minecraft:tuff_bricks":2,"minecraft:soul_soil":1,"minecraft:stone_sword":1,"minecraft:bowl":4,"minecraft:tuff":3,"minecraft:guster_banner_pattern":1,"minecraft:composter":1,"minecraft:raw_iron":15,"minecraft:stone_shovel":1,"minecraft:iron_boots":1,"minecraft:white_terracotta":1,"minecraft:cobblestone_slab":11,"minecraft:stone":9,"minecraft:shield":3,"minecraft:trial_key":13,"minecraft:oak_sapling":6,"minecraft:bow":2,"minecraft:wooden_pickaxe":1},"minecraft:picked_up":{"minecraft:iron_chestplate":1,"minecraft:birch_door":5,"minecraft:wheat":2,"minecraft:yellow_wool":8,"minecraft:diamond_sword":1,"minecraft:oak_stairs":11,"minecraft:potion":5,"minecraft:birch_button":18,"minecraft:string":70,"minecraft:raw_copper":12,"minecraft:waxed_cut_copper_slab":2,"minecraft:soul_soil":1,"minecraft:cooked_salmon":2,"minecraft:smooth_stone_slab":30,"minecraft:shroomlight":1,"minecraft:beetroot":40,"minecraft:cobbled_deepslate":81,"minecraft:gold_nugget":54,"minecraft:smooth_stone":93,"minecraft:trial_key":16,"minecraft:netherite_upgrade_smithing_template":2,"minecraft:rose_bush":1,"minecraft:cobblestone_slab":24,"minecraft:calcite":3,"minecraft:iron_pickaxe":1,"minecraft:enchanted_golden_apple":1,"minecraft:furnace":8,"minecraft:tipped_arrow":29,"minecraft:golden_helmet":1,"minecraft:stick":18,"minecraft:composter":1,"minecraft:oak_fence":50,"minecraft:torch":96,"minecraft:porkchop":13,"minecraft:waxed_weathered_copper_bulb":1,"minecraft:waxed_copper_grate":2,"minecraft:pointed_dripstone":21,"minecraft:stone_sword":1,"minecraft:rotten_flesh":189,"minecraft:glowstone":33,"minecraft:white_terracotta":1,"minecraft:blaze_rod":19,"minecraft:obsidian":42,"minecraft:snowball":7,"minecraft:blaze_powder":56,"minecraft:cobblestone":280,"minecraft:birch_log":48,"minecraft:enchanting_table":1,"minecraft:feather":3,"minecraft:cooked_beef":7,"minecraft:birch_slab":91,"minecraft:water_bucket":2,"minecraft:potato":1,"minecraft:flint":11,"minecraft:tuff":11,"minecraft:lapis_lazuli":12,"minecraft:dirt":3453,"minecraft:glass":95,"minecraft:bone":69,"minecraft:bow":5,"minecraft:wheat_seeds":65,"minecraft:raw_gold":12,"minecraft:bell":1,"minecraft:guster_banner_pattern":1,"minecraft:fletching_table":1,"minecraft:diamond_helmet":1,"minecraft:scrape_pottery_sherd":1,"minecraft:oak_planks":396,"minecraft:cooked_porkchop":5,"minecraft:warped_wart_block":19,"minecraft:sand":317,"minecraft:barrel":1,"minecraft:sugar":2,"minecraft:diamond":111,"minecraft:waxed_oxidized_copper_grate":1,"minecraft:granite":2,"minecraft:crossbow":1,"minecraft:breeze_rod":30,"minecraft:emerald":47,"minecraft:bread":12,"minecraft:oak_sapling":29,"minecraft:netherrack":514,"minecraft:ominous_trial_key":6,"minecraft:oak_leaves":138,"minecraft:crimson_roots":3,"minecraft:diamond_pickaxe":2,"minecraft:crafting_table":7,"minecraft:azure_bluet":3,"minecraft:ominous_bottle":1,"minecraft:chicken":3,"minecraft:clay_ball":4,"minecraft:chest_minecart":2,"minecraft:brown_mushroom":1,"minecraft:chain":3,"minecraft:brick":77,"minecraft:shield":6,"minecraft:oak_trapdoor":15,"minecraft:flow_banner_pattern":1,"minecraft:iron_axe":3,"minecraft:birch_fence":15,"minecraft:blackstone":15,"minecraft:beef":7,"minecraft:oak_boat":3,"minecraft:poppy":1,"minecraft:guster_pottery_sherd":1,"minecraft:sugar_cane":21,"minecraft:chest":4,"minecraft:birch_sapling":9,"minecraft:phantom_membrane":14,"minecraft:raw_iron":60,"minecraft:stone":9,"minecraft:bamboo_hanging_sign":4,"minecraft:bowl":1,"minecraft:flow_pottery_sherd":1,"minecraft:mace":1,"minecraft:carrot":147,"minecraft:redstone":42,"minecraft:arrow":92,"minecraft:beetroot_seeds":34,"minecraft:diamond_boots":1,"minecraft:tuff_bricks":6,"minecraft:mutton":18,"minecraft:rail":74,"minecraft:white_wool":39,"minecraft:oxeye_daisy":1,"minecraft:birch_leaves":28,"minecraft:basalt":153,"minecraft:golden_carrot":19,"minecraft:leather":16,"minecraft:birch_planks":137,"minecraft:mushroom_stew":11,"minecraft:crimson_fungus":3,"minecraft:oak_log":860,"minecraft:waxed_copper_block":14,"minecraft:ancient_debris":1,"minecraft:golden_boots":2,"minecraft:yellow_bed":2,"minecraft:gunpowder":29,"minecraft:white_banner":1,"minecraft:cooked_mutton":7,"minecraft:apple":5,"minecraft:warped_stem":1,"minecraft:iron_ingot":24,"minecraft:stone_pickaxe":1,"minecraft:cooked_chicken":11,"minecraft:stripped_oak_wood":1,"minecraft:glass_bottle":2,"minecraft:iron_sword":1,"minecraft:oak_slab":22,"minecraft:warped_fungus":1,"minecraft:emerald_block":1,"minecraft:waxed_exposed_copper_bulb":1,"minecraft:quartz":33,"minecraft:dandelion":36,"minecraft:dripstone_block":6,"minecraft:gravel":12,"minecraft:birch_stairs":4,"minecraft:white_bed":4,"minecraft:spider_eye":9,"minecraft:polished_tuff":2,"minecraft:slime_ball":12,"minecraft:stone_axe":3,"minecraft:short_grass":4,"minecraft:iron_helmet":2,"minecraft:diamond_axe":2,"minecraft:warped_roots":18,"minecraft:baked_potato":32,"minecraft:warped_nylium":3,"minecraft:coal":85,"minecraft:chiseled_tuff_bricks":3,"minecraft:ender_pearl":12},"minecraft:killed":{"minecraft:cave_spider":15,"minecraft:zombified_piglin":2,"minecraft:witch":2,"minecraft:spider":20,"minecraft:skeleton":47,"minecraft:chicken":3,"minecraft:silverfish":18,"minecraft:magma_cube":5,"minecraft:piglin":2,"minecraft:pig":6,"minecraft:creeper":34,"minecraft:sheep":10,"minecraft:pillager":3,"minecraft:zombie":119,"minecraft:stray":26,"minecraft:cow":8,"minecraft:blaze":38,"minecraft:slime":15,"minecraft:phantom":23,"minecraft:drowned":6,"minecraft:husk":35,"minecraft:bat":1,"minecraft:breeze":24,"minecraft:enderman":10}},"DataVersion":3953}