{"stats":{"minecraft:broken":{"minecraft:stone_pickaxe":2,"minecraft:stone_axe":1,"minecraft:iron_pickaxe":1},"minecraft:mined":{"minecraft:tuff":4,"minecraft:white_bed":3,"minecraft:dark_oak_leaves":1,"minecraft:deepslate_diamond_ore":20,"minecraft:glow_lichen":2,"minecraft:granite":1,"minecraft:budding_amethyst":1,"minecraft:grass_block":10,"minecraft:spruce_leaves":3,"minecraft:redstone_ore":1,"minecraft:furnace":7,"minecraft:iron_ore":85,"minecraft:cobbled_deepslate":2,"minecraft:andesite":39,"minecraft:pumpkin":4,"minecraft:deepslate_lapis_ore":13,"minecraft:peony":18,"minecraft:pointed_dripstone":4,"minecraft:deepslate_iron_ore":20,"minecraft:vine":3,"minecraft:stone":285,"minecraft:deepslate_redstone_ore":24,"minecraft:medium_amethyst_bud":1,"minecraft:amethyst_cluster":1,"minecraft:crafting_table":6,"minecraft:torch":18,"minecraft:short_grass":18,"minecraft:calcite":1,"minecraft:chest":1,"minecraft:copper_ore":8,"minecraft:cobblestone":13,"minecraft:lapis_ore":6,"minecraft:deepslate_gold_ore":38,"minecraft:oak_planks":1,"minecraft:diorite":1,"minecraft:wall_torch":12,"minecraft:amethyst_block":9,"minecraft:birch_planks":1,"minecraft:birch_log":48,"minecraft:birch_leaves":19,"minecraft:bee_nest":1,"minecraft:yellow_bed":2,"minecraft:oak_log":56,"minecraft:coal_ore":88,"minecraft:dripstone_block":19,"minecraft:sand":47,"minecraft:dirt":16,"minecraft:gold_ore":4,"minecraft:oak_leaves":36,"minecraft:deepslate":57},"minecraft:used":{"minecraft:stone_shovel":47,"minecraft:chest":3,"minecraft:shield":26,"minecraft:iron_sword":185,"minecraft:cooked_salmon":3,"minecraft:cooked_chicken":3,"minecraft:oak_door":4,"minecraft:torch":266,"minecraft:dirt":49,"minecraft:tuff":4,"minecraft:granite":1,"minecraft:glass":13,"minecraft:wooden_axe":26,"minecraft:birch_sapling":2,"minecraft:iron_helmet":2,"minecraft:oak_sapling":1,"minecraft:furnace":12,"minecraft:egg":1,"minecraft:cooked_beef":8,"minecraft:cobbled_deepslate":49,"minecraft:pumpkin":1,"minecraft:pointed_dripstone":2,"minecraft:golden_boots":1,"minecraft:cooked_mutton":29,"minecraft:water_bucket":29,"minecraft:birch_planks":61,"minecraft:oak_planks":4,"minecraft:stone_pickaxe":373,"minecraft:wooden_pickaxe":17,"minecraft:mushroom_stew":4,"minecraft:crafting_table":9,"minecraft:white_bed":4,"minecraft:dripstone_block":26,"minecraft:black_bed":1,"minecraft:redstone_torch":11,"minecraft:iron_pickaxe":402,"minecraft:stone_axe":211,"minecraft:wooden_sword":95,"minecraft:cobblestone":252,"minecraft:cooked_porkchop":5,"minecraft:andesite":39,"minecraft:bucket":30,"minecraft:yellow_bed":2},"minecraft:custom":{"minecraft:mob_kills":134,"minecraft:interact_with_crafting_table":58,"minecraft:leave_game":1,"minecraft:time_since_death":219625,"minecraft:climb_one_cm":13414,"minecraft:sprint_one_cm":467149,"minecraft:walk_one_cm":670301,"minecraft:damage_blocked_by_shield":452,"minecraft:drop":81,"minecraft:play_time":219625,"minecraft:sneak_time":1651,"minecraft:walk_under_water_one_cm":15043,"minecraft:jump":3132,"minecraft:interact_with_blast_furnace":12,"minecraft:walk_on_water_one_cm":51405,"minecraft:total_world_time":219625,"minecraft:interact_with_furnace":137,"minecraft:interact_with_stonecutter":1,"minecraft:sleep_in_bed":2,"minecraft:time_since_rest":103732,"minecraft:damage_taken":3456,"minecraft:damage_dealt":14543,"minecraft:swim_one_cm":12263,"minecraft:fly_one_cm":382285,"minecraft:open_chest":51,"minecraft:crouch_one_cm":3747,"minecraft:interact_with_smoker":12,"minecraft:fall_one_cm":98593},"minecraft:dropped":{"minecraft:wheat_seeds":2,"minecraft:diamond":3,"minecraft:cobblestone":5,"minecraft:stick":3,"minecraft:wooden_axe":1,"minecraft:rose_bush":1,"minecraft:cooked_salmon":1,"minecraft:wooden_sword":3,"minecraft:iron_pickaxe":1,"minecraft:string":2,"minecraft:redstone":4,"minecraft:sugar_cane":3,"minecraft:cooked_chicken":3,"minecraft:cobbled_deepslate":1,"minecraft:bowl":2,"minecraft:birch_sapling":5,"minecraft:pointed_dripstone":3,"minecraft:rotten_flesh":15,"minecraft:cooked_mutton":13,"minecraft:peony":16,"minecraft:oak_sapling":2,"minecraft:redstone_torch":4,"minecraft:wooden_pickaxe":1,"minecraft:stone_pickaxe":1,"minecraft:glass":33},"minecraft:crafted":{"minecraft:wooden_sword":4,"minecraft:oak_door":6,"minecraft:oak_planks":64,"minecraft:stone_shovel":1,"minecraft:cooked_chicken":7,"minecraft:furnace":4,"minecraft:cooked_mutton":42,"minecraft:glass":46,"minecraft:iron_boots":1,"minecraft:stone_pickaxe":3,"minecraft:chest":2,"minecraft:golden_boots":1,"minecraft:cooked_beef":8,"minecraft:cooked_porkchop":32,"minecraft:crafting_table":4,"minecraft:wooden_pickaxe":1,"minecraft:iron_helmet":1,"minecraft:iron_sword":1,"minecraft:cooked_salmon":3,"minecraft:bucket":1,"minecraft:birch_planks":176,"minecraft:stone_axe":2,"minecraft:amethyst_block":1,"minecraft:air":0,"minecraft:iron_chestplate":1,"minecraft:charcoal":22,"minecraft:shield":1,"minecraft:stick":108,"minecraft:iron_ingot":75,"minecraft:iron_pickaxe":2,"minecraft:wooden_axe":1,"minecraft:iron_leggings":1,"minecraft:gold_ingot":4,"minecraft:black_bed":1,"minecraft:white_bed":1,"minecraft:redstone_torch":15,"minecraft:torch":288},"minecraft:picked_up":{"minecraft:crafting_table":6,"minecraft:chicken":25,"minecraft:amethyst_block":9,"minecraft:string":2,"minecraft:raw_copper":50,"minecraft:cooked_salmon":1,"minecraft:wooden_sword":2,"minecraft:cobbled_deepslate":63,"minecraft:beef":25,"minecraft:rose_bush":1,"minecraft:calcite":1,"minecraft:light_gray_wool":1,"minecraft:iron_pickaxe":1,"minecraft:sugar_cane":3,"minecraft:chest":1,"minecraft:birch_sapling":10,"minecraft:furnace":9,"minecraft:egg":5,"minecraft:stick":5,"minecraft:raw_iron":103,"minecraft:torch":56,"minecraft:porkchop":46,"minecraft:pointed_dripstone":17,"minecraft:diorite":8,"minecraft:carrot":2,"minecraft:redstone":114,"minecraft:rotten_flesh":25,"minecraft:peony":16,"minecraft:mutton":63,"minecraft:white_wool":34,"minecraft:cobblestone":298,"minecraft:birch_log":49,"minecraft:feather":27,"minecraft:andesite":39,"minecraft:salmon":3,"minecraft:brown_wool":4,"minecraft:leather":11,"minecraft:red_mushroom":5,"minecraft:potato":1,"minecraft:birch_planks":1,"minecraft:mushroom_stew":6,"minecraft:flint":1,"minecraft:tuff":4,"minecraft:oak_log":56,"minecraft:yellow_bed":2,"minecraft:lapis_lazuli":81,"minecraft:dirt":51,"minecraft:bone":5,"minecraft:wheat_seeds":2,"minecraft:raw_gold":41,"minecraft:stone_pickaxe":1,"minecraft:iron_ingot":9,"minecraft:oak_planks":1,"minecraft:pumpkin":4,"minecraft:dripstone_block":27,"minecraft:sand":46,"minecraft:amethyst_shard":4,"minecraft:white_bed":3,"minecraft:spider_eye":2,"minecraft:diamond":29,"minecraft:granite":1,"minecraft:gray_wool":1,"minecraft:oak_sapling":7,"minecraft:black_wool":6,"minecraft:coal":163},"minecraft:killed":{"minecraft:spider":3,"minecraft:skeleton":6,"minecraft:chicken":25,"minecraft:pig":22,"minecraft:salmon":5,"minecraft:frog":1,"minecraft:sheep":37,"minecraft:zombie":21,"minecraft:glow_squid":1,"minecraft:cow":12}},"DataVersion":3953}