{"stats":{"minecraft:broken":{"minecraft:stone_pickaxe":2,"minecraft:stone_axe":1,"minecraft:iron_pickaxe":3},"minecraft:mined":{"minecraft:tuff":11,"minecraft:white_bed":3,"minecraft:oak_sapling":3,"minecraft:dark_oak_leaves":1,"minecraft:deepslate_diamond_ore":27,"minecraft:obsidian":1,"minecraft:glow_lichen":2,"minecraft:budding_amethyst":1,"minecraft:granite":14,"minecraft:grass_block":12,"minecraft:yellow_carpet":3,"minecraft:spruce_leaves":3,"minecraft:oak_wall_sign":3,"minecraft:redstone_ore":3,"minecraft:furnace":9,"minecraft:carrots":6,"minecraft:iron_ore":182,"minecraft:cobbled_deepslate":2,"minecraft:andesite":52,"minecraft:pumpkin":4,"minecraft:deepslate_lapis_ore":13,"minecraft:peony":18,"minecraft:pointed_dripstone":5,"minecraft:deepslate_iron_ore":51,"minecraft:vine":3,"minecraft:stone":504,"minecraft:deepslate_redstone_ore":40,"minecraft:smoker":1,"minecraft:medium_amethyst_bud":1,"minecraft:amethyst_cluster":1,"minecraft:crafting_table":13,"minecraft:torch":24,"minecraft:short_grass":21,"minecraft:blast_furnace":2,"minecraft:calcite":1,"minecraft:warped_roots":3,"minecraft:chest":3,"minecraft:copper_ore":8,"minecraft:cobblestone":26,"minecraft:deepslate_gold_ore":39,"minecraft:lapis_ore":9,"minecraft:oak_planks":1,"minecraft:diorite":1,"minecraft:wall_torch":22,"minecraft:amethyst_block":9,"minecraft:birch_planks":1,"minecraft:birch_log":50,"minecraft:wheat":20,"minecraft:birch_leaves":19,"minecraft:black_bed":2,"minecraft:bee_nest":1,"minecraft:yellow_bed":2,"minecraft:oak_log":67,"minecraft:coal_ore":184,"minecraft:gravel":1,"minecraft:dirt":22,"minecraft:dripstone_block":25,"minecraft:sand":51,"minecraft:gold_ore":4,"minecraft:oak_leaves":44,"minecraft:deepslate":109},"minecraft:used":{"minecraft:iron_shovel":10,"minecraft:stone_shovel":47,"minecraft:chest":7,"minecraft:shield":37,"minecraft:iron_sword":239,"minecraft:cooked_salmon":3,"minecraft:cooked_chicken":8,"minecraft:oak_door":4,"minecraft:torch":425,"minecraft:dirt":70,"minecraft:carrot":20,"minecraft:tuff":11,"minecraft:granite":2,"minecraft:glass":13,"minecraft:wooden_axe":26,"minecraft:lava_bucket":7,"minecraft:iron_axe":49,"minecraft:birch_sapling":2,"minecraft:iron_helmet":2,"minecraft:light_gray_wool":1,"minecraft:oak_sapling":1,"minecraft:furnace":13,"minecraft:egg":1,"minecraft:potato":1,"minecraft:cooked_beef":8,"minecraft:cobbled_deepslate":91,"minecraft:pumpkin":1,"minecraft:pointed_dripstone":10,"minecraft:golden_boots":1,"minecraft:wheat_seeds":24,"minecraft:cooked_mutton":37,"minecraft:water_bucket":41,"minecraft:birch_planks":63,"minecraft:oak_planks":6,"minecraft:stone_pickaxe":373,"minecraft:wooden_pickaxe":17,"minecraft:birch_boat":1,"minecraft:sand":4,"minecraft:mushroom_stew":6,"minecraft:crafting_table":15,"minecraft:white_bed":4,"minecraft:dripstone_block":39,"minecraft:black_bed":2,"minecraft:redstone_torch":11,"minecraft:oak_log":5,"minecraft:diamond_pickaxe":61,"minecraft:iron_pickaxe":939,"minecraft:bread":7,"minecraft:gravel":3,"minecraft:stone_axe":218,"minecraft:wooden_sword":95,"minecraft:cobblestone":419,"minecraft:cooked_porkchop":5,"minecraft:andesite":49,"minecraft:bucket":48,"minecraft:birch_log":2,"minecraft:yellow_bed":2},"minecraft:custom":{"minecraft:mob_kills":153,"minecraft:interact_with_crafting_table":83,"minecraft:leave_game":2,"minecraft:time_since_death":101146,"minecraft:climb_one_cm":13414,"minecraft:sprint_one_cm":689477,"minecraft:walk_one_cm":1013159,"minecraft:damage_blocked_by_shield":747,"minecraft:drop":91,"minecraft:talked_to_villager":4,"minecraft:play_time":347905,"minecraft:sneak_time":3655,"minecraft:deaths":1,"minecraft:walk_under_water_one_cm":18447,"minecraft:boat_one_cm":3060,"minecraft:jump":4776,"minecraft:interact_with_blast_furnace":52,"minecraft:walk_on_water_one_cm":62432,"minecraft:enchant_item":2,"minecraft:total_world_time":347905,"minecraft:interact_with_furnace":154,"minecraft:interact_with_stonecutter":1,"minecraft:sleep_in_bed":5,"minecraft:time_since_rest":30565,"minecraft:damage_taken":5563,"minecraft:damage_dealt":18169,"minecraft:swim_one_cm":12263,"minecraft:fly_one_cm":577303,"minecraft:open_chest":94,"minecraft:crouch_one_cm":10687,"minecraft:interact_with_smoker":31,"minecraft:fall_one_cm":158342},"minecraft:crafted":{"minecraft:wooden_sword":4,"minecraft:oak_door":6,"minecraft:oak_planks":88,"minecraft:stone_shovel":1,"minecraft:birch_boat":1,"minecraft:cooked_chicken":25,"minecraft:furnace":5,"minecraft:cooked_mutton":63,"minecraft:glass":46,"minecraft:iron_boots":2,"minecraft:iron_axe":1,"minecraft:stone_pickaxe":3,"minecraft:chest":4,"minecraft:golden_boots":1,"minecraft:cooked_beef":13,"minecraft:cooked_porkchop":32,"minecraft:crafting_table":4,"minecraft:wooden_pickaxe":1,"minecraft:iron_helmet":2,"minecraft:iron_sword":2,"minecraft:cooked_salmon":3,"minecraft:bucket":4,"minecraft:birch_planks":176,"minecraft:stone_axe":2,"minecraft:amethyst_block":1,"minecraft:bread":10,"minecraft:air":0,"minecraft:iron_chestplate":2,"minecraft:diamond_pickaxe":2,"minecraft:charcoal":39,"minecraft:shield":2,"minecraft:stick":156,"minecraft:iron_ingot":200,"minecraft:iron_pickaxe":4,"minecraft:wooden_axe":1,"minecraft:iron_shovel":1,"minecraft:iron_leggings":2,"minecraft:gold_ingot":4,"minecraft:black_bed":1,"minecraft:white_bed":1,"minecraft:redstone_torch":15,"minecraft:torch":420},"minecraft:dropped":{"minecraft:bread":1,"minecraft:wheat_seeds":2,"minecraft:lapis_lazuli":32,"minecraft:diamond":3,"minecraft:cobblestone":5,"minecraft:coal":1,"minecraft:stick":3,"minecraft:dirt":2,"minecraft:wooden_axe":1,"minecraft:rose_bush":1,"minecraft:cooked_salmon":1,"minecraft:wooden_sword":3,"minecraft:iron_pickaxe":2,"minecraft:string":2,"minecraft:bucket":1,"minecraft:redstone":4,"minecraft:sugar_cane":3,"minecraft:cooked_chicken":3,"minecraft:cobbled_deepslate":65,"minecraft:bowl":3,"minecraft:birch_sapling":5,"minecraft:pointed_dripstone":3,"minecraft:rotten_flesh":16,"minecraft:cooked_mutton":13,"minecraft:peony":16,"minecraft:oak_sapling":2,"minecraft:redstone_torch":4,"minecraft:stone_pickaxe":1,"minecraft:glass":33,"minecraft:wooden_pickaxe":1},"minecraft:picked_up":{"minecraft:crafting_table":13,"minecraft:wheat":17,"minecraft:chicken":25,"minecraft:amethyst_block":9,"minecraft:string":5,"minecraft:raw_copper":55,"minecraft:cooked_salmon":1,"minecraft:wooden_sword":2,"minecraft:oak_sign":3,"minecraft:cobbled_deepslate":177,"minecraft:bucket":1,"minecraft:beef":25,"minecraft:rose_bush":1,"minecraft:calcite":1,"minecraft:iron_pickaxe":2,"minecraft:light_gray_wool":1,"minecraft:sugar_cane":3,"minecraft:chest":3,"minecraft:birch_sapling":10,"minecraft:furnace":11,"minecraft:egg":5,"minecraft:stick":5,"minecraft:raw_iron":228,"minecraft:torch":73,"minecraft:bowl":1,"minecraft:porkchop":46,"minecraft:pointed_dripstone":25,"minecraft:diorite":8,"minecraft:carrot":20,"minecraft:redstone":193,"minecraft:arrow":6,"minecraft:rotten_flesh":32,"minecraft:peony":16,"minecraft:mutton":64,"minecraft:white_wool":35,"minecraft:cobblestone":519,"minecraft:birch_log":51,"minecraft:feather":27,"minecraft:andesite":50,"minecraft:salmon":3,"minecraft:brown_wool":4,"minecraft:black_bed":1,"minecraft:leather":11,"minecraft:smoker":1,"minecraft:red_mushroom":5,"minecraft:potato":1,"minecraft:birch_planks":1,"minecraft:mushroom_stew":6,"minecraft:flint":1,"minecraft:tuff":11,"minecraft:oak_log":67,"minecraft:yellow_bed":2,"minecraft:gunpowder":2,"minecraft:lapis_lazuli":103,"minecraft:dirt":77,"minecraft:bone":12,"minecraft:bow":1,"minecraft:wheat_seeds":51,"minecraft:raw_gold":42,"minecraft:iron_ingot":9,"minecraft:stone_pickaxe":1,"minecraft:oak_planks":41,"minecraft:pumpkin":4,"minecraft:dripstone_block":41,"minecraft:gravel":4,"minecraft:sand":50,"minecraft:amethyst_shard":4,"minecraft:blast_furnace":2,"minecraft:white_bed":3,"minecraft:spider_eye":3,"minecraft:yellow_carpet":3,"minecraft:diamond":39,"minecraft:granite":10,"minecraft:bone_meal":1,"minecraft:gray_wool":1,"minecraft:warped_roots":3,"minecraft:oak_sapling":12,"minecraft:black_wool":6,"minecraft:coal":259},"minecraft:killed":{"minecraft:spider":5,"minecraft:skeleton":10,"minecraft:chicken":25,"minecraft:pig":22,"minecraft:salmon":5,"minecraft:frog":1,"minecraft:creeper":1,"minecraft:sheep":38,"minecraft:zombie":29,"minecraft:glow_squid":1,"minecraft:villager":1,"minecraft:enderman":1,"minecraft:cow":12}},"DataVersion":3953}