{"stats":{"minecraft:broken":{"minecraft:stone_pickaxe":2,"minecraft:stone_axe":1,"minecraft:iron_pickaxe":3},"minecraft:mined":{"minecraft:tuff":11,"minecraft:white_bed":3,"minecraft:dark_oak_leaves":1,"minecraft:deepslate_diamond_ore":27,"minecraft:obsidian":1,"minecraft:glow_lichen":2,"minecraft:budding_amethyst":1,"minecraft:granite":7,"minecraft:grass_block":10,"minecraft:spruce_leaves":3,"minecraft:oak_wall_sign":3,"minecraft:redstone_ore":3,"minecraft:furnace":8,"minecraft:carrots":6,"minecraft:iron_ore":167,"minecraft:cobbled_deepslate":2,"minecraft:andesite":51,"minecraft:pumpkin":4,"minecraft:deepslate_lapis_ore":13,"minecraft:peony":18,"minecraft:pointed_dripstone":5,"minecraft:deepslate_iron_ore":51,"minecraft:vine":3,"minecraft:stone":363,"minecraft:deepslate_redstone_ore":40,"minecraft:medium_amethyst_bud":1,"minecraft:amethyst_cluster":1,"minecraft:crafting_table":9,"minecraft:torch":24,"minecraft:short_grass":19,"minecraft:calcite":1,"minecraft:chest":1,"minecraft:copper_ore":8,"minecraft:cobblestone":22,"minecraft:lapis_ore":9,"minecraft:deepslate_gold_ore":39,"minecraft:oak_planks":1,"minecraft:diorite":1,"minecraft:wall_torch":21,"minecraft:amethyst_block":9,"minecraft:birch_planks":1,"minecraft:birch_log":50,"minecraft:wheat":18,"minecraft:birch_leaves":19,"minecraft:black_bed":1,"minecraft:bee_nest":1,"minecraft:yellow_bed":2,"minecraft:oak_log":62,"minecraft:coal_ore":177,"minecraft:dripstone_block":25,"minecraft:sand":47,"minecraft:dirt":16,"minecraft:gold_ore":4,"minecraft:oak_leaves":39,"minecraft:deepslate":109},"minecraft:used":{"minecraft:stone_shovel":47,"minecraft:chest":3,"minecraft:shield":35,"minecraft:iron_sword":230,"minecraft:cooked_salmon":3,"minecraft:cooked_chicken":8,"minecraft:oak_door":4,"minecraft:torch":410,"minecraft:dirt":49,"minecraft:carrot":15,"minecraft:tuff":8,"minecraft:granite":2,"minecraft:glass":13,"minecraft:wooden_axe":26,"minecraft:lava_bucket":7,"minecraft:iron_axe":30,"minecraft:birch_sapling":2,"minecraft:iron_helmet":2,"minecraft:light_gray_wool":1,"minecraft:oak_sapling":1,"minecraft:furnace":13,"minecraft:egg":1,"minecraft:potato":1,"minecraft:cooked_beef":8,"minecraft:cobbled_deepslate":90,"minecraft:pumpkin":1,"minecraft:pointed_dripstone":2,"minecraft:golden_boots":1,"minecraft:wheat_seeds":24,"minecraft:cooked_mutton":37,"minecraft:water_bucket":41,"minecraft:birch_planks":63,"minecraft:oak_planks":4,"minecraft:stone_pickaxe":373,"minecraft:wooden_pickaxe":17,"minecraft:birch_boat":1,"minecraft:mushroom_stew":6,"minecraft:crafting_table":12,"minecraft:white_bed":4,"minecraft:dripstone_block":38,"minecraft:black_bed":2,"minecraft:redstone_torch":11,"minecraft:diamond_pickaxe":50,"minecraft:iron_pickaxe":758,"minecraft:bread":3,"minecraft:gravel":3,"minecraft:stone_axe":218,"minecraft:wooden_sword":95,"minecraft:cobblestone":338,"minecraft:cooked_porkchop":5,"minecraft:andesite":48,"minecraft:bucket":48,"minecraft:birch_log":2,"minecraft:yellow_bed":2},"minecraft:custom":{"minecraft:mob_kills":148,"minecraft:interact_with_crafting_table":75,"minecraft:leave_game":1,"minecraft:time_since_death":56475,"minecraft:climb_one_cm":13414,"minecraft:sprint_one_cm":606220,"minecraft:walk_one_cm":919617,"minecraft:damage_blocked_by_shield":694,"minecraft:drop":85,"minecraft:talked_to_villager":2,"minecraft:play_time":303234,"minecraft:sneak_time":2165,"minecraft:deaths":1,"minecraft:walk_under_water_one_cm":17167,"minecraft:boat_one_cm":3060,"minecraft:jump":4367,"minecraft:interact_with_blast_furnace":26,"minecraft:walk_on_water_one_cm":60537,"minecraft:total_world_time":303234,"minecraft:interact_with_furnace":144,"minecraft:interact_with_stonecutter":1,"minecraft:sleep_in_bed":4,"minecraft:time_since_rest":56507,"minecraft:damage_taken":5212,"minecraft:damage_dealt":17278,"minecraft:swim_one_cm":12263,"minecraft:fly_one_cm":517019,"minecraft:open_chest":63,"minecraft:crouch_one_cm":5321,"minecraft:interact_with_smoker":22,"minecraft:fall_one_cm":147432},"minecraft:dropped":{"minecraft:wheat_seeds":2,"minecraft:diamond":3,"minecraft:cobblestone":5,"minecraft:coal":1,"minecraft:stick":3,"minecraft:wooden_axe":1,"minecraft:rose_bush":1,"minecraft:cooked_salmon":1,"minecraft:wooden_sword":3,"minecraft:iron_pickaxe":2,"minecraft:string":2,"minecraft:bucket":1,"minecraft:redstone":4,"minecraft:sugar_cane":3,"minecraft:cooked_chicken":3,"minecraft:cobbled_deepslate":1,"minecraft:bowl":2,"minecraft:birch_sapling":5,"minecraft:pointed_dripstone":3,"minecraft:rotten_flesh":16,"minecraft:cooked_mutton":13,"minecraft:peony":16,"minecraft:oak_sapling":2,"minecraft:redstone_torch":4,"minecraft:wooden_pickaxe":1,"minecraft:stone_pickaxe":1,"minecraft:glass":33},"minecraft:crafted":{"minecraft:wooden_sword":4,"minecraft:oak_door":6,"minecraft:oak_planks":88,"minecraft:stone_shovel":1,"minecraft:birch_boat":1,"minecraft:cooked_chicken":25,"minecraft:furnace":5,"minecraft:cooked_mutton":63,"minecraft:glass":46,"minecraft:iron_boots":1,"minecraft:iron_axe":1,"minecraft:stone_pickaxe":3,"minecraft:chest":2,"minecraft:golden_boots":1,"minecraft:cooked_beef":13,"minecraft:cooked_porkchop":32,"minecraft:crafting_table":4,"minecraft:wooden_pickaxe":1,"minecraft:iron_helmet":1,"minecraft:iron_sword":1,"minecraft:cooked_salmon":3,"minecraft:bucket":4,"minecraft:birch_planks":176,"minecraft:stone_axe":2,"minecraft:amethyst_block":1,"minecraft:bread":5,"minecraft:air":0,"minecraft:iron_chestplate":1,"minecraft:diamond_pickaxe":1,"minecraft:charcoal":39,"minecraft:shield":2,"minecraft:stick":148,"minecraft:iron_ingot":119,"minecraft:iron_pickaxe":3,"minecraft:wooden_axe":1,"minecraft:iron_leggings":1,"minecraft:gold_ingot":4,"minecraft:black_bed":1,"minecraft:white_bed":1,"minecraft:redstone_torch":15,"minecraft:torch":420},"minecraft:picked_up":{"minecraft:crafting_table":9,"minecraft:wheat":15,"minecraft:chicken":25,"minecraft:amethyst_block":9,"minecraft:string":2,"minecraft:raw_copper":55,"minecraft:cooked_salmon":1,"minecraft:wooden_sword":2,"minecraft:oak_sign":3,"minecraft:cobbled_deepslate":113,"minecraft:bucket":1,"minecraft:beef":25,"minecraft:rose_bush":1,"minecraft:calcite":1,"minecraft:iron_pickaxe":2,"minecraft:light_gray_wool":1,"minecraft:sugar_cane":3,"minecraft:chest":1,"minecraft:birch_sapling":10,"minecraft:furnace":10,"minecraft:egg":5,"minecraft:stick":5,"minecraft:raw_iron":214,"minecraft:torch":73,"minecraft:porkchop":46,"minecraft:pointed_dripstone":25,"minecraft:diorite":8,"minecraft:carrot":20,"minecraft:redstone":193,"minecraft:arrow":6,"minecraft:rotten_flesh":32,"minecraft:peony":16,"minecraft:mutton":64,"minecraft:white_wool":35,"minecraft:cobblestone":381,"minecraft:birch_log":51,"minecraft:feather":27,"minecraft:andesite":49,"minecraft:salmon":3,"minecraft:brown_wool":4,"minecraft:black_bed":1,"minecraft:leather":11,"minecraft:red_mushroom":5,"minecraft:potato":1,"minecraft:birch_planks":1,"minecraft:mushroom_stew":6,"minecraft:flint":1,"minecraft:tuff":11,"minecraft:oak_log":62,"minecraft:yellow_bed":2,"minecraft:lapis_lazuli":103,"minecraft:dirt":51,"minecraft:bone":12,"minecraft:bow":1,"minecraft:wheat_seeds":46,"minecraft:raw_gold":42,"minecraft:iron_ingot":9,"minecraft:stone_pickaxe":1,"minecraft:oak_planks":1,"minecraft:pumpkin":4,"minecraft:dripstone_block":41,"minecraft:gravel":3,"minecraft:sand":46,"minecraft:amethyst_shard":4,"minecraft:white_bed":3,"minecraft:spider_eye":2,"minecraft:diamond":39,"minecraft:granite":4,"minecraft:bone_meal":1,"minecraft:gray_wool":1,"minecraft:oak_sapling":8,"minecraft:black_wool":6,"minecraft:coal":252},"minecraft:killed":{"minecraft:spider":3,"minecraft:skeleton":10,"minecraft:chicken":25,"minecraft:pig":22,"minecraft:salmon":5,"minecraft:frog":1,"minecraft:sheep":38,"minecraft:zombie":28,"minecraft:glow_squid":1,"minecraft:enderman":1,"minecraft:cow":12}},"DataVersion":3953}