{"stats":{"minecraft:broken":{"minecraft:stone_pickaxe":2,"minecraft:stone_axe":1,"minecraft:iron_pickaxe":2},"minecraft:mined":{"minecraft:tuff":4,"minecraft:white_bed":3,"minecraft:dark_oak_leaves":1,"minecraft:deepslate_diamond_ore":21,"minecraft:obsidian":1,"minecraft:glow_lichen":2,"minecraft:granite":7,"minecraft:budding_amethyst":1,"minecraft:grass_block":10,"minecraft:spruce_leaves":3,"minecraft:oak_wall_sign":3,"minecraft:redstone_ore":3,"minecraft:furnace":7,"minecraft:carrots":6,"minecraft:iron_ore":163,"minecraft:cobbled_deepslate":2,"minecraft:andesite":51,"minecraft:pumpkin":4,"minecraft:deepslate_lapis_ore":13,"minecraft:peony":18,"minecraft:pointed_dripstone":4,"minecraft:deepslate_iron_ore":38,"minecraft:vine":3,"minecraft:stone":363,"minecraft:deepslate_redstone_ore":27,"minecraft:medium_amethyst_bud":1,"minecraft:amethyst_cluster":1,"minecraft:crafting_table":8,"minecraft:torch":23,"minecraft:short_grass":19,"minecraft:calcite":1,"minecraft:chest":1,"minecraft:copper_ore":8,"minecraft:cobblestone":22,"minecraft:lapis_ore":6,"minecraft:deepslate_gold_ore":39,"minecraft:oak_planks":1,"minecraft:diorite":1,"minecraft:wall_torch":20,"minecraft:amethyst_block":9,"minecraft:birch_planks":1,"minecraft:wheat":18,"minecraft:birch_log":50,"minecraft:birch_leaves":19,"minecraft:black_bed":1,"minecraft:bee_nest":1,"minecraft:yellow_bed":2,"minecraft:oak_log":62,"minecraft:coal_ore":177,"minecraft:dripstone_block":23,"minecraft:sand":47,"minecraft:dirt":16,"minecraft:gold_ore":4,"minecraft:oak_leaves":39,"minecraft:deepslate":58},"minecraft:used":{"minecraft:stone_shovel":47,"minecraft:chest":3,"minecraft:shield":34,"minecraft:iron_sword":230,"minecraft:cooked_salmon":3,"minecraft:cooked_chicken":8,"minecraft:oak_door":4,"minecraft:torch":361,"minecraft:dirt":49,"minecraft:carrot":6,"minecraft:tuff":4,"minecraft:granite":2,"minecraft:glass":13,"minecraft:wooden_axe":26,"minecraft:lava_bucket":7,"minecraft:iron_axe":25,"minecraft:birch_sapling":2,"minecraft:iron_helmet":2,"minecraft:light_gray_wool":1,"minecraft:oak_sapling":1,"minecraft:furnace":12,"minecraft:egg":1,"minecraft:potato":1,"minecraft:cooked_beef":8,"minecraft:cobbled_deepslate":49,"minecraft:pumpkin":1,"minecraft:pointed_dripstone":2,"minecraft:golden_boots":1,"minecraft:wheat_seeds":24,"minecraft:cooked_mutton":37,"minecraft:water_bucket":41,"minecraft:birch_planks":63,"minecraft:oak_planks":4,"minecraft:stone_pickaxe":373,"minecraft:birch_boat":1,"minecraft:wooden_pickaxe":17,"minecraft:mushroom_stew":5,"minecraft:crafting_table":11,"minecraft:white_bed":4,"minecraft:dripstone_block":37,"minecraft:black_bed":2,"minecraft:redstone_torch":11,"minecraft:diamond_pickaxe":50,"minecraft:bread":1,"minecraft:iron_pickaxe":657,"minecraft:stone_axe":218,"minecraft:wooden_sword":95,"minecraft:cobblestone":338,"minecraft:cooked_porkchop":5,"minecraft:andesite":48,"minecraft:bucket":48,"minecraft:birch_log":2,"minecraft:yellow_bed":2},"minecraft:custom":{"minecraft:mob_kills":147,"minecraft:interact_with_crafting_table":71,"minecraft:leave_game":1,"minecraft:time_since_death":32600,"minecraft:climb_one_cm":13414,"minecraft:sprint_one_cm":552147,"minecraft:walk_one_cm":843413,"minecraft:damage_blocked_by_shield":664,"minecraft:drop":84,"minecraft:talked_to_villager":2,"minecraft:play_time":279359,"minecraft:deaths":1,"minecraft:sneak_time":1929,"minecraft:walk_under_water_one_cm":15815,"minecraft:boat_one_cm":3060,"minecraft:jump":3871,"minecraft:interact_with_blast_furnace":26,"minecraft:walk_on_water_one_cm":56884,"minecraft:total_world_time":279359,"minecraft:interact_with_furnace":143,"minecraft:interact_with_stonecutter":1,"minecraft:sleep_in_bed":4,"minecraft:time_since_rest":32632,"minecraft:damage_taken":4812,"minecraft:damage_dealt":17029,"minecraft:swim_one_cm":12263,"minecraft:fly_one_cm":466106,"minecraft:open_chest":63,"minecraft:crouch_one_cm":4617,"minecraft:interact_with_smoker":22,"minecraft:fall_one_cm":132000},"minecraft:dropped":{"minecraft:wheat_seeds":2,"minecraft:diamond":3,"minecraft:cobblestone":5,"minecraft:stick":3,"minecraft:wooden_axe":1,"minecraft:rose_bush":1,"minecraft:cooked_salmon":1,"minecraft:wooden_sword":3,"minecraft:iron_pickaxe":2,"minecraft:string":2,"minecraft:bucket":1,"minecraft:redstone":4,"minecraft:sugar_cane":3,"minecraft:cooked_chicken":3,"minecraft:cobbled_deepslate":1,"minecraft:bowl":2,"minecraft:birch_sapling":5,"minecraft:pointed_dripstone":3,"minecraft:rotten_flesh":16,"minecraft:cooked_mutton":13,"minecraft:peony":16,"minecraft:oak_sapling":2,"minecraft:redstone_torch":4,"minecraft:wooden_pickaxe":1,"minecraft:stone_pickaxe":1,"minecraft:glass":33},"minecraft:crafted":{"minecraft:wooden_sword":4,"minecraft:oak_door":6,"minecraft:oak_planks":88,"minecraft:stone_shovel":1,"minecraft:birch_boat":1,"minecraft:cooked_chicken":25,"minecraft:furnace":4,"minecraft:cooked_mutton":63,"minecraft:glass":46,"minecraft:iron_boots":1,"minecraft:iron_axe":1,"minecraft:stone_pickaxe":3,"minecraft:chest":2,"minecraft:golden_boots":1,"minecraft:cooked_beef":13,"minecraft:cooked_porkchop":32,"minecraft:crafting_table":4,"minecraft:wooden_pickaxe":1,"minecraft:iron_helmet":1,"minecraft:iron_sword":1,"minecraft:cooked_salmon":3,"minecraft:bucket":4,"minecraft:birch_planks":176,"minecraft:stone_axe":2,"minecraft:amethyst_block":1,"minecraft:bread":5,"minecraft:air":0,"minecraft:iron_chestplate":1,"minecraft:diamond_pickaxe":1,"minecraft:charcoal":39,"minecraft:shield":2,"minecraft:stick":148,"minecraft:iron_ingot":119,"minecraft:iron_pickaxe":3,"minecraft:wooden_axe":1,"minecraft:iron_leggings":1,"minecraft:gold_ingot":4,"minecraft:black_bed":1,"minecraft:white_bed":1,"minecraft:redstone_torch":15,"minecraft:torch":420},"minecraft:picked_up":{"minecraft:crafting_table":8,"minecraft:wheat":15,"minecraft:chicken":25,"minecraft:amethyst_block":9,"minecraft:string":2,"minecraft:raw_copper":55,"minecraft:cooked_salmon":1,"minecraft:wooden_sword":2,"minecraft:oak_sign":3,"minecraft:cobbled_deepslate":64,"minecraft:bucket":1,"minecraft:beef":25,"minecraft:rose_bush":1,"minecraft:calcite":1,"minecraft:iron_pickaxe":2,"minecraft:light_gray_wool":1,"minecraft:sugar_cane":3,"minecraft:chest":1,"minecraft:birch_sapling":10,"minecraft:furnace":9,"minecraft:egg":5,"minecraft:stick":5,"minecraft:raw_iron":197,"minecraft:torch":70,"minecraft:porkchop":46,"minecraft:pointed_dripstone":22,"minecraft:diorite":8,"minecraft:carrot":20,"minecraft:redstone":136,"minecraft:arrow":4,"minecraft:rotten_flesh":32,"minecraft:peony":16,"minecraft:mutton":64,"minecraft:white_wool":35,"minecraft:cobblestone":381,"minecraft:birch_log":51,"minecraft:feather":27,"minecraft:andesite":49,"minecraft:salmon":3,"minecraft:brown_wool":4,"minecraft:black_bed":1,"minecraft:leather":11,"minecraft:red_mushroom":5,"minecraft:potato":1,"minecraft:birch_planks":1,"minecraft:mushroom_stew":6,"minecraft:flint":1,"minecraft:tuff":4,"minecraft:oak_log":62,"minecraft:yellow_bed":2,"minecraft:lapis_lazuli":81,"minecraft:dirt":51,"minecraft:bone":10,"minecraft:bow":1,"minecraft:wheat_seeds":46,"minecraft:raw_gold":42,"minecraft:stone_pickaxe":1,"minecraft:iron_ingot":9,"minecraft:oak_planks":1,"minecraft:pumpkin":4,"minecraft:gravel":3,"minecraft:dripstone_block":39,"minecraft:sand":46,"minecraft:amethyst_shard":4,"minecraft:white_bed":3,"minecraft:spider_eye":2,"minecraft:diamond":30,"minecraft:granite":4,"minecraft:bone_meal":1,"minecraft:gray_wool":1,"minecraft:oak_sapling":8,"minecraft:black_wool":6,"minecraft:coal":252},"minecraft:killed":{"minecraft:spider":3,"minecraft:skeleton":9,"minecraft:chicken":25,"minecraft:pig":22,"minecraft:salmon":5,"minecraft:frog":1,"minecraft:sheep":38,"minecraft:zombie":28,"minecraft:glow_squid":1,"minecraft:cow":12,"minecraft:enderman":1}},"DataVersion":3953}