{"stats":{"minecraft:custom":{"minecraft:time_since_rest":5220,"minecraft:sprint_one_cm":109701,"minecraft:damage_taken":707,"minecraft:walk_one_cm":135625,"minecraft:damage_blocked_by_shield":90,"minecraft:mob_kills":2,"minecraft:drop":2,"minecraft:damage_dealt":406,"minecraft:interact_with_crafting_table":1,"minecraft:fly_one_cm":10031,"minecraft:open_chest":1,"minecraft:crouch_one_cm":532,"minecraft:play_time":36387,"minecraft:deaths":3,"minecraft:sneak_time":112,"minecraft:walk_under_water_one_cm":6151,"minecraft:jump":348,"minecraft:time_since_death":5195,"minecraft:walk_on_water_one_cm":2227,"minecraft:total_world_time":36387,"minecraft:fall_one_cm":16283},"minecraft:used":{"minecraft:stone_sword":23,"minecraft:birch_planks":25,"minecraft:stone_pickaxe":24,"minecraft:iron_pickaxe":24,"minecraft:shield":3,"minecraft:rotten_flesh":2,"minecraft:stone_axe":22,"minecraft:dirt":1},"minecraft:dropped":{"minecraft:stone_axe":1,"minecraft:stone_sword":1},"minecraft:mined":{"minecraft:birch_log":11,"minecraft:fire":1,"minecraft:andesite":1,"minecraft:birch_leaves":1,"minecraft:glow_lichen":2,"minecraft:short_grass":3,"minecraft:grass_block":1,"minecraft:pointed_dripstone":4,"minecraft:oak_log":6,"minecraft:dripstone_block":9,"minecraft:dirt":3,"minecraft:copper_ore":8,"minecraft:deepslate_gold_ore":3,"minecraft:stone":14,"minecraft:netherrack":1,"minecraft:diorite":1,"minecraft:oak_leaves":2,"minecraft:deepslate":2},"minecraft:killed_by":{"minecraft:zombie":1},"minecraft:crafted":{"minecraft:crafting_table":1,"minecraft:birch_planks":44},"minecraft:picked_up":{"minecraft:birch_log":11,"minecraft:stick":1,"minecraft:iron_chestplate":1,"minecraft:andesite":1,"minecraft:dripstone_block":9,"minecraft:oak_log":6,"minecraft:pointed_dripstone":9,"minecraft:diorite":1,"minecraft:shield":1,"minecraft:dirt":4,"minecraft:raw_copper":23,"minecraft:iron_leggings":1,"minecraft:stone_sword":1,"minecraft:bone":1,"minecraft:rotten_flesh":2,"minecraft:stone_axe":1,"minecraft:cobbled_deepslate":2,"minecraft:raw_gold":3,"minecraft:iron_helmet":1,"minecraft:iron_pickaxe":1,"minecraft:oak_sapling":1,"minecraft:iron_boots":1,"minecraft:cobblestone":13},"minecraft:killed":{"minecraft:skeleton":1,"minecraft:zombie":1}},"DataVersion":3953}