{"stats":{"minecraft:picked_up":{"minecraft:birch_log":11,"minecraft:iron_chestplate":1,"minecraft:crafting_table":1,"minecraft:feather":4,"minecraft:chicken":2,"minecraft:andesite":19,"minecraft:birch_planks":1,"minecraft:oak_log":15,"minecraft:shield":1,"minecraft:dirt":6,"minecraft:raw_copper":29,"minecraft:iron_leggings":1,"minecraft:cooked_mutton":6,"minecraft:bone":2,"minecraft:oak_sign":2,"minecraft:wheat_seeds":4,"minecraft:cobbled_deepslate":16,"minecraft:raw_gold":3,"minecraft:iron_pickaxe":1,"minecraft:oak_planks":3,"minecraft:egg":1,"minecraft:iron_boots":1,"minecraft:furnace":1,"minecraft:stick":5,"minecraft:raw_iron":4,"minecraft:torch":3,"minecraft:dripstone_block":32,"minecraft:gravel":2,"minecraft:sand":13,"minecraft:pointed_dripstone":11,"minecraft:ink_sac":1,"minecraft:diorite":6,"minecraft:redstone":19,"minecraft:stone_sword":1,"minecraft:arrow":1,"minecraft:rotten_flesh":4,"minecraft:stone_axe":1,"minecraft:iron_helmet":1,"minecraft:granite":12,"minecraft:oak_sapling":4,"minecraft:mutton":2,"minecraft:coal":119,"minecraft:white_wool":1,"minecraft:cobblestone":217},"minecraft:mined":{"minecraft:torch":1,"minecraft:crafting_table":1,"minecraft:glow_lichen":2,"minecraft:granite":12,"minecraft:short_grass":15,"minecraft:grass_block":3,"minecraft:cobblestone":6,"minecraft:copper_ore":10,"minecraft:deepslate_gold_ore":3,"minecraft:oak_planks":3,"minecraft:diorite":6,"minecraft:wall_torch":2,"minecraft:seagrass":1,"minecraft:birch_planks":1,"minecraft:redstone_ore":4,"minecraft:furnace":1,"minecraft:birch_log":11,"minecraft:iron_ore":4,"minecraft:fire":1,"minecraft:andesite":18,"minecraft:birch_leaves":1,"minecraft:coal_ore":83,"minecraft:pointed_dripstone":5,"minecraft:oak_log":15,"minecraft:oak_sign":2,"minecraft:sand":11,"minecraft:gravel":2,"minecraft:dripstone_block":31,"minecraft:dirt":4,"minecraft:stone":215,"minecraft:netherrack":1,"minecraft:oak_leaves":35,"minecraft:deepslate":16},"minecraft:crafted":{"minecraft:oak_planks":60,"minecraft:oak_sign":3,"minecraft:crafting_table":2,"minecraft:cooked_chicken":1,"minecraft:furnace":1,"minecraft:birch_planks":44,"minecraft:cooked_mutton":2,"minecraft:stick":8,"minecraft:stone_pickaxe":2,"minecraft:chest":2,"minecraft:torch":20},"minecraft:killed":{"minecraft:squid":1,"minecraft:skeleton":2,"minecraft:sheep":1,"minecraft:zombie":2,"minecraft:chicken":2},"minecraft:killed_by":{"minecraft:skeleton":1,"minecraft:zombie":1},"minecraft:used":{"minecraft:cooked_mutton":3,"minecraft:stone_sword":74,"minecraft:birch_planks":41,"minecraft:stone_shovel":11,"minecraft:stone_pickaxe":178,"minecraft:oak_planks":4,"minecraft:oak_sign":2,"minecraft:chest":2,"minecraft:shield":9,"minecraft:cooked_chicken":1,"minecraft:rotten_flesh":5,"minecraft:torch":7,"minecraft:dirt":3,"minecraft:sand":7,"minecraft:crafting_table":2,"minecraft:granite":1,"minecraft:chicken":1,"minecraft:iron_pickaxe":249,"minecraft:stone_axe":75,"minecraft:cobblestone":39,"minecraft:furnace":1,"minecraft:andesite":13},"minecraft:broken":{"minecraft:stone_pickaxe":1,"minecraft:iron_pickaxe":1},"minecraft:custom":{"minecraft:interact_with_furnace":8,"minecraft:mob_kills":8,"minecraft:interact_with_crafting_table":8,"minecraft:time_since_death":9581,"minecraft:climb_one_cm":4885,"minecraft:time_since_rest":9617,"minecraft:sprint_one_cm":351545,"minecraft:damage_taken":1443,"minecraft:walk_one_cm":307962,"minecraft:damage_blocked_by_shield":330,"minecraft:drop":7,"minecraft:damage_dealt":1259,"minecraft:fly_one_cm":39876,"minecraft:open_chest":12,"minecraft:crouch_one_cm":532,"minecraft:play_time":96319,"minecraft:deaths":5,"minecraft:sneak_time":229,"minecraft:walk_under_water_one_cm":15704,"minecraft:jump":1128,"minecraft:walk_on_water_one_cm":26006,"minecraft:total_world_time":96319,"minecraft:fall_one_cm":33350},"minecraft:dropped":{"minecraft:stone_axe":1,"minecraft:wheat_seeds":1,"minecraft:stone_sword":1,"minecraft:rotten_flesh":1,"minecraft:stick":2,"minecraft:sand":1}},"DataVersion":3953}