{"stats":{"minecraft:picked_up":{"minecraft:crafting_table":1,"minecraft:iron_chestplate":1,"minecraft:wheat":5,"minecraft:chicken":2,"minecraft:chain":7,"minecraft:shield":1,"minecraft:string":6,"minecraft:raw_copper":29,"minecraft:iron_leggings":1,"minecraft:oak_sign":2,"minecraft:cobbled_deepslate":52,"minecraft:iron_pickaxe":1,"minecraft:furnace":1,"minecraft:iron_boots":1,"minecraft:egg":1,"minecraft:raw_iron":72,"minecraft:stick":6,"minecraft:oak_fence":2,"minecraft:torch":11,"minecraft:pointed_dripstone":11,"minecraft:diorite":45,"minecraft:carrot":15,"minecraft:redstone":75,"minecraft:rotten_flesh":7,"minecraft:stone_sword":1,"minecraft:arrow":7,"minecraft:mutton":2,"minecraft:white_wool":4,"minecraft:cobblestone":358,"minecraft:birch_log":11,"minecraft:feather":4,"minecraft:andesite":43,"minecraft:birch_planks":3,"minecraft:tuff":8,"minecraft:oak_log":19,"minecraft:lapis_lazuli":37,"minecraft:dirt":65,"minecraft:cooked_mutton":6,"minecraft:bone":4,"minecraft:wheat_seeds":22,"minecraft:raw_gold":7,"minecraft:oak_planks":3,"minecraft:birch_stairs":2,"minecraft:gravel":2,"minecraft:dripstone_block":35,"minecraft:sand":77,"minecraft:ink_sac":1,"minecraft:spider_eye":1,"minecraft:slime_ball":12,"minecraft:diamond":5,"minecraft:stone_axe":1,"minecraft:iron_helmet":1,"minecraft:granite":13,"minecraft:oak_sapling":5,"minecraft:coal":204},"minecraft:crafted":{"minecraft:oak_planks":76,"minecraft:oak_sign":3,"minecraft:cooked_chicken":1,"minecraft:furnace":3,"minecraft:cooked_mutton":2,"minecraft:glass":64,"minecraft:stone_pickaxe":3,"minecraft:chest":2,"minecraft:oak_fence":15,"minecraft:crafting_table":4,"minecraft:birch_planks":44,"minecraft:bread":1,"minecraft:stick":32,"minecraft:iron_ingot":40,"minecraft:iron_pickaxe":1,"minecraft:torch":44,"minecraft:shears":1},"minecraft:mined":{"minecraft:tuff":6,"minecraft:deepslate_diamond_ore":2,"minecraft:glow_lichen":3,"minecraft:granite":21,"minecraft:grass_block":13,"minecraft:spawner":1,"minecraft:redstone_ore":4,"minecraft:carrots":4,"minecraft:furnace":1,"minecraft:iron_ore":39,"minecraft:fire":1,"minecraft:andesite":42,"minecraft:deepslate_lapis_ore":2,"minecraft:pointed_dripstone":7,"minecraft:oak_sign":2,"minecraft:deepslate_iron_ore":34,"minecraft:dirt_path":2,"minecraft:stone":351,"minecraft:deepslate_redstone_ore":12,"minecraft:birch_stairs":2,"minecraft:oak_fence":2,"minecraft:crafting_table":1,"minecraft:torch":2,"minecraft:short_grass":24,"minecraft:glass":1,"minecraft:copper_ore":11,"minecraft:cobblestone":10,"minecraft:deepslate_gold_ore":7,"minecraft:lapis_ore":4,"minecraft:oak_planks":3,"minecraft:diorite":39,"minecraft:wall_torch":4,"minecraft:seagrass":1,"minecraft:chain":8,"minecraft:birch_planks":1,"minecraft:birch_log":11,"minecraft:wheat":6,"minecraft:birch_leaves":1,"minecraft:oak_log":19,"minecraft:coal_ore":166,"minecraft:dripstone_block":34,"minecraft:gravel":2,"minecraft:sand":78,"minecraft:dirt":44,"minecraft:netherrack":1,"minecraft:oak_leaves":39,"minecraft:deepslate":52},"minecraft:killed":{"minecraft:spider":4,"minecraft:slime":17,"minecraft:skeleton":6,"minecraft:chicken":2,"minecraft:squid":1,"minecraft:sheep":1,"minecraft:zombie":4,"minecraft:cow":1},"minecraft:killed_by":{"minecraft:creeper":1,"minecraft:skeleton":3,"minecraft:zombie":4},"minecraft:used":{"minecraft:oak_fence":17,"minecraft:stone_sword":137,"minecraft:stone_shovel":121,"minecraft:oak_sign":2,"minecraft:chest":2,"minecraft:shield":15,"minecraft:cooked_chicken":1,"minecraft:rotten_flesh":5,"minecraft:torch":55,"minecraft:dirt":55,"minecraft:carrot":15,"minecraft:granite":1,"minecraft:glass":1,"minecraft:furnace":3,"minecraft:egg":1,"minecraft:wheat_seeds":6,"minecraft:cooked_mutton":8,"minecraft:birch_planks":41,"minecraft:stone_pickaxe":436,"minecraft:oak_planks":4,"minecraft:sand":7,"minecraft:crafting_table":4,"minecraft:chicken":1,"minecraft:bread":1,"minecraft:iron_pickaxe":486,"minecraft:stone_axe":108,"minecraft:cobblestone":123,"minecraft:andesite":13},"minecraft:broken":{"minecraft:stone_sword":1,"minecraft:stone_pickaxe":3,"minecraft:stone_axe":1,"minecraft:iron_pickaxe":2,"minecraft:stone_shovel":1},"minecraft:custom":{"minecraft:mob_kills":36,"minecraft:animals_bred":1,"minecraft:interact_with_crafting_table":19,"minecraft:time_since_death":51514,"minecraft:climb_one_cm":4885,"minecraft:sprint_one_cm":666101,"minecraft:walk_one_cm":740680,"minecraft:damage_blocked_by_shield":580,"minecraft:drop":16,"minecraft:play_time":216319,"minecraft:deaths":12,"minecraft:sneak_time":493,"minecraft:walk_under_water_one_cm":44520,"minecraft:jump":2755,"minecraft:walk_on_water_one_cm":63345,"minecraft:total_world_time":216319,"minecraft:interact_with_furnace":17,"minecraft:sleep_in_bed":1,"minecraft:time_since_rest":24770,"minecraft:damage_taken":3869,"minecraft:damage_dealt":3971,"minecraft:minecart_one_cm":35034,"minecraft:swim_one_cm":20634,"minecraft:fly_one_cm":150592,"minecraft:open_chest":33,"minecraft:crouch_one_cm":535,"minecraft:fall_one_cm":63841},"minecraft:dropped":{"minecraft:iron_ingot":2,"minecraft:wheat_seeds":1,"minecraft:stick":3,"minecraft:diorite":6,"minecraft:sand":1,"minecraft:stone_axe":1,"minecraft:stone_sword":1,"minecraft:tuff":1,"minecraft:wheat":1,"minecraft:raw_iron":25,"minecraft:rotten_flesh":1,"minecraft:glass":1}},"DataVersion":3953}