{"stats":{"minecraft:picked_up":{"minecraft:crafting_table":4,"minecraft:iron_chestplate":7,"minecraft:wheat":46,"minecraft:ominous_bottle":1,"minecraft:diamond_sword":1,"minecraft:golden_shovel":2,"minecraft:brick":57,"minecraft:wind_charge":2,"minecraft:string":34,"minecraft:waxed_cut_copper_slab":1,"minecraft:iron_axe":2,"minecraft:iron_leggings":4,"minecraft:red_candle":15,"minecraft:blackstone":18,"minecraft:beetroot":20,"minecraft:smooth_stone":2,"minecraft:gold_nugget":30,"minecraft:cobbled_deepslate":262,"minecraft:bucket":2,"minecraft:beef":4,"minecraft:trial_key":5,"minecraft:chiseled_tuff":4,"minecraft:cobblestone_slab":3,"minecraft:iron_pickaxe":5,"minecraft:waxed_oxidized_copper":3,"minecraft:chest":2,"minecraft:iron_boots":4,"minecraft:egg":2,"minecraft:tipped_arrow":7,"minecraft:stick":2,"minecraft:raw_iron":23,"minecraft:bamboo_hanging_sign":4,"minecraft:copper_ingot":1,"minecraft:oak_fence":2,"minecraft:torch":58,"minecraft:flow_pottery_sherd":2,"minecraft:waxed_weathered_copper_bulb":1,"minecraft:waxed_copper_grate":3,"minecraft:pointed_dripstone":26,"minecraft:carrot":437,"minecraft:redstone":59,"minecraft:quartz_block":21,"minecraft:stone_sword":6,"minecraft:arrow":56,"minecraft:rotten_flesh":57,"minecraft:beetroot_seeds":59,"minecraft:glowstone":10,"minecraft:tuff_bricks":101,"minecraft:white_wool":2,"minecraft:cobblestone":15,"minecraft:birch_log":15,"minecraft:magma_block":30,"minecraft:golden_carrot":4,"minecraft:birch_slab":2,"minecraft:water_bucket":1,"minecraft:andesite":2,"minecraft:leather":3,"minecraft:red_glazed_terracotta":3,"minecraft:red_mushroom":1,"minecraft:potato":32,"minecraft:birch_planks":34,"minecraft:waxed_copper_bulb":7,"minecraft:flint":2,"minecraft:tuff":13,"minecraft:oak_log":2,"minecraft:waxed_copper_block":22,"minecraft:lapis_lazuli":112,"minecraft:dirt":246,"minecraft:glass":34,"minecraft:bone":44,"minecraft:bow":3,"minecraft:wheat_seeds":115,"minecraft:polished_tuff_slab":15,"minecraft:raw_gold":9,"minecraft:yellow_stained_glass":32,"minecraft:iron_ingot":97,"minecraft:stone_pickaxe":4,"minecraft:guster_banner_pattern":2,"minecraft:glass_bottle":2,"minecraft:glowstone_dust":7,"minecraft:stone_hoe":1,"minecraft:iron_sword":6,"minecraft:oak_planks":21,"minecraft:book":8,"minecraft:scaffolding":3,"minecraft:emerald_block":1,"minecraft:cooked_porkchop":7,"minecraft:heavy_core":1,"minecraft:waxed_exposed_copper_bulb":3,"minecraft:warped_wart_block":1,"minecraft:quartz":31,"minecraft:dandelion":3,"minecraft:dripstone_block":8,"minecraft:gravel":21,"minecraft:white_bed":2,"minecraft:barrel":1,"minecraft:spider_eye":5,"minecraft:polished_tuff":18,"minecraft:iron_hoe":1,"minecraft:diamond":17,"minecraft:stone_axe":2,"minecraft:iron_helmet":4,"minecraft:emerald":10,"minecraft:warped_roots":4,"minecraft:ominous_trial_key":1,"minecraft:warped_nylium":5,"minecraft:netherrack":842,"minecraft:coal":2,"minecraft:ender_pearl":7,"minecraft:diamond_pickaxe":2},"minecraft:used":{"minecraft:tuff_bricks":67,"minecraft:oak_fence":6,"minecraft:stone_sword":128,"minecraft:chest":2,"minecraft:shield":31,"minecraft:iron_sword":91,"minecraft:trial_key":4,"minecraft:netherrack":314,"minecraft:torch":10,"minecraft:dirt":63,"minecraft:white_carpet":3,"minecraft:carrot":153,"minecraft:golden_shovel":91,"minecraft:honey_bottle":6,"minecraft:yellow_stained_glass":32,"minecraft:iron_axe":11,"minecraft:red_candle":1,"minecraft:golden_carrot":2,"minecraft:beef":4,"minecraft:glowstone":28,"minecraft:bow":30,"minecraft:magma_block":4,"minecraft:scaffolding":1,"minecraft:beetroot_seeds":30,"minecraft:egg":2,"minecraft:potato":21,"minecraft:cobbled_deepslate":35,"minecraft:cooked_mutton":1,"minecraft:wheat_seeds":79,"minecraft:water_bucket":28,"minecraft:birch_planks":2,"minecraft:stone_pickaxe":53,"minecraft:oak_planks":3,"minecraft:ender_pearl":2,"minecraft:cobblestone_slab":4,"minecraft:waxed_copper_block":7,"minecraft:crafting_table":4,"minecraft:birch_fence":12,"minecraft:polished_tuff":7,"minecraft:ominous_trial_key":1,"minecraft:wind_charge":1,"minecraft:birch_fence_gate":1,"minecraft:iron_pickaxe":1266,"minecraft:gravel":7,"minecraft:stone_axe":115,"minecraft:diamond_sword":310,"minecraft:cobblestone":73,"minecraft:bucket":28},"minecraft:broken":{"minecraft:iron_leggings":1,"minecraft:stone_axe":1,"minecraft:iron_pickaxe":2,"minecraft:iron_helmet":2},"minecraft:mined":{"minecraft:nether_gold_ore":8,"minecraft:large_amethyst_bud":1,"minecraft:tuff":69,"minecraft:mossy_cobblestone":1,"minecraft:deepslate_diamond_ore":1,"minecraft:waxed_oxidized_chiseled_copper":1,"minecraft:budding_amethyst":1,"minecraft:grass_block":90,"minecraft:decorated_pot":16,"minecraft:chiseled_tuff_bricks":8,"minecraft:crimson_fungus":1,"minecraft:tuff_bricks":90,"minecraft:vault":1,"minecraft:smooth_stone":1,"minecraft:magma_block":16,"minecraft:waxed_oxidized_cut_copper":1,"minecraft:glowstone":2,"minecraft:carrots":89,"minecraft:waxed_copper_grate":5,"minecraft:nether_sprouts":1,"minecraft:iron_ore":13,"minecraft:cobbled_deepslate":18,"minecraft:barrel":3,"minecraft:polished_tuff":19,"minecraft:deepslate_lapis_ore":9,"minecraft:chiseled_tuff":2,"minecraft:potatoes":8,"minecraft:pointed_dripstone":2,"minecraft:deepslate_iron_ore":5,"minecraft:polished_tuff_slab":4,"minecraft:waxed_weathered_copper_bulb":1,"minecraft:stone":7,"minecraft:deepslate_redstone_ore":16,"minecraft:waxed_exposed_copper_bulb":2,"minecraft:scaffolding":1,"minecraft:blackstone":19,"minecraft:amethyst_cluster":4,"minecraft:dandelion":2,"minecraft:crafting_table":3,"minecraft:torch":5,"minecraft:short_grass":68,"minecraft:calcite":1,"minecraft:poppy":1,"minecraft:warped_roots":1,"minecraft:chest":2,"minecraft:nether_quartz_ore":34,"minecraft:tall_grass":10,"minecraft:cobblestone":21,"minecraft:red_glazed_terracotta":3,"minecraft:deepslate_gold_ore":7,"minecraft:waxed_chiseled_copper":2,"minecraft:oak_planks":5,"minecraft:wall_torch":2,"minecraft:amethyst_block":2,"minecraft:warped_wart_block":1,"minecraft:waxed_copper_bulb":5,"minecraft:red_candle":5,"minecraft:waxed_oxidized_copper_grate":3,"minecraft:light_gray_stained_glass":6,"minecraft:birch_log":15,"minecraft:wheat":42,"minecraft:birch_leaves":2,"minecraft:waxed_copper_block":21,"minecraft:bee_nest":1,"minecraft:oak_log":2,"minecraft:coal_ore":8,"minecraft:beetroots":22,"minecraft:waxed_oxidized_copper":5,"minecraft:flower_pot":1,"minecraft:gravel":23,"minecraft:dripstone_block":8,"minecraft:dirt":26,"minecraft:smooth_basalt":1,"minecraft:dispenser":2,"minecraft:netherrack":533,"minecraft:yellow_stained_glass":1,"minecraft:oak_leaves":4,"minecraft:deepslate":280},"minecraft:dropped":{"minecraft:iron_sword":3,"minecraft:ominous_bottle":1,"minecraft:ender_pearl":4,"minecraft:diamond":2,"minecraft:crafting_table":1,"minecraft:dripstone_block":7,"minecraft:cobblestone":6,"minecraft:polished_tuff":11,"minecraft:red_mushroom":1,"minecraft:heavy_core":1,"minecraft:emerald":10,"minecraft:flint":1,"minecraft:stick":6,"minecraft:dirt":9,"minecraft:torch":8,"minecraft:golden_carrot":1,"minecraft:waxed_copper_bulb":7,"minecraft:iron_leggings":1,"minecraft:iron_axe":2,"minecraft:iron_pickaxe":4,"minecraft:smooth_stone":2,"minecraft:string":6,"minecraft:white_wool":1,"minecraft:bone":19,"minecraft:gravel":14,"minecraft:stone_axe":2,"minecraft:tuff_bricks":5,"minecraft:flow_pottery_sherd":1,"minecraft:warped_nylium":1,"minecraft:polished_tuff_slab":15,"minecraft:stone_sword":2,"minecraft:cobbled_deepslate":22,"minecraft:bamboo_hanging_sign":1,"minecraft:tuff":13,"minecraft:guster_banner_pattern":1,"minecraft:wheat":4,"minecraft:pointed_dripstone":9,"minecraft:beetroot":20,"minecraft:rotten_flesh":15,"minecraft:iron_boots":1,"minecraft:oak_planks":4,"minecraft:waxed_copper_block":11,"minecraft:carrot":71,"minecraft:diamond_sword":1,"minecraft:cobblestone_slab":3,"minecraft:tipped_arrow":6,"minecraft:trial_key":1,"minecraft:iron_chestplate":1,"minecraft:andesite":2,"minecraft:spider_eye":2,"minecraft:chiseled_tuff":2,"minecraft:waxed_exposed_copper_bulb":1,"minecraft:bow":2,"minecraft:arrow":10,"minecraft:brick":4},"minecraft:killed_by":{"minecraft:player":2,"minecraft:enderman":1,"minecraft:silverfish":1,"minecraft:cave_spider":1,"minecraft:zombie":3},"minecraft:custom":{"minecraft:mob_kills":55,"minecraft:animals_bred":9,"minecraft:interact_with_crafting_table":57,"minecraft:open_barrel":1,"minecraft:leave_game":4,"minecraft:time_since_death":2205,"minecraft:climb_one_cm":13258,"minecraft:sprint_one_cm":673344,"minecraft:walk_one_cm":1553966,"minecraft:damage_blocked_by_shield":810,"minecraft:drop":152,"minecraft:talked_to_villager":2,"minecraft:play_time":313735,"minecraft:deaths":12,"minecraft:sneak_time":1413,"minecraft:walk_under_water_one_cm":45918,"minecraft:jump":3070,"minecraft:walk_on_water_one_cm":72895,"minecraft:total_world_time":313735,"minecraft:interact_with_furnace":2,"minecraft:sleep_in_bed":3,"minecraft:time_since_rest":2231,"minecraft:damage_taken":8908,"minecraft:damage_dealt":9968,"minecraft:swim_one_cm":12850,"minecraft:fly_one_cm":92817,"minecraft:open_chest":215,"minecraft:crouch_one_cm":3472,"minecraft:fall_one_cm":77203},"minecraft:killed":{"minecraft:spider":3,"minecraft:skeleton":3,"minecraft:silverfish":5,"minecraft:drowned":7,"minecraft:husk":8,"minecraft:zombie":18,"minecraft:stray":2,"minecraft:breeze":2,"minecraft:cow":2,"minecraft:enderman":3},"minecraft:crafted":{"minecraft:oak_planks":8,"minecraft:white_carpet":3,"minecraft:quartz_block":7,"minecraft:iron_boots":3,"minecraft:iron_axe":2,"minecraft:birch_fence_gate":1,"minecraft:oak_fence":6,"minecraft:diamond_sword":1,"minecraft:crafting_table":3,"minecraft:iron_helmet":3,"minecraft:iron_sword":1,"minecraft:bucket":1,"minecraft:birch_planks":60,"minecraft:iron_chestplate":2,"minecraft:diamond_pickaxe":1,"minecraft:shield":2,"minecraft:birch_fence":12,"minecraft:stick":48,"minecraft:iron_pickaxe":7,"minecraft:iron_leggings":3,"minecraft:torch":8,"minecraft:diamond_chestplate":1}},"DataVersion":3953}