{"stats":{"minecraft:broken":{"minecraft:iron_pickaxe":2},"minecraft:mined":{"minecraft:deepslate_redstone_ore":11,"minecraft:nether_gold_ore":8,"minecraft:large_amethyst_bud":1,"minecraft:tuff":69,"minecraft:blackstone":19,"minecraft:amethyst_cluster":4,"minecraft:dandelion":1,"minecraft:torch":4,"minecraft:short_grass":43,"minecraft:budding_amethyst":1,"minecraft:grass_block":86,"minecraft:calcite":1,"minecraft:warped_roots":1,"minecraft:cobblestone":19,"minecraft:tall_grass":10,"minecraft:nether_quartz_ore":34,"minecraft:deepslate_gold_ore":2,"minecraft:crimson_fungus":1,"minecraft:amethyst_block":2,"minecraft:warped_wart_block":1,"minecraft:magma_block":16,"minecraft:glowstone":2,"minecraft:iron_ore":6,"minecraft:carrots":21,"minecraft:nether_sprouts":1,"minecraft:birch_log":8,"minecraft:cobbled_deepslate":2,"minecraft:wheat":12,"minecraft:deepslate_lapis_ore":9,"minecraft:bee_nest":1,"minecraft:potatoes":7,"minecraft:pointed_dripstone":1,"minecraft:deepslate_iron_ore":2,"minecraft:gravel":16,"minecraft:dripstone_block":1,"minecraft:dirt":4,"minecraft:smooth_basalt":1,"minecraft:stone":3,"minecraft:yellow_stained_glass":1,"minecraft:netherrack":525,"minecraft:deepslate":224},"minecraft:killed_by":{"minecraft:enderman":1},"minecraft:custom":{"minecraft:mob_kills":14,"minecraft:interact_with_crafting_table":22,"minecraft:leave_game":2,"minecraft:time_since_death":35587,"minecraft:sleep_in_bed":1,"minecraft:climb_one_cm":1168,"minecraft:time_since_rest":28564,"minecraft:sprint_one_cm":191725,"minecraft:damage_taken":3443,"minecraft:walk_one_cm":627028,"minecraft:damage_blocked_by_shield":180,"minecraft:drop":60,"minecraft:damage_dealt":3011,"minecraft:talked_to_villager":1,"minecraft:fly_one_cm":19771,"minecraft:open_chest":37,"minecraft:play_time":124098,"minecraft:crouch_one_cm":1321,"minecraft:deaths":5,"minecraft:sneak_time":310,"minecraft:walk_under_water_one_cm":13466,"minecraft:jump":1436,"minecraft:walk_on_water_one_cm":20370,"minecraft:total_world_time":124098,"minecraft:fall_one_cm":34710},"minecraft:used":{"minecraft:wheat_seeds":5,"minecraft:water_bucket":16,"minecraft:stone_sword":102,"minecraft:birch_planks":2,"minecraft:stone_pickaxe":45,"minecraft:ender_pearl":2,"minecraft:shield":4,"minecraft:iron_sword":91,"minecraft:netherrack":274,"minecraft:torch":7,"minecraft:dirt":9,"minecraft:crafting_table":3,"minecraft:carrot":53,"minecraft:golden_shovel":71,"minecraft:yellow_stained_glass":32,"minecraft:iron_axe":6,"minecraft:iron_pickaxe":946,"minecraft:stone_axe":38,"minecraft:glowstone":24,"minecraft:cobblestone":73,"minecraft:bucket":17,"minecraft:potato":17,"minecraft:cooked_mutton":1},"minecraft:crafted":{"minecraft:crafting_table":3,"minecraft:iron_helmet":1,"minecraft:iron_sword":1,"minecraft:bucket":1,"minecraft:birch_planks":32,"minecraft:quartz_block":7,"minecraft:iron_boots":1,"minecraft:iron_chestplate":2,"minecraft:diamond_pickaxe":1,"minecraft:shield":1,"minecraft:iron_axe":1,"minecraft:stick":24,"minecraft:iron_pickaxe":6,"minecraft:iron_leggings":1},"minecraft:dropped":{"minecraft:gravel":14,"minecraft:iron_sword":3,"minecraft:stone_axe":2,"minecraft:warped_nylium":1,"minecraft:stone_sword":2,"minecraft:cobbled_deepslate":1,"minecraft:ender_pearl":4,"minecraft:diamond":2,"minecraft:crafting_table":1,"minecraft:tuff":13,"minecraft:wheat":1,"minecraft:cobblestone":2,"minecraft:carrot":30,"minecraft:stick":5,"minecraft:flint":1,"minecraft:spider_eye":1,"minecraft:iron_axe":1,"minecraft:arrow":1,"minecraft:iron_pickaxe":3,"minecraft:string":4},"minecraft:picked_up":{"minecraft:birch_log":8,"minecraft:crafting_table":1,"minecraft:iron_chestplate":3,"minecraft:magma_block":16,"minecraft:wheat":8,"minecraft:potato":28,"minecraft:birch_planks":34,"minecraft:flint":2,"minecraft:tuff":13,"minecraft:dirt":82,"minecraft:lapis_lazuli":112,"minecraft:string":22,"minecraft:iron_axe":1,"minecraft:iron_leggings":2,"minecraft:bone":4,"minecraft:blackstone":18,"minecraft:yellow_stained_glass":32,"minecraft:wheat_seeds":32,"minecraft:gold_nugget":30,"minecraft:cobbled_deepslate":191,"minecraft:raw_gold":6,"minecraft:iron_ingot":83,"minecraft:stone_pickaxe":2,"minecraft:iron_pickaxe":4,"minecraft:glowstone_dust":7,"minecraft:stone_hoe":1,"minecraft:iron_sword":6,"minecraft:oak_planks":6,"minecraft:iron_boots":2,"minecraft:book":8,"minecraft:raw_iron":15,"minecraft:stick":2,"minecraft:cooked_porkchop":7,"minecraft:dandelion":1,"minecraft:oak_fence":2,"minecraft:warped_wart_block":1,"minecraft:torch":55,"minecraft:quartz":31,"minecraft:dripstone_block":1,"minecraft:gravel":14,"minecraft:pointed_dripstone":8,"minecraft:carrot":220,"minecraft:redstone":39,"minecraft:spider_eye":2,"minecraft:quartz_block":21,"minecraft:iron_hoe":1,"minecraft:stone_sword":4,"minecraft:arrow":1,"minecraft:rotten_flesh":20,"minecraft:diamond":5,"minecraft:stone_axe":1,"minecraft:iron_helmet":2,"minecraft:warped_roots":4,"minecraft:netherrack":738,"minecraft:warped_nylium":5,"minecraft:ender_pearl":7,"minecraft:cobblestone":11,"minecraft:diamond_pickaxe":2},"minecraft:killed":{"minecraft:spider":2,"minecraft:skeleton":1,"minecraft:zombie":7,"minecraft:enderman":3}},"DataVersion":3953}