{"stats":{"minecraft:mined":{"minecraft:nether_gold_ore":8,"minecraft:carrots":12,"minecraft:birch_log":8,"minecraft:wheat":2,"minecraft:potatoes":7,"minecraft:nether_quartz_ore":23,"minecraft:netherrack":132},"minecraft:used":{"minecraft:wheat_seeds":5,"minecraft:birch_planks":2,"minecraft:iron_axe":6,"minecraft:iron_pickaxe":165,"minecraft:ender_pearl":1,"minecraft:shield":4,"minecraft:iron_sword":1,"minecraft:netherrack":14,"minecraft:stone_axe":8,"minecraft:carrot":11,"minecraft:potato":5},"minecraft:custom":{"minecraft:time_since_rest":22307,"minecraft:sprint_one_cm":41153,"minecraft:damage_taken":484,"minecraft:walk_one_cm":108182,"minecraft:damage_blocked_by_shield":180,"minecraft:mob_kills":1,"minecraft:drop":5,"minecraft:damage_dealt":228,"minecraft:interact_with_crafting_table":11,"minecraft:fly_one_cm":3983,"minecraft:open_chest":4,"minecraft:crouch_one_cm":233,"minecraft:play_time":22307,"minecraft:sneak_time":65,"minecraft:jump":293,"minecraft:leave_game":2,"minecraft:walk_on_water_one_cm":134,"minecraft:time_since_death":22307,"minecraft:climb_one_cm":1168,"minecraft:total_world_time":22307,"minecraft:fall_one_cm":3871},"minecraft:crafted":{"minecraft:iron_boots":1,"minecraft:iron_chestplate":1,"minecraft:shield":1,"minecraft:iron_axe":1,"minecraft:stick":8,"minecraft:iron_pickaxe":1,"minecraft:iron_helmet":1,"minecraft:iron_sword":1,"minecraft:iron_leggings":1,"minecraft:birch_planks":32},"minecraft:dropped":{"minecraft:stone_axe":1,"minecraft:iron_sword":1,"minecraft:iron_axe":1,"minecraft:carrot":2},"minecraft:picked_up":{"minecraft:birch_log":8,"minecraft:wheat":1,"minecraft:quartz":20,"minecraft:potato":10,"minecraft:carrot":25,"minecraft:iron_axe":1,"minecraft:rotten_flesh":1,"minecraft:stone_axe":1,"minecraft:wheat_seeds":5,"minecraft:gold_nugget":30,"minecraft:iron_ingot":54,"minecraft:netherrack":131,"minecraft:iron_sword":1,"minecraft:ender_pearl":1},"minecraft:killed":{"minecraft:enderman":1}},"DataVersion":3953}