{"stats":{"minecraft:broken":{"minecraft:iron_pickaxe":2},"minecraft:mined":{"minecraft:nether_gold_ore":8,"minecraft:large_amethyst_bud":1,"minecraft:tuff":69,"minecraft:budding_amethyst":1,"minecraft:grass_block":90,"minecraft:crimson_fungus":1,"minecraft:magma_block":16,"minecraft:glowstone":2,"minecraft:carrots":72,"minecraft:nether_sprouts":1,"minecraft:iron_ore":6,"minecraft:cobbled_deepslate":2,"minecraft:deepslate_lapis_ore":9,"minecraft:pointed_dripstone":1,"minecraft:potatoes":8,"minecraft:deepslate_iron_ore":2,"minecraft:stone":3,"minecraft:deepslate_redstone_ore":11,"minecraft:blackstone":19,"minecraft:amethyst_cluster":4,"minecraft:dandelion":1,"minecraft:crafting_table":2,"minecraft:torch":4,"minecraft:short_grass":59,"minecraft:calcite":1,"minecraft:poppy":1,"minecraft:warped_roots":1,"minecraft:chest":2,"minecraft:nether_quartz_ore":34,"minecraft:tall_grass":10,"minecraft:cobblestone":19,"minecraft:deepslate_gold_ore":2,"minecraft:amethyst_block":2,"minecraft:warped_wart_block":1,"minecraft:birch_log":15,"minecraft:wheat":24,"minecraft:birch_leaves":2,"minecraft:bee_nest":1,"minecraft:oak_log":2,"minecraft:beetroots":6,"minecraft:gravel":23,"minecraft:dripstone_block":1,"minecraft:dirt":26,"minecraft:smooth_basalt":1,"minecraft:netherrack":533,"minecraft:yellow_stained_glass":1,"minecraft:oak_leaves":4,"minecraft:deepslate":224},"minecraft:killed_by":{"minecraft:player":2,"minecraft:enderman":1},"minecraft:custom":{"minecraft:mob_kills":14,"minecraft:interact_with_crafting_table":31,"minecraft:leave_game":2,"minecraft:time_since_death":47002,"minecraft:climb_one_cm":1168,"minecraft:sprint_one_cm":375766,"minecraft:walk_one_cm":850758,"minecraft:damage_blocked_by_shield":180,"minecraft:drop":64,"minecraft:talked_to_villager":2,"minecraft:play_time":184072,"minecraft:sneak_time":603,"minecraft:deaths":7,"minecraft:walk_under_water_one_cm":15537,"minecraft:jump":1969,"minecraft:walk_on_water_one_cm":26971,"minecraft:total_world_time":184072,"minecraft:interact_with_furnace":2,"minecraft:sleep_in_bed":3,"minecraft:time_since_rest":42210,"minecraft:damage_taken":4445,"minecraft:damage_dealt":3123,"minecraft:fly_one_cm":58614,"minecraft:open_chest":169,"minecraft:crouch_one_cm":1976,"minecraft:fall_one_cm":43646},"minecraft:used":{"minecraft:oak_fence":6,"minecraft:stone_sword":128,"minecraft:chest":2,"minecraft:shield":4,"minecraft:iron_sword":91,"minecraft:netherrack":314,"minecraft:torch":7,"minecraft:dirt":49,"minecraft:white_carpet":3,"minecraft:carrot":71,"minecraft:golden_shovel":91,"minecraft:yellow_stained_glass":32,"minecraft:iron_axe":6,"minecraft:glowstone":28,"minecraft:magma_block":4,"minecraft:beetroot_seeds":16,"minecraft:potato":21,"minecraft:cooked_mutton":1,"minecraft:wheat_seeds":34,"minecraft:water_bucket":28,"minecraft:birch_planks":2,"minecraft:stone_pickaxe":53,"minecraft:ender_pearl":2,"minecraft:cobblestone_slab":3,"minecraft:crafting_table":3,"minecraft:birch_fence":2,"minecraft:birch_fence_gate":1,"minecraft:iron_pickaxe":946,"minecraft:stone_axe":54,"minecraft:cobblestone":73,"minecraft:bucket":28},"minecraft:crafted":{"minecraft:oak_planks":8,"minecraft:white_carpet":3,"minecraft:quartz_block":7,"minecraft:iron_boots":1,"minecraft:iron_axe":1,"minecraft:birch_fence_gate":1,"minecraft:oak_fence":6,"minecraft:crafting_table":3,"minecraft:iron_helmet":1,"minecraft:iron_sword":1,"minecraft:bucket":1,"minecraft:birch_planks":60,"minecraft:iron_chestplate":2,"minecraft:diamond_pickaxe":1,"minecraft:shield":1,"minecraft:birch_fence":3,"minecraft:stick":36,"minecraft:iron_pickaxe":6,"minecraft:iron_leggings":1},"minecraft:dropped":{"minecraft:iron_sword":3,"minecraft:ender_pearl":4,"minecraft:diamond":2,"minecraft:crafting_table":1,"minecraft:cobblestone":2,"minecraft:stick":5,"minecraft:flint":1,"minecraft:iron_axe":1,"minecraft:iron_pickaxe":3,"minecraft:string":4,"minecraft:gravel":14,"minecraft:stone_axe":2,"minecraft:warped_nylium":1,"minecraft:stone_sword":2,"minecraft:cobbled_deepslate":1,"minecraft:tuff":13,"minecraft:wheat":4,"minecraft:carrot":30,"minecraft:cobblestone_slab":1,"minecraft:spider_eye":1,"minecraft:arrow":1},"minecraft:picked_up":{"minecraft:iron_chestplate":5,"minecraft:crafting_table":3,"minecraft:wheat":28,"minecraft:golden_shovel":2,"minecraft:string":26,"minecraft:iron_axe":1,"minecraft:iron_leggings":4,"minecraft:blackstone":18,"minecraft:beetroot":5,"minecraft:gold_nugget":30,"minecraft:cobbled_deepslate":191,"minecraft:bucket":2,"minecraft:cobblestone_slab":1,"minecraft:iron_pickaxe":4,"minecraft:chest":2,"minecraft:egg":1,"minecraft:iron_boots":4,"minecraft:stick":2,"minecraft:raw_iron":15,"minecraft:oak_fence":2,"minecraft:torch":55,"minecraft:pointed_dripstone":8,"minecraft:carrot":368,"minecraft:redstone":39,"minecraft:quartz_block":21,"minecraft:stone_sword":6,"minecraft:arrow":1,"minecraft:rotten_flesh":32,"minecraft:beetroot_seeds":17,"minecraft:glowstone":10,"minecraft:cobblestone":11,"minecraft:birch_log":15,"minecraft:magma_block":30,"minecraft:water_bucket":1,"minecraft:birch_slab":2,"minecraft:potato":32,"minecraft:birch_planks":34,"minecraft:flint":2,"minecraft:tuff":13,"minecraft:oak_log":2,"minecraft:lapis_lazuli":112,"minecraft:dirt":238,"minecraft:glass":34,"minecraft:bone":4,"minecraft:wheat_seeds":70,"minecraft:raw_gold":6,"minecraft:stone_pickaxe":3,"minecraft:yellow_stained_glass":32,"minecraft:iron_ingot":85,"minecraft:glowstone_dust":7,"minecraft:oak_planks":6,"minecraft:iron_sword":6,"minecraft:stone_hoe":1,"minecraft:book":8,"minecraft:cooked_porkchop":7,"minecraft:quartz":31,"minecraft:warped_wart_block":1,"minecraft:dandelion":3,"minecraft:gravel":21,"minecraft:dripstone_block":1,"minecraft:white_bed":2,"minecraft:spider_eye":4,"minecraft:iron_hoe":1,"minecraft:diamond":7,"minecraft:stone_axe":1,"minecraft:iron_helmet":4,"minecraft:warped_roots":4,"minecraft:netherrack":842,"minecraft:warped_nylium":5,"minecraft:diamond_pickaxe":2,"minecraft:ender_pearl":7},"minecraft:killed":{"minecraft:spider":2,"minecraft:skeleton":1,"minecraft:zombie":7,"minecraft:enderman":3}},"DataVersion":3953}