{"stats":{"minecraft:picked_up":{"minecraft:iron_chestplate":7,"minecraft:wheat":53,"minecraft:diamond_sword":1,"minecraft:golden_shovel":2,"minecraft:string":36,"minecraft:waxed_cut_copper_slab":1,"minecraft:iron_leggings":4,"minecraft:red_candle":15,"minecraft:beetroot":24,"minecraft:cobbled_deepslate":274,"minecraft:gold_nugget":30,"minecraft:smooth_stone":3,"minecraft:bucket":2,"minecraft:spruce_planks":1,"minecraft:trial_key":5,"minecraft:cobblestone_slab":3,"minecraft:iron_pickaxe":6,"minecraft:iron_boots":4,"minecraft:tipped_arrow":12,"minecraft:stick":2,"minecraft:oak_fence":2,"minecraft:torch":62,"minecraft:porkchop":4,"minecraft:waxed_weathered_copper_bulb":1,"minecraft:waxed_copper_grate":3,"minecraft:pointed_dripstone":26,"minecraft:diorite":25,"minecraft:quartz_block":21,"minecraft:stone_sword":6,"minecraft:rotten_flesh":69,"minecraft:glowstone":10,"minecraft:cobblestone":146,"minecraft:birch_log":15,"minecraft:magma_block":34,"minecraft:repeater":3,"minecraft:magma_cream":1,"minecraft:birch_slab":2,"minecraft:water_bucket":2,"minecraft:andesite":2,"minecraft:potato":32,"minecraft:flint":2,"minecraft:tuff":13,"minecraft:lapis_lazuli":112,"minecraft:dirt":717,"minecraft:glass":34,"minecraft:bone":51,"minecraft:stonecutter":2,"minecraft:bow":3,"minecraft:wheat_seeds":194,"minecraft:raw_gold":9,"minecraft:guster_banner_pattern":2,"minecraft:glowstone_dust":68,"minecraft:stone_hoe":1,"minecraft:oak_planks":24,"minecraft:cooked_porkchop":10,"minecraft:warped_wart_block":1,"minecraft:barrel":2,"minecraft:iron_hoe":1,"minecraft:diamond":17,"minecraft:waxed_oxidized_copper_grate":4,"minecraft:cracked_polished_blackstone_bricks":1,"minecraft:breeze_rod":2,"minecraft:granite":3,"minecraft:emerald":12,"minecraft:netherrack":1425,"minecraft:ominous_trial_key":2,"minecraft:oak_leaves":2,"minecraft:diamond_pickaxe":2,"minecraft:crafting_table":5,"minecraft:ominous_bottle":1,"minecraft:brick":75,"minecraft:wind_charge":11,"minecraft:iron_axe":2,"minecraft:iron_shovel":1,"minecraft:blackstone":18,"minecraft:beef":8,"minecraft:chiseled_tuff":5,"minecraft:guster_pottery_sherd":2,"minecraft:chest":2,"minecraft:waxed_oxidized_copper":6,"minecraft:egg":2,"minecraft:raw_iron":23,"minecraft:bamboo_hanging_sign":4,"minecraft:copper_ingot":1,"minecraft:flow_pottery_sherd":2,"minecraft:mace":2,"minecraft:carrot":480,"minecraft:redstone":79,"minecraft:arrow":67,"minecraft:diamond_chestplate":1,"minecraft:beetroot_seeds":77,"minecraft:tuff_bricks":122,"minecraft:mutton":6,"minecraft:white_wool":9,"minecraft:basalt":11,"minecraft:golden_carrot":23,"minecraft:leather":3,"minecraft:red_glazed_terracotta":3,"minecraft:red_mushroom":1,"minecraft:birch_planks":38,"minecraft:waxed_copper_bulb":7,"minecraft:oak_log":2,"minecraft:waxed_copper_block":43,"minecraft:cobblestone_wall":15,"minecraft:white_banner":1,"minecraft:yellow_stained_glass":32,"minecraft:polished_tuff_slab":15,"minecraft:iron_ingot":150,"minecraft:stone_pickaxe":7,"minecraft:glass_bottle":2,"minecraft:iron_sword":7,"minecraft:book":8,"minecraft:scaffolding":3,"minecraft:warped_fungus":1,"minecraft:emerald_block":1,"minecraft:heavy_core":4,"minecraft:dandelion":3,"minecraft:quartz":151,"minecraft:waxed_exposed_copper_bulb":3,"minecraft:dripstone_block":8,"minecraft:gravel":21,"minecraft:birch_stairs":7,"minecraft:white_bed":2,"minecraft:crying_obsidian":2,"minecraft:spider_eye":6,"minecraft:polished_tuff":23,"minecraft:diamond_shovel":1,"minecraft:slime_ball":10,"minecraft:stone_axe":4,"minecraft:iron_helmet":4,"minecraft:warped_roots":5,"minecraft:baked_potato":5,"minecraft:coal":12,"minecraft:warped_nylium":5,"minecraft:chiseled_tuff_bricks":6,"minecraft:ender_pearl":7},"minecraft:crafted":{"minecraft:oak_planks":8,"minecraft:mace":1,"minecraft:quartz_block":7,"minecraft:iron_boots":3,"minecraft:birch_fence_gate":1,"minecraft:oak_fence":6,"minecraft:golden_boots":2,"minecraft:emerald":9,"minecraft:cooked_porkchop":11,"minecraft:crafting_table":4,"minecraft:iron_helmet":3,"minecraft:birch_planks":60,"minecraft:iron_chestplate":2,"minecraft:diamond_pickaxe":1,"minecraft:shield":2,"minecraft:birch_fence":12,"minecraft:stick":76,"minecraft:iron_pickaxe":11,"minecraft:gold_ingot":4,"minecraft:birch_stairs":40,"minecraft:stone_shovel":1,"minecraft:white_carpet":3,"minecraft:iron_axe":3,"minecraft:cobblestone_wall":37,"minecraft:cooked_beef":2,"minecraft:diamond_sword":1,"minecraft:iron_sword":1,"minecraft:bucket":1,"minecraft:iron_shovel":1,"minecraft:iron_leggings":3,"minecraft:torch":40,"minecraft:diamond_chestplate":1},"minecraft:mined":{"minecraft:large_amethyst_bud":1,"minecraft:granite":6,"minecraft:budding_amethyst":1,"minecraft:grass_block":591,"minecraft:chiseled_tuff_bricks":12,"minecraft:crimson_fungus":1,"minecraft:tuff_bricks":111,"minecraft:smooth_stone":1,"minecraft:magma_block":20,"minecraft:glowstone":28,"minecraft:cobbled_deepslate":20,"minecraft:barrel":4,"minecraft:iron_ore":14,"minecraft:fire":2,"minecraft:polished_tuff":25,"minecraft:deepslate_lapis_ore":9,"minecraft:pointed_dripstone":2,"minecraft:dirt_path":19,"minecraft:polished_tuff_slab":5,"minecraft:deepslate_redstone_ore":16,"minecraft:blackstone":19,"minecraft:amethyst_cluster":4,"minecraft:torch":6,"minecraft:calcite":1,"minecraft:poppy":1,"minecraft:chest":2,"minecraft:nether_quartz_ore":165,"minecraft:cobblestone":81,"minecraft:oak_planks":9,"minecraft:waxed_chiseled_copper":2,"minecraft:wall_torch":3,"minecraft:amethyst_block":2,"minecraft:waxed_copper_bulb":6,"minecraft:warped_nylium":18,"minecraft:repeater":3,"minecraft:red_candle":6,"minecraft:light_gray_stained_glass":6,"minecraft:birch_log":15,"minecraft:wheat":93,"minecraft:waxed_oxidized_cut_copper_stairs":2,"minecraft:waxed_copper_block":30,"minecraft:warped_fungus":1,"minecraft:oak_log":2,"minecraft:beetroots":33,"minecraft:waxed_oxidized_copper":6,"minecraft:dirt":105,"minecraft:smooth_basalt":1,"minecraft:stonecutter":1,"minecraft:dispenser":8,"minecraft:netherrack":1246,"minecraft:yellow_stained_glass":32,"minecraft:oak_leaves":6,"minecraft:deepslate":284,"minecraft:nether_gold_ore":8,"minecraft:tuff":69,"minecraft:mossy_cobblestone":1,"minecraft:deepslate_diamond_ore":1,"minecraft:waxed_oxidized_chiseled_copper":1,"minecraft:decorated_pot":16,"minecraft:vault":1,"minecraft:waxed_oxidized_cut_copper":2,"minecraft:furnace":1,"minecraft:carrots":105,"minecraft:waxed_copper_grate":7,"minecraft:nether_sprouts":4,"minecraft:andesite":1,"minecraft:chiseled_tuff":3,"minecraft:potatoes":8,"minecraft:deepslate_iron_ore":5,"minecraft:waxed_weathered_copper_bulb":1,"minecraft:stone":70,"minecraft:birch_stairs":10,"minecraft:waxed_exposed_copper_bulb":2,"minecraft:scaffolding":1,"minecraft:basalt":11,"minecraft:dandelion":2,"minecraft:crafting_table":4,"minecraft:short_grass":182,"minecraft:warped_roots":2,"minecraft:copper_ore":2,"minecraft:tall_grass":23,"minecraft:red_glazed_terracotta":4,"minecraft:deepslate_gold_ore":7,"minecraft:diorite":10,"minecraft:warped_wart_block":10,"minecraft:birch_planks":6,"minecraft:cobblestone_wall":9,"minecraft:waxed_oxidized_copper_grate":8,"minecraft:birch_leaves":2,"minecraft:bee_nest":1,"minecraft:coal_ore":8,"minecraft:flower_pot":1,"minecraft:gravel":23,"minecraft:dripstone_block":8},"minecraft:killed":{"minecraft:witch":2,"minecraft:spider":5,"minecraft:skeleton":9,"minecraft:chicken":1,"minecraft:silverfish":5,"minecraft:piglin_brute":1,"minecraft:magma_cube":4,"minecraft:piglin":2,"minecraft:pig":2,"minecraft:sheep":4,"minecraft:pillager":4,"minecraft:zombie":26,"minecraft:ghast":1,"minecraft:stray":2,"minecraft:cow":3,"minecraft:vindicator":1,"minecraft:slime":7,"minecraft:drowned":7,"minecraft:husk":8,"minecraft:breeze":2,"minecraft:enderman":3},"minecraft:killed_by":{"minecraft:piglin_brute":1,"minecraft:magma_cube":1,"minecraft:silverfish":1,"minecraft:cave_spider":1,"minecraft:zombie":3,"minecraft:player":3,"minecraft:enderman":2},"minecraft:used":{"minecraft:tuff_bricks":69,"minecraft:chest":2,"minecraft:shield":37,"minecraft:iron_sword":91,"minecraft:rotten_flesh":9,"minecraft:mutton":2,"minecraft:carrot":211,"minecraft:honey_bottle":6,"minecraft:waxed_oxidized_copper":4,"minecraft:repeater":3,"minecraft:magma_block":4,"minecraft:bow":77,"minecraft:ominous_bottle":1,"minecraft:scaffolding":1,"minecraft:beetroot_seeds":48,"minecraft:egg":2,"minecraft:potato":21,"minecraft:stone_pickaxe":188,"minecraft:oak_planks":3,"minecraft:ender_pearl":2,"minecraft:birch_fence":12,"minecraft:polished_tuff":12,"minecraft:birch_fence_gate":1,"minecraft:gravel":7,"minecraft:chiseled_tuff_bricks":3,"minecraft:diamond_sword":623,"minecraft:oak_fence":6,"minecraft:stone_sword":128,"minecraft:stone_shovel":133,"minecraft:trial_key":4,"minecraft:netherrack":418,"minecraft:torch":22,"minecraft:dirt":446,"minecraft:white_carpet":3,"minecraft:cobblestone_wall":15,"minecraft:golden_shovel":91,"minecraft:yellow_stained_glass":32,"minecraft:iron_axe":55,"minecraft:red_candle":1,"minecraft:basalt":10,"minecraft:glowstone":28,"minecraft:golden_carrot":23,"minecraft:beef":6,"minecraft:cobbled_deepslate":69,"minecraft:wheat_seeds":142,"minecraft:cooked_mutton":1,"minecraft:water_bucket":31,"minecraft:birch_planks":2,"minecraft:baked_potato":5,"minecraft:stonecutter":2,"minecraft:red_glazed_terracotta":3,"minecraft:cobblestone_slab":4,"minecraft:waxed_copper_block":11,"minecraft:crafting_table":6,"minecraft:ominous_trial_key":2,"minecraft:diamond_shovel":499,"minecraft:wind_charge":1,"minecraft:iron_pickaxe":2268,"minecraft:stone_axe":119,"minecraft:cobblestone":231,"minecraft:cooked_porkchop":8,"minecraft:bucket":31,"minecraft:splash_potion":1,"minecraft:birch_stairs":39},"minecraft:broken":{"minecraft:golden_boots":1,"minecraft:iron_leggings":1,"minecraft:stone_pickaxe":1,"minecraft:stone_axe":1,"minecraft:stone_shovel":1,"minecraft:iron_pickaxe":6,"minecraft:iron_helmet":2},"minecraft:custom":{"minecraft:animals_bred":9,"minecraft:interact_with_crafting_table":80,"minecraft:open_barrel":1,"minecraft:bell_ring":1,"minecraft:leave_game":5,"minecraft:time_since_death":16991,"minecraft:sprint_one_cm":1462549,"minecraft:damage_blocked_by_shield":977,"minecraft:drop":239,"minecraft:play_noteblock":1,"minecraft:talked_to_villager":8,"minecraft:play_time":526111,"minecraft:deaths":22,"minecraft:jump":5003,"minecraft:walk_on_water_one_cm":90527,"minecraft:interact_with_furnace":25,"minecraft:sleep_in_bed":4,"minecraft:damage_dealt":15990,"minecraft:crouch_one_cm":11936,"minecraft:mob_kills":103,"minecraft:climb_one_cm":31564,"minecraft:walk_one_cm":2502794,"minecraft:raid_win":1,"minecraft:sneak_time":6345,"minecraft:walk_under_water_one_cm":55019,"minecraft:total_world_time":526111,"minecraft:tune_noteblock":3,"minecraft:interact_with_stonecutter":2,"minecraft:time_since_rest":17017,"minecraft:damage_taken":14874,"minecraft:swim_one_cm":12850,"minecraft:fly_one_cm":154228,"minecraft:open_chest":282,"minecraft:fall_one_cm":133211},"minecraft:dropped":{"minecraft:iron_sword":4,"minecraft:ominous_bottle":1,"minecraft:ender_pearl":4,"minecraft:glass_bottle":1,"minecraft:diamond":2,"minecraft:crafting_table":1,"minecraft:cooked_porkchop":3,"minecraft:leather":3,"minecraft:heavy_core":3,"minecraft:red_mushroom":1,"minecraft:emerald":10,"minecraft:flint":1,"minecraft:cracked_polished_blackstone_bricks":1,"minecraft:dirt":121,"minecraft:mace":1,"minecraft:iron_pickaxe":5,"minecraft:white_wool":5,"minecraft:bone":19,"minecraft:waxed_cut_copper_slab":1,"minecraft:gravel":14,"minecraft:stone_axe":5,"minecraft:chiseled_tuff_bricks":3,"minecraft:cobbled_deepslate":33,"minecraft:wheat":4,"minecraft:pointed_dripstone":9,"minecraft:beetroot":24,"minecraft:rotten_flesh":15,"minecraft:oak_planks":4,"minecraft:waxed_copper_block":29,"minecraft:carrot":119,"minecraft:tipped_arrow":6,"minecraft:arrow":10,"minecraft:chiseled_tuff":3,"minecraft:quartz":134,"minecraft:netherrack":3,"minecraft:iron_ingot":29,"minecraft:water_bucket":1,"minecraft:golden_boots":1,"minecraft:wheat_seeds":6,"minecraft:dripstone_block":7,"minecraft:iron_helmet":2,"minecraft:cobblestone":72,"minecraft:polished_tuff":11,"minecraft:stick":6,"minecraft:diorite":25,"minecraft:golden_carrot":1,"minecraft:torch":8,"minecraft:waxed_copper_bulb":7,"minecraft:waxed_oxidized_copper":2,"minecraft:iron_leggings":3,"minecraft:iron_axe":2,"minecraft:smooth_stone":2,"minecraft:iron_shovel":1,"minecraft:string":12,"minecraft:redstone":40,"minecraft:tuff_bricks":28,"minecraft:warped_nylium":1,"minecraft:flow_pottery_sherd":2,"minecraft:stone_sword":3,"minecraft:polished_tuff_slab":15,"minecraft:bamboo_hanging_sign":4,"minecraft:tuff":13,"minecraft:guster_banner_pattern":1,"minecraft:iron_boots":3,"minecraft:diamond_sword":1,"minecraft:cobblestone_slab":3,"minecraft:trial_key":1,"minecraft:diamond_chestplate":1,"minecraft:spruce_planks":1,"minecraft:iron_chestplate":3,"minecraft:andesite":2,"minecraft:barrel":2,"minecraft:spider_eye":2,"minecraft:stone_pickaxe":3,"minecraft:bow":2,"minecraft:waxed_exposed_copper_bulb":2,"minecraft:waxed_oxidized_copper_grate":4,"minecraft:brick":35}},"DataVersion":3953}