{"stats":{"minecraft:picked_up":{"minecraft:crafting_table":4,"minecraft:iron_chestplate":5,"minecraft:wheat":46,"minecraft:golden_shovel":2,"minecraft:brick":4,"minecraft:wind_charge":1,"minecraft:string":28,"minecraft:iron_axe":2,"minecraft:iron_leggings":4,"minecraft:red_candle":15,"minecraft:blackstone":18,"minecraft:beetroot":20,"minecraft:smooth_stone":2,"minecraft:gold_nugget":30,"minecraft:cobbled_deepslate":227,"minecraft:bucket":2,"minecraft:trial_key":1,"minecraft:chiseled_tuff":1,"minecraft:cobblestone_slab":3,"minecraft:iron_pickaxe":4,"minecraft:chest":2,"minecraft:iron_boots":4,"minecraft:egg":2,"minecraft:stick":2,"minecraft:raw_iron":23,"minecraft:bamboo_hanging_sign":1,"minecraft:oak_fence":2,"minecraft:torch":58,"minecraft:pointed_dripstone":26,"minecraft:carrot":437,"minecraft:redstone":59,"minecraft:quartz_block":21,"minecraft:stone_sword":6,"minecraft:arrow":21,"minecraft:rotten_flesh":40,"minecraft:beetroot_seeds":59,"minecraft:glowstone":10,"minecraft:tuff_bricks":39,"minecraft:cobblestone":15,"minecraft:birch_log":15,"minecraft:magma_block":30,"minecraft:birch_slab":2,"minecraft:water_bucket":1,"minecraft:andesite":2,"minecraft:red_glazed_terracotta":2,"minecraft:potato":32,"minecraft:birch_planks":34,"minecraft:waxed_copper_bulb":2,"minecraft:flint":2,"minecraft:tuff":13,"minecraft:oak_log":2,"minecraft:waxed_copper_block":10,"minecraft:lapis_lazuli":112,"minecraft:dirt":246,"minecraft:glass":34,"minecraft:bone":17,"minecraft:bow":2,"minecraft:wheat_seeds":115,"minecraft:polished_tuff_slab":3,"minecraft:raw_gold":9,"minecraft:yellow_stained_glass":32,"minecraft:iron_ingot":86,"minecraft:stone_pickaxe":3,"minecraft:guster_banner_pattern":1,"minecraft:glowstone_dust":7,"minecraft:stone_hoe":1,"minecraft:iron_sword":6,"minecraft:oak_planks":21,"minecraft:book":8,"minecraft:cooked_porkchop":7,"minecraft:waxed_exposed_copper_bulb":1,"minecraft:warped_wart_block":1,"minecraft:quartz":31,"minecraft:dandelion":3,"minecraft:dripstone_block":8,"minecraft:gravel":21,"minecraft:white_bed":2,"minecraft:spider_eye":5,"minecraft:polished_tuff":11,"minecraft:iron_hoe":1,"minecraft:diamond":17,"minecraft:stone_axe":2,"minecraft:iron_helmet":4,"minecraft:emerald":2,"minecraft:warped_roots":4,"minecraft:warped_nylium":5,"minecraft:netherrack":842,"minecraft:coal":2,"minecraft:ender_pearl":7,"minecraft:diamond_pickaxe":2},"minecraft:used":{"minecraft:tuff_bricks":24,"minecraft:oak_fence":6,"minecraft:stone_sword":128,"minecraft:chest":2,"minecraft:shield":28,"minecraft:iron_sword":91,"minecraft:trial_key":1,"minecraft:netherrack":314,"minecraft:torch":9,"minecraft:dirt":63,"minecraft:white_carpet":3,"minecraft:carrot":121,"minecraft:golden_shovel":91,"minecraft:yellow_stained_glass":32,"minecraft:iron_axe":11,"minecraft:red_candle":1,"minecraft:glowstone":28,"minecraft:magma_block":4,"minecraft:beetroot_seeds":30,"minecraft:egg":2,"minecraft:potato":21,"minecraft:cobbled_deepslate":35,"minecraft:cooked_mutton":1,"minecraft:wheat_seeds":79,"minecraft:water_bucket":28,"minecraft:birch_planks":2,"minecraft:stone_pickaxe":53,"minecraft:oak_planks":3,"minecraft:ender_pearl":2,"minecraft:cobblestone_slab":4,"minecraft:waxed_copper_block":7,"minecraft:crafting_table":4,"minecraft:birch_fence":12,"minecraft:polished_tuff":5,"minecraft:wind_charge":1,"minecraft:birch_fence_gate":1,"minecraft:iron_pickaxe":1144,"minecraft:gravel":7,"minecraft:stone_axe":111,"minecraft:diamond_sword":128,"minecraft:cobblestone":73,"minecraft:bucket":28},"minecraft:broken":{"minecraft:stone_axe":1,"minecraft:iron_pickaxe":2,"minecraft:iron_helmet":1},"minecraft:mined":{"minecraft:nether_gold_ore":8,"minecraft:large_amethyst_bud":1,"minecraft:tuff":69,"minecraft:mossy_cobblestone":1,"minecraft:deepslate_diamond_ore":1,"minecraft:waxed_oxidized_chiseled_copper":1,"minecraft:budding_amethyst":1,"minecraft:grass_block":90,"minecraft:decorated_pot":2,"minecraft:chiseled_tuff_bricks":7,"minecraft:crimson_fungus":1,"minecraft:tuff_bricks":36,"minecraft:vault":1,"minecraft:smooth_stone":1,"minecraft:magma_block":16,"minecraft:waxed_oxidized_cut_copper":1,"minecraft:glowstone":2,"minecraft:carrots":89,"minecraft:waxed_copper_grate":2,"minecraft:nether_sprouts":1,"minecraft:iron_ore":13,"minecraft:cobbled_deepslate":6,"minecraft:barrel":1,"minecraft:polished_tuff":12,"minecraft:deepslate_lapis_ore":9,"minecraft:chiseled_tuff":1,"minecraft:potatoes":8,"minecraft:pointed_dripstone":2,"minecraft:deepslate_iron_ore":5,"minecraft:polished_tuff_slab":3,"minecraft:stone":7,"minecraft:deepslate_redstone_ore":16,"minecraft:waxed_exposed_copper_bulb":1,"minecraft:blackstone":19,"minecraft:amethyst_cluster":4,"minecraft:dandelion":2,"minecraft:crafting_table":3,"minecraft:torch":5,"minecraft:short_grass":68,"minecraft:calcite":1,"minecraft:poppy":1,"minecraft:warped_roots":1,"minecraft:chest":2,"minecraft:nether_quartz_ore":34,"minecraft:tall_grass":10,"minecraft:cobblestone":21,"minecraft:red_glazed_terracotta":2,"minecraft:deepslate_gold_ore":7,"minecraft:waxed_chiseled_copper":2,"minecraft:oak_planks":5,"minecraft:wall_torch":2,"minecraft:amethyst_block":2,"minecraft:warped_wart_block":1,"minecraft:waxed_copper_bulb":2,"minecraft:red_candle":5,"minecraft:waxed_oxidized_copper_grate":2,"minecraft:light_gray_stained_glass":6,"minecraft:birch_log":15,"minecraft:wheat":42,"minecraft:birch_leaves":2,"minecraft:waxed_copper_block":9,"minecraft:bee_nest":1,"minecraft:oak_log":2,"minecraft:coal_ore":8,"minecraft:beetroots":22,"minecraft:waxed_oxidized_copper":1,"minecraft:flower_pot":1,"minecraft:gravel":23,"minecraft:dripstone_block":8,"minecraft:dirt":26,"minecraft:smooth_basalt":1,"minecraft:dispenser":2,"minecraft:netherrack":533,"minecraft:yellow_stained_glass":1,"minecraft:oak_leaves":4,"minecraft:deepslate":275},"minecraft:dropped":{"minecraft:iron_sword":3,"minecraft:ominous_bottle":1,"minecraft:ender_pearl":4,"minecraft:diamond":2,"minecraft:crafting_table":1,"minecraft:dripstone_block":7,"minecraft:cobblestone":6,"minecraft:flint":1,"minecraft:stick":6,"minecraft:dirt":9,"minecraft:golden_carrot":1,"minecraft:iron_leggings":1,"minecraft:iron_axe":2,"minecraft:iron_pickaxe":3,"minecraft:smooth_stone":1,"minecraft:string":6,"minecraft:gravel":14,"minecraft:stone_axe":2,"minecraft:tuff_bricks":5,"minecraft:warped_nylium":1,"minecraft:polished_tuff_slab":3,"minecraft:stone_sword":2,"minecraft:cobbled_deepslate":1,"minecraft:bamboo_hanging_sign":1,"minecraft:tuff":13,"minecraft:wheat":4,"minecraft:pointed_dripstone":9,"minecraft:rotten_flesh":10,"minecraft:oak_planks":4,"minecraft:waxed_copper_block":1,"minecraft:carrot":58,"minecraft:cobblestone_slab":3,"minecraft:tipped_arrow":6,"minecraft:andesite":2,"minecraft:spider_eye":2,"minecraft:bow":1,"minecraft:arrow":10,"minecraft:brick":4},"minecraft:killed_by":{"minecraft:player":2,"minecraft:enderman":1,"minecraft:zombie":3},"minecraft:custom":{"minecraft:mob_kills":29,"minecraft:animals_bred":6,"minecraft:interact_with_crafting_table":51,"minecraft:open_barrel":1,"minecraft:leave_game":4,"minecraft:time_since_death":17338,"minecraft:climb_one_cm":7554,"minecraft:sprint_one_cm":521349,"minecraft:walk_one_cm":1278850,"minecraft:damage_blocked_by_shield":710,"minecraft:drop":121,"minecraft:talked_to_villager":2,"minecraft:play_time":259735,"minecraft:deaths":10,"minecraft:sneak_time":1064,"minecraft:walk_under_water_one_cm":26514,"minecraft:jump":2679,"minecraft:walk_on_water_one_cm":50594,"minecraft:total_world_time":259735,"minecraft:interact_with_furnace":2,"minecraft:sleep_in_bed":3,"minecraft:time_since_rest":17363,"minecraft:damage_taken":6914,"minecraft:damage_dealt":6720,"minecraft:swim_one_cm":10671,"minecraft:fly_one_cm":74009,"minecraft:open_chest":200,"minecraft:crouch_one_cm":2646,"minecraft:fall_one_cm":66051},"minecraft:killed":{"minecraft:spider":3,"minecraft:skeleton":3,"minecraft:husk":1,"minecraft:zombie":15,"minecraft:stray":2,"minecraft:enderman":3},"minecraft:crafted":{"minecraft:oak_planks":8,"minecraft:white_carpet":3,"minecraft:quartz_block":7,"minecraft:iron_boots":2,"minecraft:iron_axe":2,"minecraft:birch_fence_gate":1,"minecraft:oak_fence":6,"minecraft:diamond_sword":1,"minecraft:crafting_table":3,"minecraft:iron_helmet":2,"minecraft:iron_sword":1,"minecraft:bucket":1,"minecraft:birch_planks":60,"minecraft:iron_chestplate":2,"minecraft:diamond_pickaxe":1,"minecraft:shield":2,"minecraft:birch_fence":12,"minecraft:stick":48,"minecraft:iron_pickaxe":7,"minecraft:iron_leggings":2,"minecraft:torch":8,"minecraft:diamond_chestplate":1}},"DataVersion":3953}