{"stats":{"minecraft:broken":{"minecraft:iron_pickaxe":2},"minecraft:mined":{"minecraft:nether_gold_ore":8,"minecraft:large_amethyst_bud":1,"minecraft:tuff":69,"minecraft:budding_amethyst":1,"minecraft:grass_block":86,"minecraft:crimson_fungus":1,"minecraft:magma_block":16,"minecraft:glowstone":2,"minecraft:carrots":30,"minecraft:nether_sprouts":1,"minecraft:iron_ore":6,"minecraft:cobbled_deepslate":2,"minecraft:deepslate_lapis_ore":9,"minecraft:pointed_dripstone":1,"minecraft:potatoes":7,"minecraft:deepslate_iron_ore":2,"minecraft:stone":3,"minecraft:deepslate_redstone_ore":11,"minecraft:blackstone":19,"minecraft:amethyst_cluster":4,"minecraft:dandelion":1,"minecraft:torch":4,"minecraft:short_grass":50,"minecraft:calcite":1,"minecraft:poppy":1,"minecraft:warped_roots":1,"minecraft:nether_quartz_ore":34,"minecraft:tall_grass":10,"minecraft:cobblestone":19,"minecraft:deepslate_gold_ore":2,"minecraft:amethyst_block":2,"minecraft:warped_wart_block":1,"minecraft:birch_log":8,"minecraft:wheat":13,"minecraft:bee_nest":1,"minecraft:gravel":16,"minecraft:dripstone_block":1,"minecraft:dirt":24,"minecraft:smooth_basalt":1,"minecraft:netherrack":533,"minecraft:yellow_stained_glass":1,"minecraft:deepslate":224},"minecraft:killed_by":{"minecraft:player":2,"minecraft:enderman":1},"minecraft:custom":{"minecraft:mob_kills":14,"minecraft:interact_with_crafting_table":23,"minecraft:leave_game":2,"minecraft:time_since_death":11028,"minecraft:climb_one_cm":1168,"minecraft:sprint_one_cm":269917,"minecraft:walk_one_cm":718333,"minecraft:damage_blocked_by_shield":180,"minecraft:drop":60,"minecraft:talked_to_villager":1,"minecraft:play_time":148098,"minecraft:sneak_time":603,"minecraft:deaths":7,"minecraft:walk_under_water_one_cm":15537,"minecraft:jump":1713,"minecraft:walk_on_water_one_cm":23433,"minecraft:total_world_time":148098,"minecraft:interact_with_furnace":2,"minecraft:sleep_in_bed":3,"minecraft:time_since_rest":6236,"minecraft:damage_taken":4155,"minecraft:damage_dealt":3113,"minecraft:fly_one_cm":33181,"minecraft:open_chest":66,"minecraft:crouch_one_cm":1976,"minecraft:fall_one_cm":39849},"minecraft:used":{"minecraft:stone_sword":128,"minecraft:shield":4,"minecraft:iron_sword":91,"minecraft:netherrack":314,"minecraft:torch":7,"minecraft:dirt":49,"minecraft:carrot":61,"minecraft:golden_shovel":91,"minecraft:yellow_stained_glass":32,"minecraft:iron_axe":6,"minecraft:glowstone":28,"minecraft:magma_block":4,"minecraft:potato":17,"minecraft:cooked_mutton":1,"minecraft:wheat_seeds":16,"minecraft:water_bucket":28,"minecraft:birch_planks":2,"minecraft:stone_pickaxe":53,"minecraft:ender_pearl":2,"minecraft:crafting_table":3,"minecraft:iron_pickaxe":946,"minecraft:stone_axe":38,"minecraft:cobblestone":73,"minecraft:bucket":28},"minecraft:crafted":{"minecraft:quartz_block":7,"minecraft:iron_boots":1,"minecraft:iron_axe":1,"minecraft:crafting_table":3,"minecraft:iron_helmet":1,"minecraft:iron_sword":1,"minecraft:bucket":1,"minecraft:birch_planks":32,"minecraft:iron_chestplate":2,"minecraft:diamond_pickaxe":1,"minecraft:shield":1,"minecraft:stick":24,"minecraft:iron_pickaxe":6,"minecraft:iron_leggings":1},"minecraft:dropped":{"minecraft:iron_sword":3,"minecraft:ender_pearl":4,"minecraft:diamond":2,"minecraft:crafting_table":1,"minecraft:cobblestone":2,"minecraft:stick":5,"minecraft:flint":1,"minecraft:iron_axe":1,"minecraft:iron_pickaxe":3,"minecraft:string":4,"minecraft:gravel":14,"minecraft:stone_axe":2,"minecraft:warped_nylium":1,"minecraft:stone_sword":2,"minecraft:cobbled_deepslate":1,"minecraft:tuff":13,"minecraft:wheat":1,"minecraft:carrot":30,"minecraft:spider_eye":1,"minecraft:arrow":1},"minecraft:picked_up":{"minecraft:iron_chestplate":5,"minecraft:crafting_table":1,"minecraft:wheat":25,"minecraft:golden_shovel":2,"minecraft:string":26,"minecraft:iron_axe":1,"minecraft:iron_leggings":4,"minecraft:blackstone":18,"minecraft:gold_nugget":30,"minecraft:cobbled_deepslate":191,"minecraft:bucket":2,"minecraft:iron_pickaxe":4,"minecraft:iron_boots":4,"minecraft:stick":2,"minecraft:raw_iron":15,"minecraft:oak_fence":2,"minecraft:torch":55,"minecraft:pointed_dripstone":8,"minecraft:carrot":284,"minecraft:redstone":39,"minecraft:quartz_block":21,"minecraft:stone_sword":6,"minecraft:arrow":1,"minecraft:rotten_flesh":30,"minecraft:beetroot_seeds":1,"minecraft:glowstone":10,"minecraft:cobblestone":11,"minecraft:birch_log":8,"minecraft:magma_block":30,"minecraft:birch_slab":2,"minecraft:water_bucket":1,"minecraft:potato":28,"minecraft:birch_planks":34,"minecraft:flint":2,"minecraft:tuff":13,"minecraft:lapis_lazuli":112,"minecraft:dirt":223,"minecraft:glass":34,"minecraft:bone":4,"minecraft:wheat_seeds":52,"minecraft:raw_gold":6,"minecraft:stone_pickaxe":3,"minecraft:yellow_stained_glass":32,"minecraft:iron_ingot":85,"minecraft:glowstone_dust":7,"minecraft:oak_planks":6,"minecraft:iron_sword":6,"minecraft:stone_hoe":1,"minecraft:book":8,"minecraft:cooked_porkchop":7,"minecraft:quartz":31,"minecraft:warped_wart_block":1,"minecraft:dandelion":3,"minecraft:gravel":14,"minecraft:dripstone_block":1,"minecraft:white_bed":2,"minecraft:spider_eye":4,"minecraft:iron_hoe":1,"minecraft:diamond":7,"minecraft:stone_axe":1,"minecraft:iron_helmet":4,"minecraft:warped_roots":4,"minecraft:netherrack":842,"minecraft:warped_nylium":5,"minecraft:diamond_pickaxe":2,"minecraft:ender_pearl":7},"minecraft:killed":{"minecraft:spider":2,"minecraft:skeleton":1,"minecraft:zombie":7,"minecraft:enderman":3}},"DataVersion":3953}