{"stats":{"minecraft:crafted":{"minecraft:wooden_sword":1,"minecraft:oak_planks":32,"minecraft:stone_shovel":2,"minecraft:cooked_chicken":16,"minecraft:furnace":1,"minecraft:cooked_mutton":18,"minecraft:glass":64,"minecraft:iron_boots":1,"minecraft:stone_pickaxe":1,"minecraft:birch_button":18,"minecraft:cooked_beef":13,"minecraft:cooked_porkchop":26,"minecraft:crafting_table":1,"minecraft:wooden_pickaxe":1,"minecraft:iron_helmet":1,"minecraft:iron_sword":1,"minecraft:birch_planks":316,"minecraft:stone_axe":1,"minecraft:air":0,"minecraft:iron_chestplate":2,"minecraft:shield":2,"minecraft:birch_fence":15,"minecraft:stick":14,"minecraft:iron_ingot":48,"minecraft:iron_pickaxe":1,"minecraft:stone_sword":2,"minecraft:iron_shovel":2,"minecraft:iron_leggings":1,"minecraft:torch":4,"minecraft:birch_stairs":4},"minecraft:picked_up":{"minecraft:crafting_table":8,"minecraft:iron_chestplate":1,"minecraft:wheat":2,"minecraft:chicken":16,"minecraft:brown_mushroom":2,"minecraft:string":1,"minecraft:birch_fence":2,"minecraft:cobbled_deepslate":79,"minecraft:beef":10,"minecraft:rose_bush":2,"minecraft:cobblestone_slab":2,"minecraft:iron_pickaxe":1,"minecraft:sugar_cane":39,"minecraft:birch_sapling":22,"minecraft:furnace":4,"minecraft:egg":1,"minecraft:stick":19,"minecraft:raw_iron":97,"minecraft:torch":20,"minecraft:bowl":1,"minecraft:porkchop":26,"minecraft:pointed_dripstone":1,"minecraft:diorite":2,"minecraft:carrot":3,"minecraft:rotten_flesh":16,"minecraft:arrow":13,"minecraft:mutton":25,"minecraft:white_wool":13,"minecraft:cobblestone":86,"minecraft:birch_log":79,"minecraft:feather":27,"minecraft:cooked_beef":3,"minecraft:glow_ink_sac":3,"minecraft:andesite":4,"minecraft:brown_wool":1,"minecraft:leather":2,"minecraft:red_mushroom":2,"minecraft:birch_planks":114,"minecraft:mushroom_stew":3,"minecraft:oak_log":68,"minecraft:lapis_lazuli":30,"minecraft:dirt":857,"minecraft:glass":33,"minecraft:bone":20,"minecraft:apple":1,"minecraft:bow":4,"minecraft:wheat_seeds":14,"minecraft:bell":1,"minecraft:stone_pickaxe":1,"minecraft:iron_ingot":12,"minecraft:pumpkin":4,"minecraft:dandelion":6,"minecraft:gravel":7,"minecraft:birch_stairs":1,"minecraft:sand":92,"minecraft:spider_eye":4,"minecraft:diamond":13,"minecraft:stone_axe":1,"minecraft:short_grass":4,"minecraft:granite":7,"minecraft:gray_wool":1,"minecraft:oak_sapling":5,"minecraft:black_wool":1,"minecraft:coal":56},"minecraft:custom":{"minecraft:mob_kills":73,"minecraft:interact_with_crafting_table":34,"minecraft:bell_ring":29,"minecraft:leave_game":6,"minecraft:time_since_death":204828,"minecraft:climb_one_cm":9146,"minecraft:sprint_one_cm":706540,"minecraft:walk_one_cm":542838,"minecraft:damage_blocked_by_shield":265,"minecraft:drop":85,"minecraft:talked_to_villager":7,"minecraft:play_time":204828,"minecraft:sneak_time":14936,"minecraft:walk_under_water_one_cm":20667,"minecraft:jump":3917,"minecraft:walk_on_water_one_cm":37685,"minecraft:total_world_time":204828,"minecraft:interact_with_furnace":141,"minecraft:interact_with_stonecutter":1,"minecraft:sleep_in_bed":3,"minecraft:time_since_rest":129296,"minecraft:damage_taken":2185,"minecraft:damage_dealt":8436,"minecraft:swim_one_cm":28265,"minecraft:fly_one_cm":673580,"minecraft:open_chest":31,"minecraft:crouch_one_cm":32212,"minecraft:fall_one_cm":77151,"minecraft:horse_one_cm":36712},"minecraft:broken":{"minecraft:iron_shovel":2,"minecraft:stone_sword":2,"minecraft:wooden_pickaxe":1,"minecraft:stone_pickaxe":2,"minecraft:stone_axe":2,"minecraft:bow":1,"minecraft:stone_shovel":2},"minecraft:mined":{"minecraft:tuff":1,"minecraft:deepslate_diamond_ore":13,"minecraft:granite":5,"minecraft:grass_block":45,"minecraft:spawner":1,"minecraft:furnace":4,"minecraft:carrots":1,"minecraft:iron_ore":34,"minecraft:andesite":4,"minecraft:pumpkin":3,"minecraft:deepslate_lapis_ore":1,"minecraft:bell":1,"minecraft:pointed_dripstone":1,"minecraft:deepslate_iron_ore":38,"minecraft:vine":1,"minecraft:dirt_path":1,"minecraft:stone":57,"minecraft:birch_stairs":1,"minecraft:brown_mushroom":1,"minecraft:crafting_table":7,"minecraft:torch":7,"minecraft:short_grass":84,"minecraft:rose_bush":6,"minecraft:mushroom_stem":5,"minecraft:glass":2,"minecraft:tall_grass":13,"minecraft:cobblestone":9,"minecraft:lapis_ore":4,"minecraft:sugar_cane":16,"minecraft:diorite":2,"minecraft:wall_torch":9,"minecraft:birch_planks":85,"minecraft:birch_log":79,"minecraft:wheat":3,"minecraft:birch_leaves":24,"minecraft:oak_log":68,"minecraft:coal_ore":56,"minecraft:dripstone_block":2,"minecraft:gravel":2,"minecraft:sand":92,"minecraft:dirt":648,"minecraft:red_mushroom_block":16,"minecraft:oak_leaves":26,"minecraft:birch_fence":2,"minecraft:deepslate":75,"minecraft:fern":4},"minecraft:killed":{"minecraft:skeleton":10,"minecraft:chicken":15,"minecraft:pig":13,"minecraft:sheep":16,"minecraft:zombie":12,"minecraft:cow":3},"minecraft:used":{"minecraft:rose_bush":2,"minecraft:stone_sword":352,"minecraft:iron_shovel":499,"minecraft:stone_shovel":262,"minecraft:shield":5,"minecraft:iron_sword":137,"minecraft:bell":1,"minecraft:cooked_chicken":7,"minecraft:torch":20,"minecraft:carrot":3,"minecraft:glass":2,"minecraft:wooden_axe":5,"minecraft:bow":4,"minecraft:furnace":6,"minecraft:egg":1,"minecraft:cooked_beef":11,"minecraft:cobbled_deepslate":72,"minecraft:pointed_dripstone":1,"minecraft:wheat_seeds":6,"minecraft:cooked_mutton":9,"minecraft:diorite":2,"minecraft:birch_planks":335,"minecraft:stone_pickaxe":189,"minecraft:wooden_pickaxe":60,"minecraft:mushroom_stew":3,"minecraft:crafting_table":7,"minecraft:birch_fence":16,"minecraft:oak_log":11,"minecraft:iron_pickaxe":113,"minecraft:stone_axe":221,"minecraft:cobblestone":66,"minecraft:cooked_porkchop":11,"minecraft:birch_stairs":1},"minecraft:dropped":{"minecraft:iron_ingot":20,"minecraft:brown_mushroom":2,"minecraft:wheat_seeds":5,"minecraft:oak_log":49,"minecraft:glow_ink_sac":3,"minecraft:diamond":1,"minecraft:crafting_table":1,"minecraft:cooked_porkchop":5,"minecraft:feather":25,"minecraft:leather":1,"minecraft:granite":1,"minecraft:coal":11,"minecraft:red_mushroom":2,"minecraft:dirt":739,"minecraft:torch":4,"minecraft:wooden_sword":1,"minecraft:iron_pickaxe":1,"minecraft:string":1,"minecraft:birch_stairs":2,"minecraft:gravel":3,"minecraft:cooked_chicken":7,"minecraft:bowl":3,"minecraft:birch_sapling":22,"minecraft:rotten_flesh":2,"minecraft:cooked_mutton":7,"minecraft:cobblestone_slab":1,"minecraft:shield":1,"minecraft:iron_chestplate":2,"minecraft:oak_sapling":5,"minecraft:spider_eye":4,"minecraft:birch_button":18,"minecraft:bow":1,"minecraft:black_wool":1}},"DataVersion":3953}