{"stats":{"minecraft:broken":{"minecraft:iron_shovel":2,"minecraft:stone_sword":2,"minecraft:wooden_pickaxe":1,"minecraft:stone_pickaxe":2,"minecraft:stone_axe":2,"minecraft:iron_pickaxe":1,"minecraft:bow":1,"minecraft:stone_shovel":2},"minecraft:mined":{"minecraft:nether_gold_ore":1,"minecraft:tuff":1,"minecraft:deepslate_diamond_ore":25,"minecraft:granite":5,"minecraft:grass_block":45,"minecraft:spawner":1,"minecraft:glowstone":37,"minecraft:furnace":4,"minecraft:carrots":1,"minecraft:iron_ore":34,"minecraft:andesite":4,"minecraft:pumpkin":3,"minecraft:deepslate_lapis_ore":1,"minecraft:bell":1,"minecraft:pointed_dripstone":2,"minecraft:dirt_path":1,"minecraft:vine":1,"minecraft:deepslate_iron_ore":42,"minecraft:shroomlight":1,"minecraft:stone":57,"minecraft:deepslate_redstone_ore":1,"minecraft:birch_stairs":1,"minecraft:brown_mushroom":1,"minecraft:crafting_table":9,"minecraft:torch":8,"minecraft:short_grass":87,"minecraft:rose_bush":6,"minecraft:nether_quartz_ore":11,"minecraft:mushroom_stem":5,"minecraft:tall_grass":13,"minecraft:glass":2,"minecraft:cobblestone":9,"minecraft:lapis_ore":4,"minecraft:sugar_cane":16,"minecraft:diorite":2,"minecraft:wall_torch":9,"minecraft:warped_wart_block":1,"minecraft:birch_planks":85,"minecraft:warped_nylium":4,"minecraft:birch_log":79,"minecraft:wheat":3,"minecraft:birch_leaves":24,"minecraft:oak_log":68,"minecraft:coal_ore":56,"minecraft:gravel":2,"minecraft:sand":92,"minecraft:dripstone_block":2,"minecraft:dirt":648,"minecraft:cobweb":11,"minecraft:red_mushroom_block":16,"minecraft:netherrack":263,"minecraft:deepslate":120,"minecraft:oak_leaves":26,"minecraft:birch_fence":2,"minecraft:fern":4},"minecraft:custom":{"minecraft:interact_with_anvil":1,"minecraft:mob_kills":75,"minecraft:interact_with_crafting_table":46,"minecraft:bell_ring":29,"minecraft:leave_game":12,"minecraft:time_since_death":8290,"minecraft:climb_one_cm":9146,"minecraft:sprint_one_cm":1030388,"minecraft:walk_one_cm":687556,"minecraft:damage_blocked_by_shield":484,"minecraft:drop":97,"minecraft:talked_to_villager":9,"minecraft:play_time":279354,"minecraft:sneak_time":23901,"minecraft:deaths":1,"minecraft:walk_under_water_one_cm":21429,"minecraft:jump":5705,"minecraft:walk_on_water_one_cm":42675,"minecraft:total_world_time":279354,"minecraft:interact_with_furnace":191,"minecraft:interact_with_stonecutter":1,"minecraft:sleep_in_bed":4,"minecraft:time_since_rest":8317,"minecraft:damage_taken":3746,"minecraft:damage_dealt":9069,"minecraft:swim_one_cm":40874,"minecraft:fly_one_cm":996084,"minecraft:open_chest":61,"minecraft:crouch_one_cm":55322,"minecraft:fall_one_cm":127034,"minecraft:horse_one_cm":55680},"minecraft:used":{"minecraft:rose_bush":2,"minecraft:stone_sword":352,"minecraft:iron_shovel":499,"minecraft:stone_shovel":262,"minecraft:shield":9,"minecraft:iron_sword":187,"minecraft:bell":1,"minecraft:cooked_chicken":8,"minecraft:netherrack":95,"minecraft:torch":20,"minecraft:warped_wart_block":1,"minecraft:carrot":3,"minecraft:shroomlight":1,"minecraft:glass":2,"minecraft:wooden_axe":5,"minecraft:diamond_chestplate":2,"minecraft:bow":4,"minecraft:furnace":6,"minecraft:egg":1,"minecraft:cooked_beef":15,"minecraft:cobbled_deepslate":74,"minecraft:pointed_dripstone":1,"minecraft:wheat_seeds":6,"minecraft:cooked_mutton":10,"minecraft:diorite":2,"minecraft:diamond_boots":1,"minecraft:birch_planks":384,"minecraft:stone_pickaxe":189,"minecraft:oak_planks":1,"minecraft:wooden_pickaxe":60,"minecraft:cobblestone_slab":1,"minecraft:mushroom_stew":3,"minecraft:crafting_table":9,"minecraft:birch_fence":16,"minecraft:oak_log":11,"minecraft:iron_pickaxe":495,"minecraft:stone_axe":221,"minecraft:cobblestone":66,"minecraft:cooked_porkchop":21,"minecraft:gray_wool":1,"minecraft:diamond_leggings":1,"minecraft:birch_stairs":1},"minecraft:crafted":{"minecraft:wooden_sword":1,"minecraft:oak_planks":32,"minecraft:stone_shovel":2,"minecraft:cooked_chicken":16,"minecraft:furnace":1,"minecraft:cooked_mutton":18,"minecraft:glass":64,"minecraft:diamond_helmet":1,"minecraft:diamond_leggings":1,"minecraft:iron_boots":1,"minecraft:stone_pickaxe":1,"minecraft:diamond_boots":1,"minecraft:birch_button":18,"minecraft:cooked_beef":13,"minecraft:cooked_porkchop":26,"minecraft:crafting_table":1,"minecraft:wooden_pickaxe":1,"minecraft:iron_helmet":1,"minecraft:iron_sword":2,"minecraft:birch_planks":316,"minecraft:stone_axe":1,"minecraft:glowstone":33,"minecraft:air":0,"minecraft:iron_chestplate":2,"minecraft:shield":2,"minecraft:birch_fence":15,"minecraft:stick":18,"minecraft:iron_ingot":82,"minecraft:iron_pickaxe":2,"minecraft:stone_sword":2,"minecraft:iron_shovel":2,"minecraft:iron_leggings":1,"minecraft:torch":4,"minecraft:birch_stairs":4,"minecraft:diamond_chestplate":1},"minecraft:dropped":{"minecraft:iron_ingot":20,"minecraft:iron_sword":1,"minecraft:brown_mushroom":2,"minecraft:wheat_seeds":7,"minecraft:oak_log":49,"minecraft:glow_ink_sac":3,"minecraft:diamond":1,"minecraft:crafting_table":1,"minecraft:cooked_porkchop":5,"minecraft:feather":25,"minecraft:iron_helmet":1,"minecraft:leather":1,"minecraft:granite":1,"minecraft:coal":31,"minecraft:red_mushroom":2,"minecraft:dirt":739,"minecraft:torch":4,"minecraft:wooden_sword":1,"minecraft:iron_pickaxe":1,"minecraft:string":1,"minecraft:birch_stairs":2,"minecraft:dandelion":6,"minecraft:gravel":7,"minecraft:cooked_chicken":7,"minecraft:bowl":3,"minecraft:birch_sapling":22,"minecraft:rotten_flesh":11,"minecraft:cooked_mutton":7,"minecraft:cobblestone_slab":2,"minecraft:shield":1,"minecraft:iron_chestplate":3,"minecraft:glowstone":33,"minecraft:oak_sapling":5,"minecraft:spider_eye":4,"minecraft:birch_button":18,"minecraft:bow":1,"minecraft:glass":95,"minecraft:black_wool":1},"minecraft:picked_up":{"minecraft:crafting_table":9,"minecraft:iron_chestplate":2,"minecraft:wheat":6,"minecraft:chicken":16,"minecraft:brown_mushroom":2,"minecraft:shield":1,"minecraft:string":12,"minecraft:birch_fence":2,"minecraft:shroomlight":1,"minecraft:diamond_leggings":1,"minecraft:gold_nugget":2,"minecraft:cobbled_deepslate":190,"minecraft:beef":10,"minecraft:rose_bush":2,"minecraft:cobblestone_slab":4,"minecraft:iron_pickaxe":2,"minecraft:sugar_cane":39,"minecraft:birch_sapling":24,"minecraft:furnace":4,"minecraft:egg":1,"minecraft:stick":28,"minecraft:raw_iron":101,"minecraft:torch":22,"minecraft:bowl":1,"minecraft:porkchop":26,"minecraft:pointed_dripstone":1,"minecraft:diorite":2,"minecraft:carrot":3,"minecraft:arrow":24,"minecraft:rotten_flesh":22,"minecraft:diamond_chestplate":1,"minecraft:diamond_boots":1,"minecraft:mutton":32,"minecraft:white_wool":26,"minecraft:cobblestone":86,"minecraft:birch_log":79,"minecraft:feather":27,"minecraft:cooked_beef":4,"minecraft:glow_ink_sac":3,"minecraft:andesite":8,"minecraft:salmon":1,"minecraft:brown_wool":1,"minecraft:leather":2,"minecraft:red_mushroom":2,"minecraft:birch_planks":173,"minecraft:mushroom_stew":3,"minecraft:oak_log":68,"minecraft:lapis_lazuli":53,"minecraft:dirt":857,"minecraft:name_tag":1,"minecraft:cooked_mutton":2,"minecraft:glass":33,"minecraft:bone":48,"minecraft:apple":1,"minecraft:bow":5,"minecraft:wheat_seeds":15,"minecraft:bell":1,"minecraft:iron_ingot":37,"minecraft:stone_pickaxe":1,"minecraft:cooked_chicken":1,"minecraft:diamond_helmet":1,"minecraft:glowstone_dust":136,"minecraft:iron_sword":3,"minecraft:oak_planks":1,"minecraft:pumpkin":8,"minecraft:warped_wart_block":1,"minecraft:dandelion":6,"minecraft:gravel":7,"minecraft:birch_stairs":1,"minecraft:sand":92,"minecraft:spider_eye":4,"minecraft:diamond":25,"minecraft:stone_axe":1,"minecraft:short_grass":4,"minecraft:iron_helmet":1,"minecraft:granite":9,"minecraft:gray_wool":2,"minecraft:bread":1,"minecraft:oak_sapling":5,"minecraft:netherrack":343,"minecraft:black_wool":1,"minecraft:coal":76},"minecraft:killed":{"minecraft:skeleton":11,"minecraft:chicken":15,"minecraft:pig":13,"minecraft:salmon":1,"minecraft:sheep":16,"minecraft:zombie":12,"minecraft:cow":3}},"DataVersion":3953}