{"stats":{"minecraft:picked_up":{"minecraft:iron_chestplate":2,"minecraft:wheat":6,"minecraft:lead":1,"minecraft:diamond_sword":1,"minecraft:potion":1,"minecraft:enchanted_book":3,"minecraft:string":16,"minecraft:cooked_salmon":8,"minecraft:shroomlight":2,"minecraft:diamond_leggings":1,"minecraft:gold_nugget":2,"minecraft:cobbled_deepslate":463,"minecraft:trial_key":4,"minecraft:waxed_oxidized_copper_door":1,"minecraft:redstone_torch":1,"minecraft:rose_bush":2,"minecraft:cobblestone_slab":4,"minecraft:iron_pickaxe":4,"minecraft:enchanted_golden_apple":1,"minecraft:furnace":5,"minecraft:tipped_arrow":40,"minecraft:stick":29,"minecraft:oak_fence":3,"minecraft:torch":30,"minecraft:porkchop":36,"minecraft:waxed_weathered_copper_bulb":1,"minecraft:waxed_copper_grate":3,"minecraft:pointed_dripstone":3,"minecraft:diorite":2,"minecraft:rotten_flesh":48,"minecraft:waxed_cut_copper":1,"minecraft:cobblestone":160,"minecraft:birch_log":79,"minecraft:feather":27,"minecraft:cooked_beef":6,"minecraft:water_bucket":5,"minecraft:andesite":8,"minecraft:brown_wool":1,"minecraft:tuff":21,"minecraft:lapis_lazuli":53,"minecraft:dirt":858,"minecraft:name_tag":1,"minecraft:glass":33,"minecraft:bone":69,"minecraft:bow":5,"minecraft:wheat_seeds":21,"minecraft:raw_gold":2,"minecraft:bell":1,"minecraft:diamond_helmet":2,"minecraft:glowstone_dust":136,"minecraft:powered_rail":2,"minecraft:scrape_pottery_sherd":3,"minecraft:oak_planks":13,"minecraft:cooked_porkchop":3,"minecraft:warped_wart_block":1,"minecraft:sand":92,"minecraft:barrel":1,"minecraft:dispenser":1,"minecraft:diamond":60,"minecraft:waxed_oxidized_copper_grate":3,"minecraft:breeze_rod":3,"minecraft:granite":9,"minecraft:bread":2,"minecraft:emerald":27,"minecraft:oak_sapling":6,"minecraft:netherrack":349,"minecraft:ominous_trial_key":2,"minecraft:oak_leaves":4,"minecraft:lingering_potion":1,"minecraft:crafting_table":13,"minecraft:ominous_bottle":3,"minecraft:chicken":19,"minecraft:brown_mushroom":2,"minecraft:shield":2,"minecraft:brick":38,"minecraft:wind_charge":29,"minecraft:iron_axe":2,"minecraft:birch_fence":4,"minecraft:beef":14,"minecraft:minecart":4,"minecraft:sugar_cane":51,"minecraft:birch_sapling":24,"minecraft:phantom_membrane":1,"minecraft:waxed_oxidized_copper":7,"minecraft:egg":3,"minecraft:raw_iron":128,"minecraft:bowl":1,"minecraft:carrot":10,"minecraft:diamond_chestplate":2,"minecraft:arrow":73,"minecraft:diamond_boots":2,"minecraft:tuff_bricks":19,"minecraft:mutton":43,"minecraft:white_wool":33,"minecraft:rail":23,"minecraft:glow_ink_sac":3,"minecraft:salmon":1,"minecraft:leather":4,"minecraft:red_mushroom":3,"minecraft:birch_planks":176,"minecraft:mushroom_stew":3,"minecraft:oak_log":96,"minecraft:waxed_copper_block":5,"minecraft:golden_boots":2,"minecraft:cooked_mutton":2,"minecraft:apple":2,"minecraft:stone_pickaxe":1,"minecraft:iron_ingot":79,"minecraft:cooked_chicken":4,"minecraft:glass_bottle":10,"minecraft:iron_sword":3,"minecraft:emerald_block":1,"minecraft:pumpkin":8,"minecraft:dandelion":10,"minecraft:dripstone_block":1,"minecraft:gravel":12,"minecraft:birch_stairs":1,"minecraft:spider_eye":5,"minecraft:polished_tuff":10,"minecraft:slime_ball":6,"minecraft:stone_axe":1,"minecraft:short_grass":4,"minecraft:iron_helmet":1,"minecraft:diamond_axe":1,"minecraft:gray_wool":3,"minecraft:oak_button":1,"minecraft:baked_potato":5,"minecraft:chiseled_tuff_bricks":13,"minecraft:coal":108,"minecraft:black_wool":1},"minecraft:used":{"minecraft:waxed_oxidized_copper_door":1,"minecraft:tuff_bricks":10,"minecraft:iron_shovel":499,"minecraft:shield":48,"minecraft:iron_sword":544,"minecraft:bell":1,"minecraft:carrot":10,"minecraft:waxed_copper_grate":1,"minecraft:tuff":21,"minecraft:glass":2,"minecraft:waxed_oxidized_copper":5,"minecraft:bow":8,"minecraft:ominous_bottle":2,"minecraft:furnace":11,"minecraft:cooked_cod":5,"minecraft:egg":1,"minecraft:diorite":2,"minecraft:diamond_boots":1,"minecraft:powered_rail":5,"minecraft:stone_pickaxe":189,"minecraft:oak_planks":101,"minecraft:wooden_pickaxe":60,"minecraft:mushroom_stew":3,"minecraft:birch_fence":26,"minecraft:redstone_torch":4,"minecraft:bread":3,"minecraft:diamond_sword":313,"minecraft:rose_bush":2,"minecraft:stone_sword":352,"minecraft:stone_shovel":262,"minecraft:cooked_salmon":11,"minecraft:cooked_chicken":15,"minecraft:netherrack":95,"minecraft:trial_key":4,"minecraft:torch":38,"minecraft:warped_wart_block":1,"minecraft:shroomlight":1,"minecraft:wooden_axe":5,"minecraft:barrel":1,"minecraft:diamond_chestplate":2,"minecraft:minecart":4,"minecraft:cooked_beef":23,"minecraft:cobbled_deepslate":368,"minecraft:bamboo_planks":3,"minecraft:pointed_dripstone":1,"minecraft:wheat_seeds":6,"minecraft:cooked_mutton":27,"minecraft:water_bucket":20,"minecraft:birch_planks":386,"minecraft:baked_potato":5,"minecraft:cobblestone_slab":1,"minecraft:salmon":1,"minecraft:rail":84,"minecraft:crafting_table":14,"minecraft:oak_log":11,"minecraft:apple":1,"minecraft:ominous_trial_key":2,"minecraft:iron_pickaxe":1076,"minecraft:stone_axe":251,"minecraft:cobblestone":76,"minecraft:cooked_porkchop":33,"minecraft:bucket":20,"minecraft:gray_wool":2,"minecraft:diamond_leggings":1,"minecraft:birch_stairs":1},"minecraft:mined":{"minecraft:granite":5,"minecraft:grass_block":47,"minecraft:chiseled_tuff_bricks":10,"minecraft:tuff_bricks":51,"minecraft:spawner":1,"minecraft:glowstone":37,"minecraft:fire":2,"minecraft:iron_ore":46,"minecraft:cobbled_deepslate":6,"minecraft:polished_tuff":10,"minecraft:pumpkin":3,"minecraft:deepslate_lapis_ore":1,"minecraft:pointed_dripstone":6,"minecraft:dirt_path":2,"minecraft:waxed_cut_copper":2,"minecraft:deepslate_redstone_ore":1,"minecraft:brown_mushroom":1,"minecraft:torch":10,"minecraft:mushroom_stem":5,"minecraft:glass":2,"minecraft:nether_quartz_ore":11,"minecraft:cobblestone":10,"minecraft:oak_planks":1,"minecraft:sugar_cane":21,"minecraft:waxed_chiseled_copper":1,"minecraft:wall_torch":14,"minecraft:waxed_copper_bulb":2,"minecraft:warped_nylium":4,"minecraft:powered_rail":2,"minecraft:birch_log":79,"minecraft:light_gray_stained_glass":7,"minecraft:wheat":3,"minecraft:waxed_copper_block":14,"minecraft:oak_log":96,"minecraft:waxed_oxidized_copper":9,"minecraft:sand":92,"minecraft:dirt":658,"minecraft:red_mushroom_block":16,"minecraft:dispenser":1,"minecraft:netherrack":263,"minecraft:oak_leaves":28,"minecraft:deepslate":367,"minecraft:nether_gold_ore":1,"minecraft:tuff":20,"minecraft:deepslate_diamond_ore":60,"minecraft:decorated_pot":15,"minecraft:vault":1,"minecraft:furnace":6,"minecraft:carrots":3,"minecraft:waxed_copper_grate":6,"minecraft:andesite":4,"minecraft:bell":1,"minecraft:deepslate_iron_ore":50,"minecraft:shroomlight":1,"minecraft:vine":1,"minecraft:rail":22,"minecraft:packed_ice":1,"minecraft:waxed_weathered_copper_bulb":2,"minecraft:stone":131,"minecraft:birch_stairs":1,"minecraft:scaffolding":1,"minecraft:dandelion":4,"minecraft:oak_fence":4,"minecraft:crafting_table":12,"minecraft:short_grass":122,"minecraft:rose_bush":6,"minecraft:copper_ore":1,"minecraft:tall_grass":14,"minecraft:lapis_ore":4,"minecraft:deepslate_gold_ore":1,"minecraft:diorite":14,"minecraft:warped_wart_block":1,"minecraft:gray_wool":1,"minecraft:birch_planks":88,"minecraft:waxed_oxidized_copper_grate":3,"minecraft:redstone_torch":1,"minecraft:birch_leaves":24,"minecraft:coal_ore":72,"minecraft:gravel":4,"minecraft:dripstone_block":6,"minecraft:cobweb":12,"minecraft:birch_fence":4,"minecraft:fern":4},"minecraft:broken":{"minecraft:iron_shovel":2,"minecraft:diamond_helmet":2,"minecraft:stone_pickaxe":2,"minecraft:diamond_boots":1,"minecraft:stone_axe":2,"minecraft:iron_sword":2,"minecraft:bow":1,"minecraft:stone_shovel":2,"minecraft:stone_sword":2,"minecraft:diamond_leggings":1,"minecraft:wooden_pickaxe":1,"minecraft:iron_pickaxe":3},"minecraft:dropped":{"minecraft:iron_sword":1,"minecraft:brown_mushroom":2,"minecraft:birch_planks":1,"minecraft:ominous_bottle":1,"minecraft:oak_log":49,"minecraft:glow_ink_sac":3,"minecraft:glass_bottle":10,"minecraft:diamond":36,"minecraft:crafting_table":2,"minecraft:cooked_porkchop":5,"minecraft:leather":2,"minecraft:red_mushroom":3,"minecraft:dirt":740,"minecraft:wooden_sword":1,"minecraft:iron_pickaxe":4,"minecraft:white_wool":20,"minecraft:birch_stairs":2,"minecraft:gravel":7,"minecraft:cooked_chicken":7,"minecraft:cobbled_deepslate":11,"minecraft:birch_sapling":23,"minecraft:pointed_dripstone":1,"minecraft:rotten_flesh":15,"minecraft:oak_planks":13,"minecraft:cooked_mutton":7,"minecraft:waxed_copper_block":5,"minecraft:tipped_arrow":14,"minecraft:lingering_potion":1,"minecraft:glowstone":33,"minecraft:birch_button":18,"minecraft:glass":95,"minecraft:oak_leaves":4,"minecraft:netherrack":130,"minecraft:enchanted_book":1,"minecraft:water_bucket":5,"minecraft:golden_boots":2,"minecraft:iron_ingot":48,"minecraft:bread":2,"minecraft:wheat_seeds":11,"minecraft:iron_helmet":1,"minecraft:feather":25,"minecraft:waxed_copper_grate":2,"minecraft:polished_tuff":2,"minecraft:granite":3,"minecraft:coal":31,"minecraft:torch":15,"minecraft:cooked_salmon":3,"minecraft:waxed_oxidized_copper":2,"minecraft:iron_axe":2,"minecraft:string":1,"minecraft:dandelion":6,"minecraft:bowl":3,"minecraft:raw_iron":16,"minecraft:cobblestone_slab":2,"minecraft:shield":1,"minecraft:oak_button":1,"minecraft:iron_chestplate":3,"minecraft:oak_sapling":5,"minecraft:spider_eye":5,"minecraft:slime_ball":6,"minecraft:bow":1,"minecraft:black_wool":1,"minecraft:waxed_oxidized_copper_grate":3,"minecraft:brick":15},"minecraft:killed_by":{"minecraft:zombie":2,"minecraft:husk":4,"minecraft:stray":1},"minecraft:custom":{"minecraft:interact_with_crafting_table":74,"minecraft:open_barrel":13,"minecraft:bell_ring":30,"minecraft:leave_game":15,"minecraft:time_since_death":37755,"minecraft:sprint_one_cm":2214239,"minecraft:damage_blocked_by_shield":1863,"minecraft:drop":170,"minecraft:talked_to_villager":21,"minecraft:play_time":547146,"minecraft:deaths":10,"minecraft:jump":11233,"minecraft:walk_on_water_one_cm":77628,"minecraft:interact_with_furnace":242,"minecraft:sleep_in_bed":7,"minecraft:damage_dealt":22080,"minecraft:player_kills":1,"minecraft:crouch_one_cm":126950,"minecraft:inspect_dispenser":11,"minecraft:horse_one_cm":72399,"minecraft:mob_kills":160,"minecraft:interact_with_anvil":1,"minecraft:climb_one_cm":21207,"minecraft:walk_one_cm":1331005,"minecraft:sneak_time":48774,"minecraft:walk_under_water_one_cm":39929,"minecraft:total_world_time":547146,"minecraft:interact_with_stonecutter":1,"minecraft:time_since_rest":37796,"minecraft:damage_taken":9726,"minecraft:minecart_one_cm":169652,"minecraft:swim_one_cm":80635,"minecraft:fly_one_cm":1829568,"minecraft:open_chest":201,"minecraft:fall_one_cm":264415},"minecraft:killed":{"minecraft:spider":2,"minecraft:skeleton":23,"minecraft:chicken":18,"minecraft:silverfish":9,"minecraft:magma_cube":4,"minecraft:pig":18,"minecraft:salmon":1,"minecraft:sheep":26,"minecraft:zombie":24,"minecraft:stray":8,"minecraft:cow":5,"minecraft:slime":5,"minecraft:phantom":1,"minecraft:husk":3,"minecraft:bat":1,"minecraft:breeze":5},"minecraft:crafted":{"minecraft:oak_planks":144,"minecraft:cooked_chicken":19,"minecraft:cooked_mutton":36,"minecraft:glass":64,"minecraft:diamond_helmet":1,"minecraft:diamond_leggings":1,"minecraft:iron_boots":1,"minecraft:birch_button":18,"minecraft:cooked_porkchop":36,"minecraft:crafting_table":3,"minecraft:wooden_pickaxe":1,"minecraft:iron_helmet":1,"minecraft:birch_planks":316,"minecraft:iron_chestplate":2,"minecraft:shield":2,"minecraft:birch_fence":24,"minecraft:stick":30,"minecraft:iron_ingot":89,"minecraft:iron_pickaxe":5,"minecraft:stone_sword":2,"minecraft:redstone_torch":3,"minecraft:birch_stairs":4,"minecraft:wooden_sword":1,"minecraft:stone_shovel":2,"minecraft:furnace":6,"minecraft:stone_pickaxe":1,"minecraft:diamond_boots":1,"minecraft:minecart":1,"minecraft:cooked_beef":20,"minecraft:iron_sword":2,"minecraft:stone_axe":2,"minecraft:glowstone":40,"minecraft:bread":1,"minecraft:air":0,"minecraft:iron_shovel":2,"minecraft:iron_leggings":1,"minecraft:torch":4,"minecraft:diamond_chestplate":1}},"DataVersion":3953}