{"stats":{"minecraft:picked_up":{"minecraft:iron_chestplate":2,"minecraft:wheat":9,"minecraft:lead":1,"minecraft:diamond_sword":2,"minecraft:potion":3,"minecraft:enchanted_book":7,"minecraft:string":18,"minecraft:raw_copper":2,"minecraft:cooked_salmon":8,"minecraft:shroomlight":2,"minecraft:diamond_leggings":3,"minecraft:gold_nugget":2,"minecraft:cobbled_deepslate":1959,"minecraft:trial_key":4,"minecraft:redstone_torch":1,"minecraft:waxed_oxidized_copper_door":1,"minecraft:rose_bush":2,"minecraft:cobblestone_slab":4,"minecraft:iron_pickaxe":6,"minecraft:enchanted_golden_apple":3,"minecraft:furnace":8,"minecraft:tipped_arrow":50,"minecraft:stick":40,"minecraft:oak_fence":3,"minecraft:torch":31,"minecraft:porkchop":38,"minecraft:waxed_weathered_copper_bulb":1,"minecraft:waxed_copper_grate":3,"minecraft:pointed_dripstone":4,"minecraft:diorite":25,"minecraft:rotten_flesh":62,"minecraft:waxed_cut_copper":1,"minecraft:cobblestone":1183,"minecraft:birch_log":285,"minecraft:feather":28,"minecraft:cooked_beef":14,"minecraft:water_bucket":6,"minecraft:andesite":16,"minecraft:brown_wool":1,"minecraft:tuff":298,"minecraft:lapis_lazuli":220,"minecraft:dirt":964,"minecraft:name_tag":2,"minecraft:glass":33,"minecraft:bone":151,"minecraft:bow":5,"minecraft:wheat_seeds":51,"minecraft:raw_gold":11,"minecraft:bell":1,"minecraft:diamond_helmet":4,"minecraft:glowstone_dust":138,"minecraft:powered_rail":2,"minecraft:scrape_pottery_sherd":9,"minecraft:honeycomb":28,"minecraft:oak_planks":74,"minecraft:cooked_porkchop":10,"minecraft:warped_wart_block":1,"minecraft:sand":92,"minecraft:barrel":1,"minecraft:dispenser":1,"minecraft:diamond":126,"minecraft:waxed_oxidized_copper_grate":3,"minecraft:crossbow":1,"minecraft:breeze_rod":9,"minecraft:granite":9,"minecraft:golden_apple":1,"minecraft:emerald":82,"minecraft:bread":2,"minecraft:oak_sapling":20,"minecraft:netherrack":785,"minecraft:ominous_trial_key":2,"minecraft:oak_leaves":4,"minecraft:lingering_potion":1,"minecraft:crafting_table":25,"minecraft:azure_bluet":1,"minecraft:ominous_bottle":3,"minecraft:chicken":22,"minecraft:brown_mushroom":2,"minecraft:brick":38,"minecraft:shield":3,"minecraft:wind_charge":87,"minecraft:iron_axe":2,"minecraft:birch_fence":4,"minecraft:blackstone":10,"minecraft:beef":34,"minecraft:oak_boat":1,"minecraft:minecart":4,"minecraft:sugar_cane":51,"minecraft:quartz_stairs":4,"minecraft:chest":2,"minecraft:birch_sapling":25,"minecraft:phantom_membrane":1,"minecraft:waxed_oxidized_copper":7,"minecraft:egg":10,"minecraft:raw_iron":329,"minecraft:bowl":1,"minecraft:carrot":42,"minecraft:diamond_chestplate":5,"minecraft:arrow":177,"minecraft:diamond_boots":3,"minecraft:tuff_bricks":19,"minecraft:mutton":43,"minecraft:rail":23,"minecraft:white_wool":33,"minecraft:basalt":33,"minecraft:glow_ink_sac":3,"minecraft:salmon":1,"minecraft:leather":4,"minecraft:red_mushroom":3,"minecraft:birch_planks":243,"minecraft:mushroom_stew":3,"minecraft:oak_log":286,"minecraft:waxed_copper_block":5,"minecraft:golden_boots":2,"minecraft:cobblestone_wall":6,"minecraft:cooked_mutton":14,"minecraft:apple":2,"minecraft:stone_pickaxe":1,"minecraft:iron_ingot":151,"minecraft:cooked_chicken":11,"minecraft:glass_bottle":10,"minecraft:iron_sword":3,"minecraft:warped_fungus":1,"minecraft:emerald_block":3,"minecraft:pumpkin":8,"minecraft:quartz":561,"minecraft:dandelion":11,"minecraft:dripstone_block":2,"minecraft:gravel":16,"minecraft:birch_stairs":1,"minecraft:spider_eye":5,"minecraft:polished_tuff":10,"minecraft:slime_ball":6,"minecraft:stone_axe":1,"minecraft:short_grass":4,"minecraft:iron_helmet":1,"minecraft:diamond_axe":3,"minecraft:gray_wool":3,"minecraft:oak_button":1,"minecraft:baked_potato":5,"minecraft:black_wool":1,"minecraft:coal":257,"minecraft:chiseled_tuff_bricks":13,"minecraft:ender_pearl":4},"minecraft:mined":{"minecraft:granite":27,"minecraft:grass_block":70,"minecraft:chiseled_tuff_bricks":10,"minecraft:tuff_bricks":51,"minecraft:spawner":1,"minecraft:raw_iron_block":1,"minecraft:glowstone":37,"minecraft:fire":17,"minecraft:iron_ore":120,"minecraft:cobbled_deepslate":16,"minecraft:polished_tuff":10,"minecraft:pumpkin":3,"minecraft:deepslate_lapis_ore":7,"minecraft:azure_bluet":1,"minecraft:pointed_dripstone":8,"minecraft:dirt_path":2,"minecraft:waxed_cut_copper":2,"minecraft:deepslate_redstone_ore":7,"minecraft:brown_mushroom":1,"minecraft:blackstone":10,"minecraft:torch":11,"minecraft:chest":2,"minecraft:mushroom_stem":5,"minecraft:nether_quartz_ore":473,"minecraft:glass":2,"minecraft:cobblestone":86,"minecraft:sugar_cane":21,"minecraft:oak_planks":1,"minecraft:waxed_chiseled_copper":1,"minecraft:wall_torch":14,"minecraft:waxed_copper_bulb":2,"minecraft:warped_nylium":9,"minecraft:powered_rail":2,"minecraft:light_gray_stained_glass":7,"minecraft:birch_log":231,"minecraft:wheat":6,"minecraft:waxed_copper_block":14,"minecraft:oak_log":285,"minecraft:waxed_oxidized_copper":9,"minecraft:sand":92,"minecraft:dirt":671,"minecraft:red_mushroom_block":16,"minecraft:dispenser":1,"minecraft:netherrack":731,"minecraft:oak_leaves":60,"minecraft:deepslate":3314,"minecraft:nether_gold_ore":1,"minecraft:diamond_ore":4,"minecraft:tuff":375,"minecraft:quartz_stairs":4,"minecraft:deepslate_diamond_ore":120,"minecraft:decorated_pot":15,"minecraft:vault":1,"minecraft:furnace":9,"minecraft:carrots":3,"minecraft:waxed_copper_grate":6,"minecraft:andesite":59,"minecraft:bell":1,"minecraft:shroomlight":1,"minecraft:deepslate_iron_ore":109,"minecraft:vine":1,"minecraft:rail":22,"minecraft:packed_ice":1,"minecraft:waxed_weathered_copper_bulb":2,"minecraft:stone":1283,"minecraft:birch_stairs":1,"minecraft:scaffolding":1,"minecraft:basalt":29,"minecraft:dandelion":4,"minecraft:oak_fence":4,"minecraft:crafting_table":23,"minecraft:short_grass":275,"minecraft:rose_bush":6,"minecraft:tall_grass":15,"minecraft:copper_ore":7,"minecraft:deepslate_gold_ore":21,"minecraft:lapis_ore":18,"minecraft:diorite":118,"minecraft:warped_wart_block":2,"minecraft:gray_wool":1,"minecraft:birch_planks":103,"minecraft:cobblestone_wall":6,"minecraft:waxed_oxidized_copper_grate":3,"minecraft:redstone_torch":1,"minecraft:birch_leaves":31,"minecraft:bee_nest":1,"minecraft:coal_ore":159,"minecraft:gravel":95,"minecraft:dripstone_block":7,"minecraft:cobweb":12,"minecraft:fern":4,"minecraft:birch_fence":4},"minecraft:crafted":{"minecraft:oak_planks":144,"minecraft:cooked_chicken":22,"minecraft:cobblestone_stairs":4,"minecraft:cooked_mutton":36,"minecraft:quartz_block":136,"minecraft:glass":64,"minecraft:diamond_helmet":1,"minecraft:diamond_leggings":1,"minecraft:bow":1,"minecraft:iron_boots":2,"minecraft:chest":2,"minecraft:birch_door":3,"minecraft:birch_button":18,"minecraft:quartz_stairs":88,"minecraft:cooked_porkchop":38,"minecraft:crafting_table":5,"minecraft:wooden_pickaxe":1,"minecraft:iron_helmet":2,"minecraft:birch_planks":1014,"minecraft:iron_chestplate":3,"minecraft:shield":4,"minecraft:birch_fence":36,"minecraft:stick":84,"minecraft:iron_ingot":207,"minecraft:iron_pickaxe":31,"minecraft:stone_sword":2,"minecraft:gold_ingot":4,"minecraft:redstone_torch":3,"minecraft:birch_stairs":4,"minecraft:wooden_sword":1,"minecraft:stone_shovel":2,"minecraft:furnace":7,"minecraft:stone_pickaxe":1,"minecraft:diamond_boots":1,"minecraft:minecart":1,"minecraft:cooked_beef":40,"minecraft:iron_sword":2,"minecraft:bucket":1,"minecraft:stone_axe":2,"minecraft:glowstone":40,"minecraft:bread":1,"minecraft:air":0,"minecraft:iron_shovel":2,"minecraft:iron_leggings":2,"minecraft:torch":12,"minecraft:diamond_chestplate":1},"minecraft:killed":{"minecraft:witch":1,"minecraft:spider":9,"minecraft:skeleton":31,"minecraft:chicken":22,"minecraft:silverfish":9,"minecraft:magma_cube":4,"minecraft:pig":20,"minecraft:salmon":1,"minecraft:creeper":1,"minecraft:sheep":27,"minecraft:pillager":2,"minecraft:zombie":49,"minecraft:stray":8,"minecraft:glow_squid":1,"minecraft:cow":8,"minecraft:vex":1,"minecraft:slime":5,"minecraft:phantom":1,"minecraft:husk":3,"minecraft:bat":1,"minecraft:breeze":5},"minecraft:killed_by":{"minecraft:magma_cube":1,"minecraft:zombie":3,"minecraft:husk":4,"minecraft:player":5,"minecraft:stray":1,"minecraft:skeleton":1},"minecraft:used":{"minecraft:waxed_oxidized_copper_door":1,"minecraft:tuff_bricks":10,"minecraft:iron_shovel":499,"minecraft:chest":4,"minecraft:shield":156,"minecraft:iron_sword":544,"minecraft:quartz_stairs":92,"minecraft:bell":1,"minecraft:rotten_flesh":1,"minecraft:carrot":68,"minecraft:waxed_copper_grate":1,"minecraft:tuff":21,"minecraft:glass":2,"minecraft:waxed_oxidized_copper":5,"minecraft:lava_bucket":5,"minecraft:bow":45,"minecraft:ominous_bottle":2,"minecraft:furnace":16,"minecraft:cooked_cod":5,"minecraft:egg":8,"minecraft:diorite":2,"minecraft:diamond_boots":3,"minecraft:waxed_weathered_copper_bulb":1,"minecraft:powered_rail":5,"minecraft:stone_pickaxe":189,"minecraft:oak_planks":101,"minecraft:wooden_pickaxe":60,"minecraft:diamond_axe":214,"minecraft:mushroom_stew":3,"minecraft:dripstone_block":1,"minecraft:birch_fence":38,"minecraft:redstone_torch":4,"minecraft:bread":5,"minecraft:diamond_sword":622,"minecraft:rose_bush":2,"minecraft:stone_sword":352,"minecraft:stone_shovel":262,"minecraft:cooked_salmon":11,"minecraft:cooked_chicken":25,"minecraft:netherrack":496,"minecraft:trial_key":4,"minecraft:torch":47,"minecraft:dirt":22,"minecraft:warped_wart_block":1,"minecraft:diamond_helmet":1,"minecraft:birch_door":2,"minecraft:shroomlight":1,"minecraft:wooden_axe":5,"minecraft:iron_axe":238,"minecraft:barrel":1,"minecraft:diamond_chestplate":4,"minecraft:minecart":4,"minecraft:cooked_beef":54,"minecraft:cobbled_deepslate":617,"minecraft:bamboo_planks":3,"minecraft:pointed_dripstone":1,"minecraft:wheat_seeds":9,"minecraft:cooked_mutton":35,"minecraft:water_bucket":48,"minecraft:cobblestone_stairs":4,"minecraft:birch_planks":549,"minecraft:baked_potato":5,"minecraft:cobblestone_slab":1,"minecraft:salmon":1,"minecraft:rail":84,"minecraft:crafting_table":27,"minecraft:oak_log":11,"minecraft:apple":1,"minecraft:ominous_trial_key":2,"minecraft:iron_pickaxe":7237,"minecraft:stone_axe":251,"minecraft:cobblestone":832,"minecraft:cooked_porkchop":43,"minecraft:bucket":54,"minecraft:dandelion":1,"minecraft:gray_wool":2,"minecraft:diamond_leggings":3,"minecraft:birch_stairs":1},"minecraft:broken":{"minecraft:iron_shovel":2,"minecraft:diamond_helmet":2,"minecraft:stone_pickaxe":2,"minecraft:diamond_boots":1,"minecraft:stone_axe":2,"minecraft:iron_sword":2,"minecraft:bow":1,"minecraft:stone_shovel":2,"minecraft:stone_sword":2,"minecraft:diamond_leggings":1,"minecraft:wooden_pickaxe":1,"minecraft:shield":2,"minecraft:iron_pickaxe":28},"minecraft:custom":{"minecraft:animals_bred":4,"minecraft:interact_with_crafting_table":139,"minecraft:open_barrel":13,"minecraft:bell_ring":49,"minecraft:leave_game":19,"minecraft:time_since_death":29892,"minecraft:sprint_one_cm":3710507,"minecraft:damage_blocked_by_shield":6435,"minecraft:drop":274,"minecraft:talked_to_villager":21,"minecraft:play_time":1086530,"minecraft:deaths":25,"minecraft:jump":29611,"minecraft:walk_on_water_one_cm":123899,"minecraft:interact_with_furnace":286,"minecraft:sleep_in_bed":13,"minecraft:damage_dealt":31953,"minecraft:player_kills":1,"minecraft:crouch_one_cm":276414,"minecraft:inspect_dispenser":12,"minecraft:horse_one_cm":186293,"minecraft:mob_kills":218,"minecraft:interact_with_anvil":2,"minecraft:climb_one_cm":101141,"minecraft:walk_one_cm":2524595,"minecraft:sneak_time":104798,"minecraft:walk_under_water_one_cm":48870,"minecraft:total_world_time":1086530,"minecraft:interact_with_stonecutter":1,"minecraft:time_since_rest":29925,"minecraft:damage_taken":18882,"minecraft:minecart_one_cm":217829,"minecraft:swim_one_cm":121132,"minecraft:fly_one_cm":3156092,"minecraft:open_chest":390,"minecraft:fall_one_cm":438215},"minecraft:dropped":{"minecraft:iron_sword":1,"minecraft:brown_mushroom":2,"minecraft:birch_planks":27,"minecraft:ominous_bottle":1,"minecraft:oak_log":239,"minecraft:glow_ink_sac":3,"minecraft:glass_bottle":10,"minecraft:diamond":100,"minecraft:crafting_table":2,"minecraft:cooked_porkchop":5,"minecraft:leather":2,"minecraft:red_mushroom":3,"minecraft:dirt":789,"minecraft:scrape_pottery_sherd":9,"minecraft:wooden_sword":1,"minecraft:iron_pickaxe":5,"minecraft:birch_log":31,"minecraft:white_wool":20,"minecraft:birch_stairs":2,"minecraft:gravel":11,"minecraft:cooked_chicken":7,"minecraft:cobbled_deepslate":1240,"minecraft:birch_sapling":24,"minecraft:pointed_dripstone":1,"minecraft:rotten_flesh":19,"minecraft:oak_planks":13,"minecraft:cooked_mutton":13,"minecraft:carrot":16,"minecraft:waxed_copper_block":5,"minecraft:tipped_arrow":14,"minecraft:lingering_potion":1,"minecraft:glowstone":33,"minecraft:birch_button":18,"minecraft:glass":95,"minecraft:oak_leaves":4,"minecraft:netherrack":130,"minecraft:enchanted_book":1,"minecraft:water_bucket":5,"minecraft:golden_boots":2,"minecraft:iron_ingot":101,"minecraft:bread":2,"minecraft:wheat_seeds":11,"minecraft:feather":26,"minecraft:cobblestone":371,"minecraft:iron_helmet":2,"minecraft:waxed_copper_grate":2,"minecraft:polished_tuff":2,"minecraft:granite":3,"minecraft:golden_apple":2,"minecraft:coal":31,"minecraft:stick":6,"minecraft:diorite":23,"minecraft:torch":15,"minecraft:cooked_salmon":3,"minecraft:waxed_oxidized_copper":2,"minecraft:iron_leggings":1,"minecraft:iron_axe":2,"minecraft:string":4,"minecraft:dandelion":6,"minecraft:cobblestone_wall":6,"minecraft:bowl":3,"minecraft:tuff":277,"minecraft:raw_iron":16,"minecraft:iron_boots":1,"minecraft:cobblestone_slab":2,"minecraft:shield":3,"minecraft:oak_button":1,"minecraft:iron_chestplate":4,"minecraft:andesite":2,"minecraft:oak_sapling":5,"minecraft:spider_eye":5,"minecraft:slime_ball":6,"minecraft:bow":1,"minecraft:black_wool":1,"minecraft:waxed_oxidized_copper_grate":3,"minecraft:brick":15}},"DataVersion":3953}