{"stats":{"minecraft:picked_up":{"minecraft:iron_chestplate":2,"minecraft:wheat":15,"minecraft:lead":1,"minecraft:diamond_sword":2,"minecraft:potion":4,"minecraft:enchanted_book":7,"minecraft:string":79,"minecraft:raw_copper":2,"minecraft:cooked_salmon":8,"minecraft:shroomlight":2,"minecraft:diamond_leggings":3,"minecraft:gold_nugget":2,"minecraft:cobbled_deepslate":1981,"minecraft:trial_key":4,"minecraft:redstone_torch":1,"minecraft:waxed_oxidized_copper_door":1,"minecraft:rose_bush":2,"minecraft:cobblestone_slab":13,"minecraft:iron_pickaxe":6,"minecraft:enchanted_golden_apple":3,"minecraft:furnace":8,"minecraft:tipped_arrow":50,"minecraft:stick":40,"minecraft:oak_fence":6,"minecraft:torch":31,"minecraft:porkchop":40,"minecraft:waxed_weathered_copper_bulb":1,"minecraft:waxed_copper_grate":3,"minecraft:pointed_dripstone":4,"minecraft:diorite":27,"minecraft:rotten_flesh":103,"minecraft:iron_block":1,"minecraft:waxed_cut_copper":1,"minecraft:cobblestone":1699,"minecraft:birch_log":285,"minecraft:birch_slab":22,"minecraft:feather":31,"minecraft:cooked_beef":14,"minecraft:water_bucket":6,"minecraft:andesite":16,"minecraft:brown_wool":1,"minecraft:tuff":350,"minecraft:lapis_lazuli":220,"minecraft:dirt":1018,"minecraft:name_tag":2,"minecraft:glass":33,"minecraft:bone":151,"minecraft:bow":5,"minecraft:wheat_seeds":142,"minecraft:raw_gold":11,"minecraft:bell":1,"minecraft:diamond_helmet":4,"minecraft:glowstone_dust":138,"minecraft:powered_rail":3,"minecraft:scrape_pottery_sherd":9,"minecraft:honeycomb":28,"minecraft:oak_planks":74,"minecraft:cooked_porkchop":10,"minecraft:warped_wart_block":1,"minecraft:sand":266,"minecraft:barrel":1,"minecraft:dispenser":1,"minecraft:diamond":126,"minecraft:waxed_oxidized_copper_grate":3,"minecraft:crossbow":2,"minecraft:breeze_rod":9,"minecraft:granite":9,"minecraft:bone_meal":1,"minecraft:golden_apple":1,"minecraft:emerald":82,"minecraft:bread":2,"minecraft:oak_sapling":22,"minecraft:netherrack":831,"minecraft:ominous_trial_key":2,"minecraft:oak_leaves":4,"minecraft:lingering_potion":1,"minecraft:crafting_table":25,"minecraft:azure_bluet":4,"minecraft:ominous_bottle":3,"minecraft:chicken":22,"minecraft:brown_mushroom":2,"minecraft:brick":38,"minecraft:shield":3,"minecraft:wind_charge":87,"minecraft:iron_axe":2,"minecraft:birch_fence":4,"minecraft:blackstone":31,"minecraft:beef":34,"minecraft:oak_boat":1,"minecraft:minecart":4,"minecraft:sugar_cane":51,"minecraft:quartz_stairs":7,"minecraft:chest":2,"minecraft:birch_sapling":25,"minecraft:phantom_membrane":1,"minecraft:waxed_oxidized_copper":7,"minecraft:egg":10,"minecraft:raw_iron":354,"minecraft:bowl":1,"minecraft:carrot":107,"minecraft:diamond_chestplate":5,"minecraft:arrow":177,"minecraft:diamond_boots":3,"minecraft:tuff_bricks":19,"minecraft:mutton":43,"minecraft:rail":23,"minecraft:white_wool":33,"minecraft:basalt":33,"minecraft:glow_ink_sac":3,"minecraft:salmon":1,"minecraft:leather":4,"minecraft:red_mushroom":3,"minecraft:birch_planks":309,"minecraft:mushroom_stew":4,"minecraft:oak_log":286,"minecraft:waxed_copper_block":5,"minecraft:golden_boots":2,"minecraft:cobblestone_wall":6,"minecraft:cooked_mutton":14,"minecraft:apple":3,"minecraft:stone_pickaxe":1,"minecraft:iron_ingot":153,"minecraft:cooked_chicken":11,"minecraft:glass_bottle":10,"minecraft:iron_sword":3,"minecraft:warped_fungus":2,"minecraft:emerald_block":3,"minecraft:pumpkin":9,"minecraft:quartz":616,"minecraft:dandelion":12,"minecraft:dripstone_block":2,"minecraft:gravel":16,"minecraft:birch_stairs":1,"minecraft:white_bed":1,"minecraft:spider_eye":5,"minecraft:polished_tuff":10,"minecraft:pumpkin_seeds":4,"minecraft:slime_ball":6,"minecraft:stone_axe":1,"minecraft:short_grass":4,"minecraft:iron_helmet":1,"minecraft:diamond_axe":3,"minecraft:gray_wool":3,"minecraft:warped_roots":6,"minecraft:oak_button":1,"minecraft:baked_potato":5,"minecraft:black_wool":1,"minecraft:coal":257,"minecraft:chiseled_tuff_bricks":27,"minecraft:ender_pearl":4},"minecraft:crafted":{"minecraft:oak_planks":144,"minecraft:cooked_chicken":22,"minecraft:birch_slab":12,"minecraft:cobblestone_stairs":4,"minecraft:cooked_mutton":36,"minecraft:quartz_block":154,"minecraft:glass":92,"minecraft:diamond_helmet":1,"minecraft:diamond_leggings":1,"minecraft:bow":1,"minecraft:iron_boots":2,"minecraft:birch_fence_gate":1,"minecraft:chest":2,"minecraft:birch_door":3,"minecraft:birch_button":18,"minecraft:quartz_stairs":92,"minecraft:cooked_porkchop":40,"minecraft:crafting_table":5,"minecraft:wooden_pickaxe":1,"minecraft:iron_helmet":2,"minecraft:birch_planks":1014,"minecraft:wooden_hoe":2,"minecraft:iron_chestplate":3,"minecraft:shield":4,"minecraft:birch_fence":57,"minecraft:stick":112,"minecraft:iron_ingot":231,"minecraft:iron_pickaxe":31,"minecraft:iron_block":4,"minecraft:stone_sword":2,"minecraft:gold_ingot":4,"minecraft:redstone_torch":3,"minecraft:composter":1,"minecraft:birch_stairs":8,"minecraft:shears":1,"minecraft:wooden_sword":1,"minecraft:stone_shovel":2,"minecraft:furnace":7,"minecraft:stone_pickaxe":1,"minecraft:diamond_boots":1,"minecraft:minecart":1,"minecraft:cooked_beef":40,"minecraft:iron_sword":2,"minecraft:bucket":1,"minecraft:stone_axe":2,"minecraft:glowstone":40,"minecraft:bread":1,"minecraft:air":0,"minecraft:iron_shovel":3,"minecraft:iron_leggings":2,"minecraft:torch":12,"minecraft:diamond_chestplate":1},"minecraft:mined":{"minecraft:white_bed":1,"minecraft:farmland":1,"minecraft:granite":27,"minecraft:grass_block":109,"minecraft:chiseled_tuff_bricks":10,"minecraft:tuff_bricks":51,"minecraft:spawner":1,"minecraft:raw_iron_block":1,"minecraft:glowstone":37,"minecraft:fire":18,"minecraft:iron_ore":120,"minecraft:cobbled_deepslate":16,"minecraft:polished_tuff":10,"minecraft:pumpkin":4,"minecraft:deepslate_lapis_ore":7,"minecraft:azure_bluet":1,"minecraft:pointed_dripstone":8,"minecraft:dirt_path":2,"minecraft:iron_block":1,"minecraft:waxed_cut_copper":2,"minecraft:deepslate_redstone_ore":7,"minecraft:brown_mushroom":1,"minecraft:blackstone":10,"minecraft:torch":11,"minecraft:chest":2,"minecraft:mushroom_stem":5,"minecraft:nether_quartz_ore":527,"minecraft:glass":2,"minecraft:cobblestone":92,"minecraft:sugar_cane":21,"minecraft:oak_planks":1,"minecraft:waxed_chiseled_copper":1,"minecraft:wall_torch":14,"minecraft:waxed_copper_bulb":2,"minecraft:warped_nylium":9,"minecraft:powered_rail":2,"minecraft:light_gray_stained_glass":7,"minecraft:birch_log":231,"minecraft:wheat":11,"minecraft:waxed_copper_block":14,"minecraft:oak_log":285,"minecraft:waxed_oxidized_copper":9,"minecraft:sand":269,"minecraft:dirt":680,"minecraft:red_mushroom_block":16,"minecraft:dispenser":1,"minecraft:netherrack":777,"minecraft:oak_leaves":60,"minecraft:deepslate":3314,"minecraft:nether_gold_ore":1,"minecraft:diamond_ore":4,"minecraft:tuff":375,"minecraft:quartz_stairs":6,"minecraft:deepslate_diamond_ore":120,"minecraft:decorated_pot":15,"minecraft:vault":1,"minecraft:furnace":9,"minecraft:carrots":22,"minecraft:waxed_copper_grate":6,"minecraft:andesite":59,"minecraft:bell":1,"minecraft:shroomlight":1,"minecraft:deepslate_iron_ore":109,"minecraft:vine":1,"minecraft:rail":22,"minecraft:packed_ice":1,"minecraft:waxed_weathered_copper_bulb":2,"minecraft:stone":1283,"minecraft:birch_stairs":1,"minecraft:scaffolding":1,"minecraft:basalt":29,"minecraft:dandelion":5,"minecraft:oak_fence":7,"minecraft:crafting_table":23,"minecraft:short_grass":465,"minecraft:rose_bush":6,"minecraft:tall_grass":21,"minecraft:copper_ore":7,"minecraft:deepslate_gold_ore":21,"minecraft:lapis_ore":18,"minecraft:diorite":118,"minecraft:warped_wart_block":2,"minecraft:gray_wool":1,"minecraft:birch_planks":103,"minecraft:cobblestone_wall":6,"minecraft:waxed_oxidized_copper_grate":3,"minecraft:redstone_torch":1,"minecraft:birch_leaves":31,"minecraft:bee_nest":1,"minecraft:coal_ore":159,"minecraft:gravel":95,"minecraft:dripstone_block":7,"minecraft:cobweb":12,"minecraft:fern":4,"minecraft:birch_fence":4},"minecraft:killed":{"minecraft:witch":1,"minecraft:spider":9,"minecraft:skeleton":31,"minecraft:chicken":22,"minecraft:silverfish":9,"minecraft:magma_cube":4,"minecraft:pig":21,"minecraft:salmon":1,"minecraft:creeper":1,"minecraft:sheep":27,"minecraft:pillager":2,"minecraft:zombie":54,"minecraft:stray":8,"minecraft:glow_squid":1,"minecraft:cow":8,"minecraft:vex":1,"minecraft:slime":5,"minecraft:phantom":1,"minecraft:husk":3,"minecraft:bat":1,"minecraft:breeze":5},"minecraft:killed_by":{"minecraft:magma_cube":1,"minecraft:zombie":3,"minecraft:husk":4,"minecraft:player":5,"minecraft:stray":1,"minecraft:skeleton":1},"minecraft:used":{"minecraft:waxed_oxidized_copper_door":1,"minecraft:tuff_bricks":10,"minecraft:iron_shovel":684,"minecraft:chest":4,"minecraft:shield":156,"minecraft:iron_sword":544,"minecraft:quartz_stairs":99,"minecraft:bell":1,"minecraft:rotten_flesh":1,"minecraft:carrot":131,"minecraft:waxed_copper_grate":1,"minecraft:tuff":21,"minecraft:glass":35,"minecraft:waxed_oxidized_copper":5,"minecraft:lava_bucket":5,"minecraft:quartz_block":16,"minecraft:bow":45,"minecraft:ominous_bottle":2,"minecraft:oak_sapling":1,"minecraft:furnace":16,"minecraft:cooked_cod":5,"minecraft:egg":8,"minecraft:diorite":2,"minecraft:diamond_boots":3,"minecraft:waxed_weathered_copper_bulb":1,"minecraft:powered_rail":5,"minecraft:stone_pickaxe":189,"minecraft:oak_planks":101,"minecraft:wooden_pickaxe":60,"minecraft:composter":1,"minecraft:diamond_axe":214,"minecraft:mushroom_stew":3,"minecraft:dripstone_block":1,"minecraft:shears":1,"minecraft:birch_fence":59,"minecraft:redstone_torch":4,"minecraft:birch_fence_gate":1,"minecraft:bread":5,"minecraft:diamond_sword":648,"minecraft:rose_bush":2,"minecraft:stone_sword":352,"minecraft:stone_shovel":262,"minecraft:cooked_salmon":11,"minecraft:cooked_chicken":25,"minecraft:netherrack":616,"minecraft:trial_key":4,"minecraft:torch":47,"minecraft:dirt":95,"minecraft:warped_wart_block":1,"minecraft:diamond_helmet":1,"minecraft:birch_door":2,"minecraft:shroomlight":1,"minecraft:wooden_axe":5,"minecraft:iron_block":5,"minecraft:iron_axe":238,"minecraft:barrel":1,"minecraft:diamond_chestplate":4,"minecraft:minecart":4,"minecraft:cooked_beef":55,"minecraft:cobbled_deepslate":617,"minecraft:pumpkin":1,"minecraft:bamboo_planks":3,"minecraft:pointed_dripstone":1,"minecraft:wheat_seeds":63,"minecraft:cooked_mutton":35,"minecraft:water_bucket":77,"minecraft:cobblestone_stairs":4,"minecraft:birch_planks":552,"minecraft:baked_potato":5,"minecraft:cobblestone_slab":1,"minecraft:salmon":1,"minecraft:rail":84,"minecraft:crafting_table":27,"minecraft:white_bed":1,"minecraft:oak_log":11,"minecraft:wooden_hoe":89,"minecraft:apple":1,"minecraft:ominous_trial_key":2,"minecraft:iron_pickaxe":7346,"minecraft:stone_axe":251,"minecraft:cobblestone":902,"minecraft:cooked_porkchop":44,"minecraft:bucket":83,"minecraft:dandelion":1,"minecraft:gray_wool":2,"minecraft:diamond_leggings":3,"minecraft:birch_stairs":5},"minecraft:broken":{"minecraft:iron_shovel":2,"minecraft:diamond_helmet":2,"minecraft:stone_pickaxe":2,"minecraft:diamond_boots":1,"minecraft:stone_axe":2,"minecraft:iron_sword":2,"minecraft:bow":1,"minecraft:stone_shovel":2,"minecraft:stone_sword":2,"minecraft:diamond_leggings":1,"minecraft:wooden_pickaxe":1,"minecraft:shield":2,"minecraft:iron_pickaxe":28,"minecraft:wooden_hoe":1},"minecraft:custom":{"minecraft:animals_bred":4,"minecraft:interact_with_crafting_table":169,"minecraft:open_barrel":13,"minecraft:bell_ring":49,"minecraft:leave_game":19,"minecraft:time_since_death":20986,"minecraft:sprint_one_cm":3966172,"minecraft:damage_blocked_by_shield":6435,"minecraft:drop":319,"minecraft:talked_to_villager":21,"minecraft:play_time":1164530,"minecraft:deaths":28,"minecraft:jump":31878,"minecraft:walk_on_water_one_cm":129533,"minecraft:interact_with_furnace":309,"minecraft:sleep_in_bed":13,"minecraft:damage_dealt":33209,"minecraft:player_kills":1,"minecraft:crouch_one_cm":295509,"minecraft:inspect_dispenser":12,"minecraft:horse_one_cm":190241,"minecraft:mob_kills":224,"minecraft:interact_with_anvil":2,"minecraft:climb_one_cm":101479,"minecraft:walk_one_cm":2739840,"minecraft:sneak_time":111106,"minecraft:walk_under_water_one_cm":50030,"minecraft:total_world_time":1164530,"minecraft:interact_with_stonecutter":2,"minecraft:time_since_rest":21081,"minecraft:damage_taken":19915,"minecraft:minecart_one_cm":240142,"minecraft:swim_one_cm":125903,"minecraft:fly_one_cm":3468887,"minecraft:open_chest":447,"minecraft:fall_one_cm":472704},"minecraft:dropped":{"minecraft:iron_sword":1,"minecraft:brown_mushroom":2,"minecraft:birch_planks":283,"minecraft:ominous_bottle":1,"minecraft:warped_fungus":1,"minecraft:oak_log":239,"minecraft:glow_ink_sac":3,"minecraft:glass_bottle":10,"minecraft:diamond":103,"minecraft:crafting_table":2,"minecraft:cooked_porkchop":5,"minecraft:crossbow":2,"minecraft:warped_roots":6,"minecraft:leather":2,"minecraft:red_mushroom":3,"minecraft:dirt":853,"minecraft:scrape_pottery_sherd":9,"minecraft:wooden_sword":1,"minecraft:iron_pickaxe":5,"minecraft:birch_log":31,"minecraft:white_wool":20,"minecraft:birch_stairs":2,"minecraft:gravel":11,"minecraft:blackstone":31,"minecraft:cooked_chicken":7,"minecraft:chiseled_tuff_bricks":14,"minecraft:cobbled_deepslate":1304,"minecraft:birch_sapling":24,"minecraft:pointed_dripstone":1,"minecraft:rotten_flesh":83,"minecraft:oak_planks":13,"minecraft:cooked_mutton":13,"minecraft:carrot":16,"minecraft:waxed_copper_block":5,"minecraft:tipped_arrow":14,"minecraft:lingering_potion":1,"minecraft:glowstone":33,"minecraft:birch_button":18,"minecraft:powered_rail":1,"minecraft:glass":95,"minecraft:oak_leaves":4,"minecraft:netherrack":194,"minecraft:enchanted_book":1,"minecraft:water_bucket":5,"minecraft:golden_boots":2,"minecraft:iron_ingot":101,"minecraft:bread":2,"minecraft:wheat_seeds":11,"minecraft:feather":26,"minecraft:cobblestone":1841,"minecraft:iron_helmet":2,"minecraft:waxed_copper_grate":2,"minecraft:polished_tuff":2,"minecraft:granite":3,"minecraft:mushroom_stew":1,"minecraft:golden_apple":2,"minecraft:coal":31,"minecraft:stick":6,"minecraft:diorite":23,"minecraft:torch":15,"minecraft:cooked_salmon":3,"minecraft:waxed_oxidized_copper":2,"minecraft:potion":1,"minecraft:iron_leggings":1,"minecraft:iron_axe":2,"minecraft:string":68,"minecraft:dandelion":7,"minecraft:cobblestone_wall":6,"minecraft:bowl":3,"minecraft:tuff":329,"minecraft:raw_iron":16,"minecraft:iron_boots":1,"minecraft:cobblestone_slab":2,"minecraft:shield":3,"minecraft:oak_button":1,"minecraft:iron_chestplate":4,"minecraft:andesite":2,"minecraft:oak_sapling":5,"minecraft:spider_eye":5,"minecraft:slime_ball":6,"minecraft:bow":1,"minecraft:black_wool":1,"minecraft:waxed_oxidized_copper_grate":3,"minecraft:brick":15}},"DataVersion":3953}