{"stats":{"minecraft:mined":{"minecraft:dandelion":3,"minecraft:torch":1,"minecraft:short_grass":35,"minecraft:grass_block":2,"minecraft:tall_grass":8,"minecraft:oak_planks":1,"minecraft:wall_torch":2,"minecraft:warped_wart_block":1,"minecraft:birch_log":17,"minecraft:birch_leaves":2,"minecraft:coal_ore":3,"minecraft:oak_log":3,"minecraft:stone":25,"minecraft:netherrack":5,"minecraft:oak_leaves":2,"minecraft:deepslate":43},"minecraft:killed_by":{"minecraft:spider":1},"minecraft:used":{"minecraft:stone_pickaxe":3,"minecraft:wooden_pickaxe":44,"minecraft:iron_sword":110,"minecraft:torch":8,"minecraft:dirt":1,"minecraft:crafting_table":1,"minecraft:birch_sapling":1,"minecraft:iron_pickaxe":51,"minecraft:cobblestone":18,"minecraft:cooked_porkchop":6,"minecraft:cobbled_deepslate":6},"minecraft:custom":{"minecraft:interact_with_furnace":7,"minecraft:mob_kills":11,"minecraft:interact_with_crafting_table":4,"minecraft:time_since_death":38234,"minecraft:sleep_in_bed":1,"minecraft:time_since_rest":37609,"minecraft:sprint_one_cm":51837,"minecraft:damage_taken":651,"minecraft:walk_one_cm":152826,"minecraft:drop":3,"minecraft:damage_dealt":1442,"minecraft:fly_one_cm":54120,"minecraft:open_chest":4,"minecraft:crouch_one_cm":62,"minecraft:play_time":39937,"minecraft:deaths":1,"minecraft:sneak_time":157,"minecraft:walk_under_water_one_cm":1908,"minecraft:jump":601,"minecraft:walk_on_water_one_cm":911,"minecraft:total_world_time":39937,"minecraft:fall_one_cm":11069},"minecraft:dropped":{"minecraft:iron_sword":2,"minecraft:cobblestone":1},"minecraft:crafted":{"minecraft:wooden_sword":1,"minecraft:oak_planks":12,"minecraft:stone_shovel":1,"minecraft:cooked_porkchop":17,"minecraft:crafting_table":1,"minecraft:wooden_pickaxe":1,"minecraft:iron_sword":1,"minecraft:birch_planks":64,"minecraft:stick":32,"minecraft:iron_pickaxe":2,"minecraft:stone_pickaxe":1,"minecraft:stone_sword":1,"minecraft:torch":12},"minecraft:picked_up":{"minecraft:birch_log":17,"minecraft:leather":1,"minecraft:oak_log":3,"minecraft:gunpowder":2,"minecraft:dirt":10,"minecraft:string":2,"minecraft:wheat_seeds":3,"minecraft:cobbled_deepslate":44,"minecraft:iron_ingot":19,"minecraft:stripped_oak_wood":1,"minecraft:calcite":1,"minecraft:oak_planks":2,"minecraft:birch_sapling":1,"minecraft:iron_sword":2,"minecraft:book":4,"minecraft:smooth_basalt":1,"minecraft:oak_fence":1,"minecraft:torch":5,"minecraft:warped_wart_block":1,"minecraft:dandelion":2,"minecraft:porkchop":17,"minecraft:spider_eye":1,"minecraft:rotten_flesh":2,"minecraft:netherrack":5,"minecraft:mutton":4,"minecraft:coal":3,"minecraft:white_wool":3,"minecraft:cobblestone":25},"minecraft:killed":{"minecraft:pig":6,"minecraft:sheep":3,"minecraft:horse":1,"minecraft:zombie":1}},"DataVersion":3953}