{"stats":{"minecraft:used":{"minecraft:chest":4,"minecraft:iron_sword":174,"minecraft:stone_hoe":14,"minecraft:netherrack":258,"minecraft:iron_chestplate":3,"minecraft:torch":29,"minecraft:dirt":60,"minecraft:carrot":101,"minecraft:tuff":3,"minecraft:birch_sapling":1,"minecraft:iron_helmet":1,"minecraft:iron_boots":3,"minecraft:diamond_chestplate":1,"minecraft:bow":7,"minecraft:oak_sapling":4,"minecraft:minecart":2,"minecraft:egg":1,"minecraft:cobbled_deepslate":11,"minecraft:iron_leggings":3,"minecraft:wheat_seeds":3,"minecraft:birch_planks":22,"minecraft:stone_pickaxe":3,"minecraft:oak_planks":20,"minecraft:wooden_pickaxe":44,"minecraft:warped_roots":4,"minecraft:crafting_table":1,"minecraft:mace":1,"minecraft:birch_slab":1,"minecraft:iron_pickaxe":184,"minecraft:cobblestone":66,"minecraft:cooked_porkchop":10,"minecraft:yellow_bed":1},"minecraft:picked_up":{"minecraft:iron_chestplate":3,"minecraft:wheat":7,"minecraft:azure_bluet":2,"minecraft:cornflower":2,"minecraft:string":6,"minecraft:wooden_sword":3,"minecraft:iron_leggings":4,"minecraft:cobbled_deepslate":91,"minecraft:gold_nugget":37,"minecraft:oak_boat":3,"minecraft:calcite":4,"minecraft:iron_pickaxe":5,"minecraft:minecart":2,"minecraft:chest":4,"minecraft:birch_sapling":1,"minecraft:iron_boots":2,"minecraft:egg":1,"minecraft:stick":16,"minecraft:raw_iron":14,"minecraft:oak_fence":1,"minecraft:torch":6,"minecraft:porkchop":17,"minecraft:mace":1,"minecraft:carrot":79,"minecraft:diamond_chestplate":1,"minecraft:rotten_flesh":10,"minecraft:mutton":8,"minecraft:white_wool":9,"minecraft:cobblestone":82,"minecraft:oxeye_daisy":3,"minecraft:birch_log":19,"minecraft:birch_slab":1,"minecraft:leather":1,"minecraft:yellow_dye":18,"minecraft:crimson_fungus":1,"minecraft:tuff":12,"minecraft:oak_log":12,"minecraft:gunpowder":6,"minecraft:lapis_lazuli":112,"minecraft:dirt":152,"minecraft:glass":1,"minecraft:wheat_seeds":28,"minecraft:raw_gold":4,"minecraft:stone_pickaxe":1,"minecraft:iron_ingot":229,"minecraft:stripped_oak_wood":2,"minecraft:oak_planks":5,"minecraft:iron_sword":5,"minecraft:book":8,"minecraft:smooth_basalt":1,"minecraft:cooked_porkchop":14,"minecraft:warped_wart_block":3,"minecraft:dandelion":24,"minecraft:gravel":1,"minecraft:spider_eye":1,"minecraft:iron_hoe":2,"minecraft:diamond":6,"minecraft:stone_axe":1,"minecraft:iron_helmet":1,"minecraft:warped_roots":6,"minecraft:warped_nylium":2,"minecraft:netherrack":162,"minecraft:coal":23,"minecraft:ender_pearl":1},"minecraft:mined":{"minecraft:nether_gold_ore":2,"minecraft:tuff":6,"minecraft:deepslate_diamond_ore":2,"minecraft:grass_block":118,"minecraft:birch_slab":1,"minecraft:oxeye_daisy":1,"minecraft:carrots":20,"minecraft:nether_sprouts":1,"minecraft:azure_bluet":1,"minecraft:deepslate_iron_ore":12,"minecraft:stone":51,"minecraft:dandelion":26,"minecraft:cornflower":1,"minecraft:torch":1,"minecraft:short_grass":54,"minecraft:poppy":2,"minecraft:warped_roots":2,"minecraft:chest":4,"minecraft:tall_grass":13,"minecraft:cobblestone":22,"minecraft:oak_planks":1,"minecraft:wall_torch":2,"minecraft:warped_wart_block":1,"minecraft:birch_log":17,"minecraft:wheat":6,"minecraft:birch_leaves":2,"minecraft:oak_log":13,"minecraft:coal_ore":23,"minecraft:gravel":1,"minecraft:dirt":39,"minecraft:netherrack":26,"minecraft:oak_leaves":2,"minecraft:deepslate":52},"minecraft:killed":{"minecraft:skeleton":1,"minecraft:horse":1,"minecraft:pig":6,"minecraft:sheep":3,"minecraft:zombie":3,"minecraft:villager":2},"minecraft:crafted":{"minecraft:wooden_sword":1,"minecraft:oak_planks":46,"minecraft:stone_shovel":1,"minecraft:stone_pickaxe":1,"minecraft:cooked_porkchop":17,"minecraft:crafting_table":1,"minecraft:wooden_pickaxe":1,"minecraft:iron_sword":2,"minecraft:birch_planks":126,"minecraft:yellow_stained_glass":32,"minecraft:yellow_dye":22,"minecraft:stick":64,"minecraft:iron_pickaxe":3,"minecraft:stone_sword":1,"minecraft:torch":92},"minecraft:dropped":{"minecraft:iron_sword":3,"minecraft:birch_planks":1,"minecraft:wheat_seeds":4,"minecraft:cobblestone":1,"minecraft:oxeye_daisy":1,"minecraft:dirt":2,"minecraft:mace":1,"minecraft:cornflower":1,"minecraft:wooden_sword":1,"minecraft:iron_pickaxe":3,"minecraft:dandelion":2,"minecraft:rotten_flesh":2,"minecraft:yellow_stained_glass":32,"minecraft:azure_bluet":1,"minecraft:carrot":1,"minecraft:spider_eye":1,"minecraft:warped_wart_block":1,"minecraft:calcite":1,"minecraft:netherrack":6},"minecraft:custom":{"minecraft:mob_kills":16,"minecraft:animals_bred":2,"minecraft:interact_with_crafting_table":8,"minecraft:leave_game":1,"minecraft:time_since_death":1299,"minecraft:sprint_one_cm":201727,"minecraft:walk_one_cm":648537,"minecraft:drop":63,"minecraft:play_time":195653,"minecraft:deaths":11,"minecraft:sneak_time":1252,"minecraft:walk_under_water_one_cm":6456,"minecraft:jump":3371,"minecraft:walk_on_water_one_cm":5480,"minecraft:total_world_time":195653,"minecraft:interact_with_furnace":8,"minecraft:sleep_in_bed":6,"minecraft:time_since_rest":1331,"minecraft:damage_taken":5390,"minecraft:minecart_one_cm":89,"minecraft:damage_dealt":3022,"minecraft:fly_one_cm":304442,"minecraft:open_chest":79,"minecraft:crouch_one_cm":671,"minecraft:interact_with_smoker":2,"minecraft:fall_one_cm":100315},"minecraft:killed_by":{"minecraft:spider":1,"minecraft:enderman":1,"minecraft:zombie":1},"minecraft:broken":{"minecraft:iron_chestplate":1}},"DataVersion":3953}