{"stats":{"minecraft:broken":{"minecraft:iron_chestplate":1,"minecraft:diamond_boots":1},"minecraft:mined":{"minecraft:nether_gold_ore":2,"minecraft:tuff":43,"minecraft:deepslate_diamond_ore":23,"minecraft:grass_block":118,"minecraft:birch_slab":1,"minecraft:oxeye_daisy":1,"minecraft:carrots":23,"minecraft:cobbled_deepslate":2,"minecraft:nether_sprouts":1,"minecraft:pumpkin":4,"minecraft:azure_bluet":1,"minecraft:deepslate_iron_ore":12,"minecraft:stone":51,"minecraft:deepslate_redstone_ore":4,"minecraft:glass_pane":7,"minecraft:dandelion":28,"minecraft:cornflower":1,"minecraft:torch":1,"minecraft:short_grass":74,"minecraft:poppy":2,"minecraft:warped_roots":2,"minecraft:chest":4,"minecraft:tall_grass":17,"minecraft:cobblestone":22,"minecraft:oak_planks":1,"minecraft:wall_torch":3,"minecraft:warped_wart_block":1,"minecraft:birch_log":17,"minecraft:wheat":6,"minecraft:birch_leaves":2,"minecraft:tnt":2,"minecraft:oak_log":13,"minecraft:coal_ore":23,"minecraft:gravel":22,"minecraft:dirt":39,"minecraft:netherrack":29,"minecraft:oak_leaves":33,"minecraft:deepslate":302},"minecraft:killed_by":{"minecraft:player":2,"minecraft:piglin_brute":4,"minecraft:spider":1,"minecraft:enderman":1,"minecraft:magma_cube":1,"minecraft:zombie":1},"minecraft:custom":{"minecraft:mob_kills":22,"minecraft:animals_bred":2,"minecraft:interact_with_crafting_table":12,"minecraft:leave_game":1,"minecraft:time_since_death":11498,"minecraft:climb_one_cm":1226,"minecraft:sprint_one_cm":349037,"minecraft:walk_one_cm":949488,"minecraft:drop":87,"minecraft:play_time":270196,"minecraft:deaths":23,"minecraft:sneak_time":1489,"minecraft:walk_under_water_one_cm":6456,"minecraft:jump":4836,"minecraft:walk_on_water_one_cm":6535,"minecraft:total_world_time":270196,"minecraft:interact_with_furnace":14,"minecraft:sleep_in_bed":9,"minecraft:time_since_rest":11546,"minecraft:damage_taken":8999,"minecraft:minecart_one_cm":89,"minecraft:damage_dealt":4456,"minecraft:fly_one_cm":458575,"minecraft:open_chest":112,"minecraft:crouch_one_cm":782,"minecraft:interact_with_smoker":2,"minecraft:fall_one_cm":131463},"minecraft:used":{"minecraft:beetroot":5,"minecraft:chest":4,"minecraft:iron_sword":265,"minecraft:stone_hoe":14,"minecraft:netherrack":315,"minecraft:iron_chestplate":3,"minecraft:torch":66,"minecraft:dirt":60,"minecraft:carrot":113,"minecraft:tuff":3,"minecraft:birch_sapling":1,"minecraft:iron_helmet":1,"minecraft:iron_boots":5,"minecraft:diamond_chestplate":1,"minecraft:bow":7,"minecraft:oak_sapling":4,"minecraft:minecart":2,"minecraft:egg":2,"minecraft:cooked_beef":8,"minecraft:cobbled_deepslate":83,"minecraft:pumpkin":2,"minecraft:iron_leggings":3,"minecraft:wheat_seeds":3,"minecraft:birch_planks":22,"minecraft:stone_pickaxe":3,"minecraft:oak_planks":20,"minecraft:wooden_pickaxe":44,"minecraft:warped_roots":4,"minecraft:tnt":2,"minecraft:crafting_table":1,"minecraft:mace":1,"minecraft:birch_slab":1,"minecraft:iron_pickaxe":537,"minecraft:cobblestone":66,"minecraft:cooked_porkchop":10,"minecraft:yellow_bed":1},"minecraft:crafted":{"minecraft:wooden_sword":1,"minecraft:oak_planks":50,"minecraft:stone_shovel":1,"minecraft:stone_pickaxe":1,"minecraft:cooked_beef":8,"minecraft:cooked_porkchop":17,"minecraft:crafting_table":1,"minecraft:wooden_pickaxe":1,"minecraft:iron_sword":2,"minecraft:birch_planks":126,"minecraft:pumpkin_seeds":4,"minecraft:yellow_stained_glass":32,"minecraft:yellow_dye":22,"minecraft:stick":64,"minecraft:iron_ingot":9,"minecraft:iron_pickaxe":5,"minecraft:stone_sword":1,"minecraft:torch":92},"minecraft:dropped":{"minecraft:stone_hoe":1,"minecraft:iron_sword":8,"minecraft:short_grass":4,"minecraft:birch_planks":1,"minecraft:wheat_seeds":21,"minecraft:cobblestone":1,"minecraft:oxeye_daisy":1,"minecraft:dirt":2,"minecraft:mace":1,"minecraft:torch":2,"minecraft:cornflower":1,"minecraft:gold_nugget":33,"minecraft:wooden_sword":1,"minecraft:iron_pickaxe":4,"minecraft:dandelion":4,"minecraft:furnace":1,"minecraft:crimson_fungus":1,"minecraft:rotten_flesh":4,"minecraft:iron_boots":1,"minecraft:yellow_stained_glass":32,"minecraft:azure_bluet":1,"minecraft:pumpkin_seeds":4,"minecraft:carrot":1,"minecraft:spider_eye":1,"minecraft:stone_pickaxe":1,"minecraft:warped_wart_block":2,"minecraft:calcite":1,"minecraft:netherrack":6,"minecraft:egg":1},"minecraft:picked_up":{"minecraft:iron_chestplate":3,"minecraft:wheat":7,"minecraft:azure_bluet":2,"minecraft:enchanted_book":1,"minecraft:cornflower":2,"minecraft:string":7,"minecraft:wooden_sword":3,"minecraft:iron_leggings":4,"minecraft:beetroot":5,"minecraft:diamond_leggings":1,"minecraft:cobbled_deepslate":289,"minecraft:gold_nugget":37,"minecraft:oak_boat":3,"minecraft:calcite":4,"minecraft:iron_pickaxe":5,"minecraft:minecart":2,"minecraft:chest":4,"minecraft:birch_sapling":1,"minecraft:furnace":1,"minecraft:iron_boots":2,"minecraft:egg":3,"minecraft:stick":20,"minecraft:raw_iron":14,"minecraft:oak_fence":1,"minecraft:torch":9,"minecraft:porkchop":19,"minecraft:mace":1,"minecraft:carrot":89,"minecraft:tnt":2,"minecraft:diamond_chestplate":1,"minecraft:rotten_flesh":14,"minecraft:beetroot_seeds":1,"minecraft:diamond_boots":2,"minecraft:mutton":8,"minecraft:white_wool":9,"minecraft:cobblestone":82,"minecraft:oxeye_daisy":3,"minecraft:birch_log":19,"minecraft:birch_slab":1,"minecraft:leather":1,"minecraft:yellow_dye":18,"minecraft:crimson_fungus":1,"minecraft:tuff":50,"minecraft:oak_log":12,"minecraft:waxed_copper_block":2,"minecraft:golden_boots":1,"minecraft:gunpowder":6,"minecraft:lapis_lazuli":112,"minecraft:dirt":154,"minecraft:glass":1,"minecraft:wheat_seeds":31,"minecraft:raw_gold":4,"minecraft:iron_ingot":229,"minecraft:stone_pickaxe":1,"minecraft:stripped_oak_wood":2,"minecraft:iron_sword":10,"minecraft:oak_planks":6,"minecraft:book":8,"minecraft:smooth_basalt":1,"minecraft:cooked_porkchop":14,"minecraft:pumpkin":4,"minecraft:warped_wart_block":3,"minecraft:dandelion":26,"minecraft:gravel":1,"minecraft:spider_eye":1,"minecraft:iron_hoe":2,"minecraft:pumpkin_seeds":1,"minecraft:diamond":27,"minecraft:stone_axe":1,"minecraft:iron_helmet":1,"minecraft:warped_roots":6,"minecraft:warped_nylium":2,"minecraft:netherrack":165,"minecraft:coal":23,"minecraft:ender_pearl":1},"minecraft:killed":{"minecraft:spider":1,"minecraft:skeleton":2,"minecraft:horse":1,"minecraft:pig":7,"minecraft:zombie_villager":1,"minecraft:sheep":3,"minecraft:zombie":5,"minecraft:villager":2}},"DataVersion":3953}