{"stats":{"minecraft:mined":{"minecraft:grass_block":2,"minecraft:oak_log":3,"minecraft:birch_log":17,"minecraft:stone":25,"minecraft:birch_leaves":2,"minecraft:oak_planks":1,"minecraft:oak_leaves":2},"minecraft:killed_by":{"minecraft:spider":1},"minecraft:used":{"minecraft:dirt":1,"minecraft:birch_sapling":1,"minecraft:wooden_pickaxe":44},"minecraft:custom":{"minecraft:time_since_rest":8095,"minecraft:walk_one_cm":38098,"minecraft:crouch_one_cm":62,"minecraft:play_time":10423,"minecraft:sprint_one_cm":16148,"minecraft:damage_taken":438,"minecraft:deaths":1,"minecraft:sneak_time":17,"minecraft:jump":156,"minecraft:time_since_death":8720,"minecraft:sleep_in_bed":1,"minecraft:total_world_time":10423,"minecraft:interact_with_crafting_table":2,"minecraft:fall_one_cm":1521,"minecraft:fly_one_cm":17511},"minecraft:crafted":{"minecraft:wooden_sword":1,"minecraft:oak_planks":12,"minecraft:birch_planks":64,"minecraft:crafting_table":1,"minecraft:stick":4,"minecraft:wooden_pickaxe":1},"minecraft:picked_up":{"minecraft:birch_log":17,"minecraft:torch":1,"minecraft:oak_log":3,"minecraft:gunpowder":2,"minecraft:birch_sapling":1,"minecraft:oak_planks":1,"minecraft:dirt":1,"minecraft:cobblestone":24}},"DataVersion":3953}