{"stats":{"minecraft:used":{"minecraft:wheat_seeds":3,"minecraft:birch_planks":22,"minecraft:stone_pickaxe":3,"minecraft:oak_planks":20,"minecraft:chest":4,"minecraft:wooden_pickaxe":44,"minecraft:iron_sword":172,"minecraft:stone_hoe":14,"minecraft:netherrack":231,"minecraft:warped_roots":4,"minecraft:iron_chestplate":3,"minecraft:torch":20,"minecraft:dirt":60,"minecraft:crafting_table":1,"minecraft:carrot":94,"minecraft:tuff":3,"minecraft:birch_slab":1,"minecraft:iron_pickaxe":155,"minecraft:birch_sapling":1,"minecraft:iron_helmet":1,"minecraft:iron_boots":3,"minecraft:cobblestone":66,"minecraft:bow":7,"minecraft:oak_sapling":4,"minecraft:cooked_porkchop":10,"minecraft:egg":1,"minecraft:cobbled_deepslate":11,"minecraft:yellow_bed":1,"minecraft:iron_leggings":3},"minecraft:picked_up":{"minecraft:birch_log":19,"minecraft:iron_chestplate":3,"minecraft:wheat":6,"minecraft:azure_bluet":2,"minecraft:birch_slab":1,"minecraft:leather":1,"minecraft:yellow_dye":18,"minecraft:crimson_fungus":1,"minecraft:tuff":12,"minecraft:oak_log":9,"minecraft:gunpowder":6,"minecraft:cornflower":2,"minecraft:lapis_lazuli":112,"minecraft:string":6,"minecraft:dirt":152,"minecraft:wooden_sword":3,"minecraft:iron_leggings":4,"minecraft:glass":1,"minecraft:wheat_seeds":24,"minecraft:cobbled_deepslate":91,"minecraft:gold_nugget":37,"minecraft:raw_gold":4,"minecraft:iron_ingot":229,"minecraft:oak_boat":3,"minecraft:calcite":4,"minecraft:stripped_oak_wood":2,"minecraft:iron_pickaxe":5,"minecraft:iron_sword":5,"minecraft:chest":4,"minecraft:birch_sapling":1,"minecraft:oak_planks":5,"minecraft:iron_boots":2,"minecraft:egg":1,"minecraft:book":8,"minecraft:raw_iron":14,"minecraft:stick":16,"minecraft:smooth_basalt":1,"minecraft:cooked_porkchop":14,"minecraft:oak_fence":1,"minecraft:torch":5,"minecraft:warped_wart_block":2,"minecraft:dandelion":24,"minecraft:gravel":1,"minecraft:porkchop":17,"minecraft:carrot":79,"minecraft:spider_eye":1,"minecraft:iron_hoe":2,"minecraft:rotten_flesh":8,"minecraft:diamond":6,"minecraft:stone_axe":1,"minecraft:iron_helmet":1,"minecraft:warped_roots":6,"minecraft:netherrack":162,"minecraft:warped_nylium":2,"minecraft:mutton":8,"minecraft:coal":3,"minecraft:oxeye_daisy":3,"minecraft:white_wool":9,"minecraft:cobblestone":77,"minecraft:ender_pearl":1},"minecraft:broken":{"minecraft:iron_chestplate":1},"minecraft:mined":{"minecraft:nether_gold_ore":2,"minecraft:tuff":6,"minecraft:deepslate_diamond_ore":2,"minecraft:dandelion":26,"minecraft:cornflower":1,"minecraft:torch":1,"minecraft:short_grass":53,"minecraft:grass_block":118,"minecraft:poppy":2,"minecraft:warped_roots":2,"minecraft:chest":4,"minecraft:tall_grass":13,"minecraft:cobblestone":22,"minecraft:birch_slab":1,"minecraft:oak_planks":1,"minecraft:oxeye_daisy":1,"minecraft:wall_torch":2,"minecraft:warped_wart_block":1,"minecraft:carrots":20,"minecraft:nether_sprouts":1,"minecraft:birch_log":17,"minecraft:wheat":6,"minecraft:birch_leaves":2,"minecraft:azure_bluet":1,"minecraft:coal_ore":3,"minecraft:oak_log":9,"minecraft:deepslate_iron_ore":12,"minecraft:gravel":1,"minecraft:dirt":39,"minecraft:stone":46,"minecraft:netherrack":26,"minecraft:oak_leaves":2,"minecraft:deepslate":52},"minecraft:dropped":{"minecraft:iron_sword":3,"minecraft:birch_planks":1,"minecraft:wheat_seeds":4,"minecraft:rotten_flesh":2,"minecraft:cobblestone":1,"minecraft:yellow_stained_glass":32,"minecraft:azure_bluet":1,"minecraft:carrot":1,"minecraft:oxeye_daisy":1,"minecraft:dirt":2,"minecraft:cornflower":1,"minecraft:wooden_sword":1,"minecraft:spider_eye":1,"minecraft:iron_pickaxe":3,"minecraft:calcite":1,"minecraft:netherrack":6,"minecraft:dandelion":2},"minecraft:killed_by":{"minecraft:spider":1,"minecraft:zombie":1,"minecraft:enderman":1},"minecraft:custom":{"minecraft:interact_with_furnace":7,"minecraft:mob_kills":16,"minecraft:animals_bred":2,"minecraft:interact_with_crafting_table":8,"minecraft:time_since_death":74933,"minecraft:sleep_in_bed":5,"minecraft:time_since_rest":5783,"minecraft:sprint_one_cm":172573,"minecraft:damage_taken":4201,"minecraft:walk_one_cm":586702,"minecraft:drop":61,"minecraft:damage_dealt":2972,"minecraft:fly_one_cm":253069,"minecraft:open_chest":70,"minecraft:play_time":175604,"minecraft:crouch_one_cm":587,"minecraft:deaths":8,"minecraft:sneak_time":1200,"minecraft:walk_under_water_one_cm":2723,"minecraft:jump":2822,"minecraft:walk_on_water_one_cm":2961,"minecraft:total_world_time":175604,"minecraft:interact_with_smoker":1,"minecraft:fall_one_cm":77903},"minecraft:killed":{"minecraft:pig":6,"minecraft:horse":1,"minecraft:sheep":3,"minecraft:skeleton":1,"minecraft:zombie":3,"minecraft:villager":2},"minecraft:crafted":{"minecraft:wooden_sword":1,"minecraft:oak_planks":36,"minecraft:stone_shovel":1,"minecraft:cooked_porkchop":17,"minecraft:crafting_table":1,"minecraft:wooden_pickaxe":1,"minecraft:iron_sword":2,"minecraft:birch_planks":126,"minecraft:yellow_stained_glass":32,"minecraft:yellow_dye":22,"minecraft:stick":40,"minecraft:iron_pickaxe":3,"minecraft:stone_pickaxe":1,"minecraft:stone_sword":1,"minecraft:torch":12}},"DataVersion":3953}