{"stats":{"minecraft:broken":{"minecraft:iron_shovel":2,"minecraft:stone_pickaxe":6,"minecraft:iron_pickaxe":5,"minecraft:stone_shovel":2},"minecraft:mined":{"minecraft:nether_gold_ore":23,"minecraft:tuff":8,"minecraft:white_bed":2,"minecraft:farmland":2,"minecraft:deepslate_diamond_ore":5,"minecraft:cobblestone_stairs":31,"minecraft:granite":1,"minecraft:budding_amethyst":1,"minecraft:grass_block":560,"minecraft:birch_slab":3,"minecraft:composter":1,"minecraft:crimson_fungus":1,"minecraft:smooth_stone":4,"minecraft:redstone_ore":1,"minecraft:magma_block":11,"minecraft:glowstone":15,"minecraft:furnace":2,"minecraft:carrots":73,"minecraft:iron_ore":67,"minecraft:fire":7,"minecraft:pumpkin":17,"minecraft:potatoes":4,"minecraft:vine":1,"minecraft:pointed_dripstone":2,"minecraft:cobblestone_slab":10,"minecraft:shroomlight":1,"minecraft:deepslate_iron_ore":3,"minecraft:rail":65,"minecraft:stone":841,"minecraft:iron_block":2,"minecraft:tripwire":2,"minecraft:deepslate_redstone_ore":2,"minecraft:soul_fire":2,"minecraft:basalt":7,"minecraft:dandelion":1,"minecraft:crafting_table":6,"minecraft:torch":27,"minecraft:short_grass":228,"minecraft:emerald_ore":1,"minecraft:calcite":2,"minecraft:nether_quartz_ore":117,"minecraft:copper_ore":6,"minecraft:tall_grass":51,"minecraft:cobblestone":32,"minecraft:deepslate_gold_ore":2,"minecraft:oak_planks":25,"minecraft:wall_torch":5,"minecraft:diorite":2,"minecraft:amethyst_block":3,"minecraft:seagrass":1,"minecraft:chain":4,"minecraft:birch_planks":34,"minecraft:warped_nylium":4,"minecraft:birch_log":97,"minecraft:wheat":14,"minecraft:birch_leaves":20,"minecraft:birch_door":1,"minecraft:warped_fungus":1,"minecraft:coal_ore":130,"minecraft:gravel":58,"minecraft:dripstone_block":12,"minecraft:dirt":329,"minecraft:cobweb":21,"minecraft:smooth_basalt":1,"minecraft:netherrack":605,"minecraft:gold_ore":1,"minecraft:oak_leaves":2,"minecraft:deepslate":333},"minecraft:killed_by":{"minecraft:player":1,"minecraft:creeper":2,"minecraft:spider":1,"minecraft:enderman":1,"minecraft:cave_spider":1,"minecraft:skeleton":3,"minecraft:zombie":4},"minecraft:custom":{"minecraft:mob_kills":72,"minecraft:interact_with_crafting_table":40,"minecraft:bell_ring":2,"minecraft:leave_game":2,"minecraft:time_since_death":4987,"minecraft:climb_one_cm":9649,"minecraft:sprint_one_cm":986363,"minecraft:walk_one_cm":1691708,"minecraft:damage_blocked_by_shield":1535,"minecraft:drop":54,"minecraft:talked_to_villager":6,"minecraft:play_time":433967,"minecraft:sneak_time":6754,"minecraft:deaths":15,"minecraft:walk_under_water_one_cm":36688,"minecraft:boat_one_cm":31,"minecraft:jump":4295,"minecraft:interact_with_blast_furnace":4,"minecraft:walk_on_water_one_cm":102023,"minecraft:total_world_time":433967,"minecraft:interact_with_furnace":69,"minecraft:interact_with_stonecutter":6,"minecraft:sleep_in_bed":10,"minecraft:time_since_rest":5031,"minecraft:damage_taken":7731,"minecraft:damage_dealt":11292,"minecraft:swim_one_cm":12432,"minecraft:fly_one_cm":389792,"minecraft:open_chest":83,"minecraft:crouch_one_cm":14960,"minecraft:fall_one_cm":95823,"minecraft:interact_with_smoker":1},"minecraft:used":{"minecraft:iron_shovel":327,"minecraft:stone_sword":114,"minecraft:stone_shovel":232,"minecraft:chest":4,"minecraft:shield":62,"minecraft:iron_sword":148,"minecraft:stone":1,"minecraft:stone_hoe":4,"minecraft:netherrack":37,"minecraft:torch":173,"minecraft:dirt":281,"minecraft:carrot":141,"minecraft:granite":2,"minecraft:birch_door":4,"minecraft:iron_hoe":84,"minecraft:iron_block":2,"minecraft:iron_axe":52,"minecraft:birch_sapling":2,"minecraft:furnace":4,"minecraft:potato":1,"minecraft:cooked_beef":5,"minecraft:cobbled_deepslate":77,"minecraft:pumpkin":3,"minecraft:cooked_mutton":22,"minecraft:water_bucket":62,"minecraft:cobblestone_stairs":147,"minecraft:birch_planks":38,"minecraft:oak_planks":12,"minecraft:stone_pickaxe":800,"minecraft:wooden_pickaxe":28,"minecraft:composter":1,"minecraft:cobblestone_slab":111,"minecraft:mushroom_stew":2,"minecraft:crafting_table":7,"minecraft:white_bed":3,"minecraft:dripstone_block":6,"minecraft:diamond_pickaxe":264,"minecraft:birch_slab":95,"minecraft:string":5,"minecraft:bread":6,"minecraft:iron_pickaxe":1252,"minecraft:gravel":5,"minecraft:stone_axe":185,"minecraft:cobblestone":446,"minecraft:cooked_porkchop":13,"minecraft:bucket":64,"minecraft:chain":1,"minecraft:bone_meal":108,"minecraft:smooth_stone":140},"minecraft:crafted":{"minecraft:smooth_stone":21,"minecraft:cobblestone_slab":94,"minecraft:stone_shovel":1,"minecraft:birch_slab":90,"minecraft:furnace":2,"minecraft:cobblestone_stairs":9,"minecraft:stone":64,"minecraft:bone_meal":108,"minecraft:cooked_mutton":18,"minecraft:iron_boots":1,"minecraft:iron_axe":1,"minecraft:iron_hoe":1,"minecraft:stone_pickaxe":7,"minecraft:chest":4,"minecraft:birch_door":3,"minecraft:stone_hoe":1,"minecraft:golden_helmet":1,"minecraft:cooked_beef":4,"minecraft:cooked_porkchop":13,"minecraft:crafting_table":1,"minecraft:wooden_pickaxe":1,"minecraft:iron_helmet":1,"minecraft:iron_sword":3,"minecraft:birch_planks":258,"minecraft:stone_axe":1,"minecraft:bread":3,"minecraft:air":0,"minecraft:diamond_pickaxe":1,"minecraft:charcoal":14,"minecraft:stick":84,"minecraft:iron_ingot":287,"minecraft:iron_pickaxe":4,"minecraft:stone_sword":2,"minecraft:iron_leggings":2,"minecraft:iron_shovel":2,"minecraft:gold_ingot":4,"minecraft:white_bed":1,"minecraft:torch":164},"minecraft:dropped":{"minecraft:water_bucket":2,"minecraft:iron_ingot":34,"minecraft:iron_sword":1,"minecraft:brown_mushroom":1,"minecraft:wheat_seeds":2,"minecraft:diamond":12,"minecraft:dirt":343,"minecraft:torch":16,"minecraft:chain":1,"minecraft:iron_axe":1,"minecraft:iron_pickaxe":1,"minecraft:iron_shovel":1,"minecraft:stone_axe":1,"minecraft:tuff":5,"minecraft:birch_sapling":1,"minecraft:rotten_flesh":3,"minecraft:iron_boots":1,"minecraft:cooked_mutton":2,"minecraft:carrot":48,"minecraft:cobblestone_slab":2},"minecraft:picked_up":{"minecraft:iron_chestplate":2,"minecraft:birch_door":1,"minecraft:crafting_table":17,"minecraft:wheat":10,"minecraft:chicken":2,"minecraft:chest_minecart":4,"minecraft:brown_mushroom":1,"minecraft:wooden_pickaxe":4,"minecraft:chain":24,"minecraft:shield":7,"minecraft:amethyst_block":3,"minecraft:string":87,"minecraft:raw_copper":19,"minecraft:iron_axe":6,"minecraft:iron_leggings":7,"minecraft:iron_shovel":5,"minecraft:shroomlight":1,"minecraft:cobbled_deepslate":449,"minecraft:smooth_stone":4,"minecraft:gold_nugget":95,"minecraft:bucket":1,"minecraft:beef":8,"minecraft:calcite":2,"minecraft:cobblestone_slab":17,"minecraft:iron_pickaxe":13,"minecraft:birch_sapling":11,"minecraft:iron_boots":6,"minecraft:furnace":4,"minecraft:tipped_arrow":3,"minecraft:stick":20,"minecraft:raw_iron":123,"minecraft:composter":1,"minecraft:torch":218,"minecraft:bowl":4,"minecraft:porkchop":15,"minecraft:pointed_dripstone":106,"minecraft:diorite":4,"minecraft:carrot":292,"minecraft:redstone":36,"minecraft:stone_sword":4,"minecraft:arrow":35,"minecraft:stone_shovel":2,"minecraft:rotten_flesh":30,"minecraft:beetroot_seeds":4,"minecraft:iron_block":102,"minecraft:gold_ingot":1,"minecraft:glow_berries":4,"minecraft:mutton":54,"minecraft:rail":196,"minecraft:white_wool":12,"minecraft:cobblestone":1141,"minecraft:birch_log":221,"minecraft:magma_block":11,"minecraft:cooked_beef":1,"minecraft:feather":3,"minecraft:basalt":7,"minecraft:birch_slab":5,"minecraft:water_bucket":2,"minecraft:leather":6,"minecraft:potato":14,"minecraft:birch_planks":392,"minecraft:mushroom_stew":2,"minecraft:flint":19,"minecraft:crimson_fungus":1,"minecraft:tuff":8,"minecraft:oak_log":8,"minecraft:gunpowder":8,"minecraft:cobblestone_stairs":109,"minecraft:dirt":1000,"minecraft:name_tag":2,"minecraft:cooked_mutton":60,"minecraft:bone":72,"minecraft:bow":1,"minecraft:wheat_seeds":78,"minecraft:raw_gold":3,"minecraft:iron_ingot":84,"minecraft:stone_pickaxe":3,"minecraft:glass_bottle":2,"minecraft:glowstone_dust":28,"minecraft:iron_sword":6,"minecraft:stone_hoe":8,"minecraft:oak_planks":25,"minecraft:smooth_basalt":1,"minecraft:warped_fungus":1,"minecraft:cooked_porkchop":9,"minecraft:pumpkin":45,"minecraft:quartz":128,"minecraft:dripstone_block":36,"minecraft:gravel":71,"minecraft:amethyst_shard":2,"minecraft:white_bed":2,"minecraft:spider_eye":4,"minecraft:iron_hoe":5,"minecraft:sugar":2,"minecraft:slime_ball":7,"minecraft:diamond":157,"minecraft:stone_axe":22,"minecraft:iron_helmet":5,"minecraft:granite":7,"minecraft:golden_apple":2,"minecraft:warped_roots":4,"minecraft:emerald":3,"minecraft:bread":3,"minecraft:oak_sapling":4,"minecraft:netherrack":416,"minecraft:warped_nylium":6,"minecraft:coal":261,"minecraft:ender_pearl":2,"minecraft:diamond_pickaxe":1},"minecraft:killed":{"minecraft:cave_spider":3,"minecraft:bogged":1,"minecraft:spider":3,"minecraft:slime":4,"minecraft:skeleton":10,"minecraft:chicken":2,"minecraft:pig":7,"minecraft:frog":1,"minecraft:creeper":2,"minecraft:sheep":15,"minecraft:zombie":16,"minecraft:enderman":2,"minecraft:cow":5}},"DataVersion":3953}