{"stats":{"minecraft:picked_up":{"minecraft:birch_door":1,"minecraft:iron_chestplate":5,"minecraft:wheat":22,"minecraft:lead":1,"minecraft:oak_stairs":78,"minecraft:potion":1,"minecraft:enchanted_book":1,"minecraft:amethyst_block":3,"minecraft:string":99,"minecraft:raw_copper":19,"minecraft:iron_leggings":8,"minecraft:shroomlight":1,"minecraft:cobbled_deepslate":988,"minecraft:gold_nugget":95,"minecraft:smooth_stone":4,"minecraft:bucket":1,"minecraft:trial_key":11,"minecraft:redstone_torch":3,"minecraft:cobblestone_slab":18,"minecraft:calcite":2,"minecraft:iron_pickaxe":13,"minecraft:iron_boots":7,"minecraft:furnace":4,"minecraft:tipped_arrow":32,"minecraft:golden_helmet":1,"minecraft:stick":26,"minecraft:composter":1,"minecraft:oak_fence":6,"minecraft:torch":251,"minecraft:porkchop":15,"minecraft:waxed_copper_grate":8,"minecraft:pointed_dripstone":115,"minecraft:diorite":4,"minecraft:stone_sword":4,"minecraft:honey_bottle":5,"minecraft:rotten_flesh":81,"minecraft:iron_block":102,"minecraft:white_terracotta":1,"minecraft:music_disc_wait":1,"minecraft:cobblestone":1204,"minecraft:birch_log":227,"minecraft:magma_block":11,"minecraft:feather":3,"minecraft:cooked_beef":3,"minecraft:birch_slab":5,"minecraft:water_bucket":9,"minecraft:potato":14,"minecraft:flint":19,"minecraft:tuff":90,"minecraft:lapis_lazuli":32,"minecraft:dirt":1038,"minecraft:name_tag":4,"minecraft:bone":103,"minecraft:bow":3,"minecraft:wheat_seeds":118,"minecraft:raw_gold":3,"minecraft:bolt_armor_trim_smithing_template":1,"minecraft:guster_banner_pattern":1,"minecraft:glowstone_dust":28,"minecraft:powered_rail":2,"minecraft:scrape_pottery_sherd":1,"minecraft:stone_hoe":9,"minecraft:oak_planks":90,"minecraft:cooked_porkchop":9,"minecraft:waxed_chiseled_copper":1,"minecraft:sand":12,"minecraft:diamond_block":2,"minecraft:mossy_cobblestone":5,"minecraft:iron_hoe":5,"minecraft:sugar":2,"minecraft:diamond":290,"minecraft:waxed_oxidized_copper_grate":1,"minecraft:cracked_polished_blackstone_bricks":2,"minecraft:crossbow":1,"minecraft:breeze_rod":5,"minecraft:granite":7,"minecraft:bone_meal":3,"minecraft:golden_apple":4,"minecraft:bread":7,"minecraft:emerald":24,"minecraft:ominous_trial_key":1,"minecraft:oak_sapling":6,"minecraft:netherrack":861,"minecraft:diamond_pickaxe":2,"minecraft:waxed_oxidized_cut_copper":1,"minecraft:crafting_table":17,"minecraft:ominous_bottle":1,"minecraft:chicken":2,"minecraft:chest_minecart":4,"minecraft:brown_mushroom":1,"minecraft:wooden_pickaxe":4,"minecraft:chain":24,"minecraft:brick":16,"minecraft:shield":9,"minecraft:wind_charge":34,"minecraft:flow_banner_pattern":1,"minecraft:iron_axe":7,"minecraft:iron_shovel":5,"minecraft:beef":8,"minecraft:chiseled_tuff":1,"minecraft:minecart":1,"minecraft:guster_pottery_sherd":3,"minecraft:birch_sapling":11,"minecraft:egg":3,"minecraft:raw_iron":123,"minecraft:bowl":4,"minecraft:polished_blackstone_bricks":2,"minecraft:carrot":403,"minecraft:redstone":36,"minecraft:waxed_oxidized_chiseled_copper":1,"minecraft:diamond_chestplate":3,"minecraft:stone_shovel":3,"minecraft:arrow":80,"minecraft:beetroot_seeds":32,"minecraft:nether_bricks":5,"minecraft:gold_ingot":1,"minecraft:tuff_bricks":10,"minecraft:mutton":56,"minecraft:glow_berries":8,"minecraft:white_wool":17,"minecraft:rail":204,"minecraft:basalt":10,"minecraft:leather":14,"minecraft:birch_planks":393,"minecraft:mushroom_stew":2,"minecraft:waxed_copper_bulb":2,"minecraft:crimson_fungus":1,"minecraft:oak_log":32,"minecraft:ancient_debris":4,"minecraft:gunpowder":11,"minecraft:cobblestone_stairs":109,"minecraft:cooked_mutton":60,"minecraft:stone_pickaxe":3,"minecraft:iron_ingot":159,"minecraft:cooked_chicken":2,"minecraft:glass_bottle":2,"minecraft:iron_sword":11,"minecraft:scaffolding":4,"minecraft:warped_fungus":1,"minecraft:smooth_basalt":1,"minecraft:pumpkin":45,"minecraft:heavy_core":1,"minecraft:waxed_exposed_copper_bulb":3,"minecraft:quartz":140,"minecraft:dripstone_block":36,"minecraft:gravel":71,"minecraft:amethyst_shard":2,"minecraft:white_bed":4,"minecraft:polished_tuff":1,"minecraft:spider_eye":6,"minecraft:slime_ball":7,"minecraft:stone_axe":22,"minecraft:iron_helmet":5,"minecraft:diamond_axe":1,"minecraft:warped_roots":9,"minecraft:baked_potato":3,"minecraft:chiseled_tuff_bricks":2,"minecraft:warped_nylium":6,"minecraft:coal":272,"minecraft:ender_pearl":6},"minecraft:used":{"minecraft:tuff_bricks":1,"minecraft:iron_shovel":327,"minecraft:chest":4,"minecraft:shield":121,"minecraft:white_terracotta":1,"minecraft:stone":1,"minecraft:iron_sword":210,"minecraft:nether_bricks":3,"minecraft:carrot":248,"minecraft:waxed_copper_grate":2,"minecraft:birch_sapling":2,"minecraft:warped_nylium":5,"minecraft:bow":27,"minecraft:ominous_bottle":1,"minecraft:furnace":4,"minecraft:cooked_cod":5,"minecraft:potato":1,"minecraft:stone_pickaxe":800,"minecraft:powered_rail":7,"minecraft:oak_planks":12,"minecraft:wooden_pickaxe":28,"minecraft:composter":1,"minecraft:diamond_axe":151,"minecraft:golden_apple":1,"minecraft:mushroom_stew":2,"minecraft:dripstone_block":6,"minecraft:birch_fence":6,"minecraft:redstone_torch":5,"minecraft:birch_slab":95,"minecraft:string":5,"minecraft:bread":6,"minecraft:gravel":5,"minecraft:chiseled_tuff_bricks":2,"minecraft:golden_helmet":1,"minecraft:diamond_sword":235,"minecraft:chain":1,"minecraft:waxed_copper_bulb":2,"minecraft:bone_meal":123,"minecraft:oak_fence":3,"minecraft:stone_sword":114,"minecraft:stone_shovel":232,"minecraft:cooked_salmon":6,"minecraft:stone_hoe":4,"minecraft:cooked_chicken":1,"minecraft:trial_key":10,"minecraft:netherrack":69,"minecraft:torch":188,"minecraft:dirt":319,"minecraft:diamond_helmet":1,"minecraft:granite":2,"minecraft:birch_door":4,"minecraft:iron_hoe":84,"minecraft:iron_block":2,"minecraft:iron_axe":52,"minecraft:basalt":3,"minecraft:minecart":2,"minecraft:cooked_beef":7,"minecraft:cobbled_deepslate":220,"minecraft:pumpkin":3,"minecraft:wheat_seeds":23,"minecraft:cooked_mutton":24,"minecraft:water_bucket":84,"minecraft:cobblestone_stairs":147,"minecraft:birch_planks":41,"minecraft:baked_potato":3,"minecraft:cobblestone_slab":111,"minecraft:polished_blackstone_bricks":2,"minecraft:rail":7,"minecraft:oak_slab":2,"minecraft:crafting_table":7,"minecraft:white_bed":5,"minecraft:diamond_pickaxe":806,"minecraft:ominous_trial_key":1,"minecraft:wind_charge":12,"minecraft:cracked_polished_blackstone_bricks":2,"minecraft:iron_pickaxe":1252,"minecraft:stone_axe":185,"minecraft:cobblestone":509,"minecraft:cooked_porkchop":13,"minecraft:bucket":86,"minecraft:smooth_stone":140},"minecraft:broken":{"minecraft:iron_shovel":2,"minecraft:stone_pickaxe":6,"minecraft:stone_shovel":2,"minecraft:iron_pickaxe":5},"minecraft:mined":{"minecraft:waxed_cut_copper_slab":1,"minecraft:white_bed":4,"minecraft:farmland":2,"minecraft:cobblestone_stairs":31,"minecraft:granite":1,"minecraft:budding_amethyst":1,"minecraft:grass_block":566,"minecraft:cracked_polished_blackstone_bricks":2,"minecraft:chiseled_tuff_bricks":1,"minecraft:composter":1,"minecraft:crimson_fungus":1,"minecraft:tuff_bricks":11,"minecraft:smooth_stone":4,"minecraft:polished_blackstone_bricks":2,"minecraft:magma_block":11,"minecraft:glowstone":15,"minecraft:iron_ore":67,"minecraft:cobbled_deepslate":8,"minecraft:fire":7,"minecraft:pumpkin":17,"minecraft:potted_dandelion":1,"minecraft:pointed_dripstone":2,"minecraft:oak_stairs":80,"minecraft:iron_block":2,"minecraft:tripwire":2,"minecraft:deepslate_redstone_ore":2,"minecraft:soul_fire":2,"minecraft:torch":31,"minecraft:calcite":2,"minecraft:nether_quartz_ore":129,"minecraft:cobblestone":74,"minecraft:oak_planks":54,"minecraft:wall_torch":9,"minecraft:amethyst_block":3,"minecraft:seagrass":1,"minecraft:chain":4,"minecraft:waxed_copper_bulb":4,"minecraft:warped_nylium":7,"minecraft:powered_rail":1,"minecraft:birch_log":103,"minecraft:wheat":22,"minecraft:waxed_copper_block":1,"minecraft:birch_door":1,"minecraft:warped_fungus":1,"minecraft:oak_log":24,"minecraft:sand":9,"minecraft:dirt":350,"minecraft:smooth_basalt":1,"minecraft:netherrack":738,"minecraft:ancient_debris":1,"minecraft:oak_leaves":3,"minecraft:deepslate":501,"minecraft:nether_gold_ore":23,"minecraft:tuff":49,"minecraft:mossy_cobblestone":5,"minecraft:deepslate_diamond_ore":61,"minecraft:oak_door":1,"minecraft:nether_bricks":2,"minecraft:decorated_pot":5,"minecraft:birch_slab":3,"minecraft:redstone_ore":1,"minecraft:furnace":2,"minecraft:carrots":83,"minecraft:waxed_copper_grate":7,"minecraft:chiseled_tuff":1,"minecraft:potatoes":4,"minecraft:deepslate_iron_ore":3,"minecraft:shroomlight":1,"minecraft:cobblestone_slab":11,"minecraft:vine":1,"minecraft:rail":69,"minecraft:trial_spawner":1,"minecraft:stone":858,"minecraft:waxed_exposed_copper_bulb":3,"minecraft:oak_slab":4,"minecraft:glass_pane":5,"minecraft:basalt":10,"minecraft:dandelion":1,"minecraft:oak_fence":5,"minecraft:crafting_table":6,"minecraft:short_grass":308,"minecraft:emerald_ore":1,"minecraft:warped_roots":1,"minecraft:tall_grass":62,"minecraft:copper_ore":6,"minecraft:deepslate_gold_ore":2,"minecraft:diorite":2,"minecraft:birch_planks":36,"minecraft:waxed_oxidized_copper_grate":2,"minecraft:redstone_torch":3,"minecraft:birch_leaves":24,"minecraft:coal_ore":130,"minecraft:gravel":58,"minecraft:dripstone_block":12,"minecraft:cobweb":21,"minecraft:gold_ore":1},"minecraft:dropped":{"minecraft:iron_sword":4,"minecraft:brown_mushroom":1,"minecraft:diamond_axe":1,"minecraft:diamond":16,"minecraft:dirt":343,"minecraft:waxed_oxidized_chiseled_copper":1,"minecraft:chain":1,"minecraft:iron_pickaxe":1,"minecraft:stone_axe":1,"minecraft:diamond_block":1,"minecraft:chiseled_tuff_bricks":2,"minecraft:cobbled_deepslate":64,"minecraft:birch_sapling":1,"minecraft:pointed_dripstone":9,"minecraft:rotten_flesh":20,"minecraft:oak_planks":40,"minecraft:cooked_mutton":2,"minecraft:carrot":48,"minecraft:breeze_rod":1,"minecraft:arrow":16,"minecraft:chiseled_tuff":1,"minecraft:water_bucket":7,"minecraft:iron_ingot":41,"minecraft:wheat_seeds":4,"minecraft:polished_tuff":1,"minecraft:stick":2,"minecraft:torch":87,"minecraft:diamond_helmet":1,"minecraft:iron_axe":1,"minecraft:iron_shovel":1,"minecraft:tuff_bricks":7,"minecraft:tuff":5,"minecraft:iron_boots":1,"minecraft:diamond_sword":1,"minecraft:cobblestone_slab":2,"minecraft:trial_key":1,"minecraft:oak_sapling":2,"minecraft:waxed_oxidized_cut_copper":1,"minecraft:diamond_boots":2,"minecraft:bow":1,"minecraft:waxed_exposed_copper_bulb":3},"minecraft:killed_by":{"minecraft:creeper":2,"minecraft:cave_spider":2,"minecraft:zombie":4,"minecraft:husk":2,"minecraft:player":2,"minecraft:spider":1,"minecraft:enderman":1,"minecraft:skeleton":3},"minecraft:custom":{"minecraft:animals_bred":3,"minecraft:interact_with_crafting_table":62,"minecraft:open_barrel":9,"minecraft:bell_ring":2,"minecraft:eat_cake_slice":2,"minecraft:leave_game":3,"minecraft:time_since_death":2898,"minecraft:sprint_one_cm":1526830,"minecraft:damage_blocked_by_shield":2815,"minecraft:drop":124,"minecraft:talked_to_villager":8,"minecraft:play_time":655691,"minecraft:deaths":21,"minecraft:jump":7112,"minecraft:interact_with_brewingstand":1,"minecraft:walk_on_water_one_cm":125638,"minecraft:enchant_item":1,"minecraft:interact_with_furnace":80,"minecraft:sleep_in_bed":14,"minecraft:damage_dealt":25071,"minecraft:player_kills":2,"minecraft:crouch_one_cm":15521,"minecraft:interact_with_smoker":2,"minecraft:inspect_dispenser":8,"minecraft:mob_kills":157,"minecraft:climb_one_cm":16246,"minecraft:walk_one_cm":2607693,"minecraft:sneak_time":7387,"minecraft:walk_under_water_one_cm":52799,"minecraft:boat_one_cm":31,"minecraft:interact_with_blast_furnace":6,"minecraft:total_world_time":655691,"minecraft:interact_with_stonecutter":6,"minecraft:time_since_rest":2933,"minecraft:damage_taken":12497,"minecraft:damage_absorbed":40,"minecraft:minecart_one_cm":52808,"minecraft:swim_one_cm":25392,"minecraft:fly_one_cm":805396,"minecraft:open_chest":180,"minecraft:fall_one_cm":170089},"minecraft:killed":{"minecraft:cave_spider":6,"minecraft:spider":5,"minecraft:skeleton":16,"minecraft:chicken":2,"minecraft:silverfish":19,"minecraft:pig":7,"minecraft:zombie_villager":1,"minecraft:iron_golem":1,"minecraft:creeper":3,"minecraft:sheep":16,"minecraft:trader_llama":2,"minecraft:pillager":1,"minecraft:zombie":34,"minecraft:stray":9,"minecraft:cow":5,"minecraft:bogged":1,"minecraft:slime":4,"minecraft:horse":6,"minecraft:husk":8,"minecraft:wandering_trader":1,"minecraft:frog":1,"minecraft:breeze":1,"minecraft:enderman":3},"minecraft:crafted":{"minecraft:oak_planks":8,"minecraft:smooth_stone":21,"minecraft:cobblestone_slab":94,"minecraft:birch_slab":90,"minecraft:stone":64,"minecraft:cobblestone_stairs":9,"minecraft:cooked_mutton":20,"minecraft:mace":1,"minecraft:diamond_helmet":2,"minecraft:bow":3,"minecraft:diamond_leggings":1,"minecraft:iron_boots":1,"minecraft:chest":4,"minecraft:birch_door":3,"minecraft:stone_hoe":1,"minecraft:cooked_porkchop":13,"minecraft:diamond_axe":1,"minecraft:crafting_table":1,"minecraft:wooden_pickaxe":1,"minecraft:iron_helmet":1,"minecraft:birch_planks":280,"minecraft:charcoal":14,"minecraft:diamond_pickaxe":2,"minecraft:shield":2,"minecraft:birch_fence":6,"minecraft:stick":116,"minecraft:iron_ingot":287,"minecraft:iron_pickaxe":4,"minecraft:stone_sword":2,"minecraft:gold_ingot":4,"minecraft:redstone_torch":2,"minecraft:shears":1,"minecraft:stone_shovel":1,"minecraft:furnace":2,"minecraft:bone_meal":120,"minecraft:iron_axe":1,"minecraft:iron_hoe":1,"minecraft:stone_pickaxe":7,"minecraft:diamond_boots":3,"minecraft:golden_helmet":1,"minecraft:cooked_beef":4,"minecraft:diamond_sword":2,"minecraft:powered_rail":6,"minecraft:iron_sword":3,"minecraft:bucket":1,"minecraft:stone_axe":1,"minecraft:bread":3,"minecraft:air":0,"minecraft:iron_shovel":2,"minecraft:iron_leggings":2,"minecraft:white_bed":1,"minecraft:torch":204,"minecraft:diamond_chestplate":1}},"DataVersion":3953}