{"stats":{"minecraft:broken":{"minecraft:iron_shovel":2,"minecraft:stone_pickaxe":6,"minecraft:iron_pickaxe":5,"minecraft:stone_shovel":2},"minecraft:mined":{"minecraft:nether_gold_ore":23,"minecraft:tuff":49,"minecraft:white_bed":2,"minecraft:farmland":2,"minecraft:deepslate_diamond_ore":61,"minecraft:cobblestone_stairs":31,"minecraft:nether_bricks":2,"minecraft:granite":1,"minecraft:budding_amethyst":1,"minecraft:grass_block":563,"minecraft:cracked_polished_blackstone_bricks":2,"minecraft:birch_slab":3,"minecraft:composter":1,"minecraft:crimson_fungus":1,"minecraft:smooth_stone":4,"minecraft:polished_blackstone_bricks":2,"minecraft:redstone_ore":1,"minecraft:magma_block":11,"minecraft:glowstone":15,"minecraft:furnace":2,"minecraft:carrots":83,"minecraft:iron_ore":67,"minecraft:fire":7,"minecraft:cobbled_deepslate":3,"minecraft:pumpkin":17,"minecraft:potatoes":4,"minecraft:vine":1,"minecraft:pointed_dripstone":2,"minecraft:cobblestone_slab":10,"minecraft:shroomlight":1,"minecraft:deepslate_iron_ore":3,"minecraft:rail":65,"minecraft:stone":841,"minecraft:iron_block":2,"minecraft:tripwire":2,"minecraft:deepslate_redstone_ore":2,"minecraft:soul_fire":2,"minecraft:basalt":10,"minecraft:dandelion":1,"minecraft:crafting_table":6,"minecraft:torch":27,"minecraft:short_grass":231,"minecraft:emerald_ore":1,"minecraft:calcite":2,"minecraft:warped_roots":1,"minecraft:nether_quartz_ore":129,"minecraft:copper_ore":6,"minecraft:tall_grass":58,"minecraft:cobblestone":32,"minecraft:deepslate_gold_ore":2,"minecraft:oak_planks":25,"minecraft:wall_torch":5,"minecraft:diorite":2,"minecraft:amethyst_block":3,"minecraft:seagrass":1,"minecraft:chain":4,"minecraft:birch_planks":34,"minecraft:warped_nylium":7,"minecraft:birch_log":103,"minecraft:wheat":14,"minecraft:birch_leaves":20,"minecraft:birch_door":1,"minecraft:warped_fungus":1,"minecraft:coal_ore":130,"minecraft:gravel":58,"minecraft:dripstone_block":12,"minecraft:dirt":332,"minecraft:cobweb":21,"minecraft:smooth_basalt":1,"minecraft:ancient_debris":1,"minecraft:netherrack":738,"minecraft:gold_ore":1,"minecraft:oak_leaves":2,"minecraft:deepslate":488},"minecraft:killed_by":{"minecraft:player":2,"minecraft:creeper":2,"minecraft:spider":1,"minecraft:enderman":1,"minecraft:cave_spider":1,"minecraft:skeleton":3,"minecraft:zombie":4},"minecraft:custom":{"minecraft:mob_kills":81,"minecraft:interact_with_crafting_table":48,"minecraft:bell_ring":2,"minecraft:leave_game":2,"minecraft:time_since_death":31616,"minecraft:climb_one_cm":9649,"minecraft:sprint_one_cm":1105320,"minecraft:walk_one_cm":1912897,"minecraft:damage_blocked_by_shield":1535,"minecraft:drop":77,"minecraft:talked_to_villager":6,"minecraft:play_time":487846,"minecraft:sneak_time":6864,"minecraft:deaths":18,"minecraft:walk_under_water_one_cm":38339,"minecraft:boat_one_cm":31,"minecraft:jump":5130,"minecraft:interact_with_blast_furnace":6,"minecraft:enchant_item":1,"minecraft:walk_on_water_one_cm":105332,"minecraft:total_world_time":487846,"minecraft:interact_with_furnace":71,"minecraft:interact_with_stonecutter":6,"minecraft:sleep_in_bed":10,"minecraft:time_since_rest":31752,"minecraft:damage_absorbed":40,"minecraft:damage_taken":9309,"minecraft:damage_dealt":13501,"minecraft:player_kills":1,"minecraft:swim_one_cm":12432,"minecraft:fly_one_cm":479259,"minecraft:open_chest":104,"minecraft:crouch_one_cm":15292,"minecraft:fall_one_cm":122077,"minecraft:interact_with_smoker":2},"minecraft:used":{"minecraft:iron_shovel":327,"minecraft:stone_sword":114,"minecraft:stone_shovel":232,"minecraft:chest":4,"minecraft:shield":62,"minecraft:iron_sword":176,"minecraft:stone":1,"minecraft:stone_hoe":4,"minecraft:netherrack":69,"minecraft:torch":175,"minecraft:dirt":284,"minecraft:nether_bricks":3,"minecraft:carrot":173,"minecraft:diamond_helmet":1,"minecraft:granite":2,"minecraft:birch_door":4,"minecraft:iron_hoe":84,"minecraft:iron_block":2,"minecraft:birch_sapling":2,"minecraft:iron_axe":52,"minecraft:warped_nylium":5,"minecraft:basalt":3,"minecraft:furnace":4,"minecraft:potato":1,"minecraft:cooked_beef":5,"minecraft:cobbled_deepslate":208,"minecraft:pumpkin":3,"minecraft:cooked_mutton":22,"minecraft:water_bucket":62,"minecraft:cobblestone_stairs":147,"minecraft:birch_planks":38,"minecraft:oak_planks":12,"minecraft:stone_pickaxe":800,"minecraft:wooden_pickaxe":28,"minecraft:composter":1,"minecraft:cobblestone_slab":111,"minecraft:polished_blackstone_bricks":2,"minecraft:golden_apple":1,"minecraft:oak_slab":2,"minecraft:mushroom_stew":2,"minecraft:crafting_table":7,"minecraft:white_bed":3,"minecraft:dripstone_block":6,"minecraft:diamond_pickaxe":677,"minecraft:cracked_polished_blackstone_bricks":2,"minecraft:birch_slab":95,"minecraft:string":5,"minecraft:bread":6,"minecraft:iron_pickaxe":1252,"minecraft:gravel":5,"minecraft:golden_helmet":1,"minecraft:stone_axe":185,"minecraft:diamond_sword":23,"minecraft:cobblestone":447,"minecraft:cooked_porkchop":13,"minecraft:bucket":64,"minecraft:chain":1,"minecraft:bone_meal":108,"minecraft:smooth_stone":140},"minecraft:crafted":{"minecraft:smooth_stone":21,"minecraft:cobblestone_slab":94,"minecraft:stone_shovel":1,"minecraft:birch_slab":90,"minecraft:furnace":2,"minecraft:cobblestone_stairs":9,"minecraft:stone":64,"minecraft:bone_meal":108,"minecraft:cooked_mutton":18,"minecraft:diamond_helmet":1,"minecraft:diamond_leggings":1,"minecraft:iron_boots":1,"minecraft:iron_axe":1,"minecraft:iron_hoe":1,"minecraft:stone_pickaxe":7,"minecraft:diamond_boots":1,"minecraft:chest":4,"minecraft:birch_door":3,"minecraft:stone_hoe":1,"minecraft:golden_helmet":1,"minecraft:cooked_beef":4,"minecraft:diamond_sword":2,"minecraft:cooked_porkchop":13,"minecraft:diamond_axe":1,"minecraft:crafting_table":1,"minecraft:wooden_pickaxe":1,"minecraft:iron_helmet":1,"minecraft:iron_sword":3,"minecraft:birch_planks":280,"minecraft:stone_axe":1,"minecraft:bread":3,"minecraft:air":0,"minecraft:diamond_pickaxe":2,"minecraft:charcoal":14,"minecraft:stick":96,"minecraft:iron_ingot":287,"minecraft:iron_pickaxe":4,"minecraft:stone_sword":2,"minecraft:iron_leggings":2,"minecraft:iron_shovel":2,"minecraft:gold_ingot":4,"minecraft:white_bed":1,"minecraft:torch":204,"minecraft:diamond_chestplate":1},"minecraft:dropped":{"minecraft:water_bucket":7,"minecraft:iron_ingot":34,"minecraft:iron_sword":2,"minecraft:brown_mushroom":1,"minecraft:wheat_seeds":2,"minecraft:diamond":16,"minecraft:stick":2,"minecraft:dirt":343,"minecraft:torch":87,"minecraft:chain":1,"minecraft:iron_axe":1,"minecraft:iron_pickaxe":1,"minecraft:iron_shovel":1,"minecraft:stone_axe":1,"minecraft:cobbled_deepslate":64,"minecraft:tuff":5,"minecraft:birch_sapling":1,"minecraft:rotten_flesh":3,"minecraft:oak_planks":40,"minecraft:iron_boots":1,"minecraft:cooked_mutton":2,"minecraft:carrot":48,"minecraft:diamond_sword":1,"minecraft:cobblestone_slab":2},"minecraft:picked_up":{"minecraft:iron_chestplate":3,"minecraft:birch_door":1,"minecraft:crafting_table":17,"minecraft:wheat":10,"minecraft:chicken":2,"minecraft:chest_minecart":4,"minecraft:brown_mushroom":1,"minecraft:wooden_pickaxe":4,"minecraft:chain":24,"minecraft:shield":8,"minecraft:amethyst_block":3,"minecraft:string":89,"minecraft:raw_copper":19,"minecraft:iron_axe":6,"minecraft:iron_leggings":8,"minecraft:iron_shovel":5,"minecraft:shroomlight":1,"minecraft:cobbled_deepslate":975,"minecraft:smooth_stone":4,"minecraft:gold_nugget":95,"minecraft:bucket":1,"minecraft:beef":8,"minecraft:cobblestone_slab":17,"minecraft:calcite":2,"minecraft:iron_pickaxe":13,"minecraft:birch_sapling":11,"minecraft:iron_boots":7,"minecraft:furnace":4,"minecraft:golden_helmet":1,"minecraft:tipped_arrow":3,"minecraft:stick":26,"minecraft:raw_iron":123,"minecraft:composter":1,"minecraft:torch":236,"minecraft:bowl":4,"minecraft:porkchop":15,"minecraft:polished_blackstone_bricks":2,"minecraft:pointed_dripstone":106,"minecraft:diorite":4,"minecraft:carrot":373,"minecraft:redstone":36,"minecraft:stone_sword":4,"minecraft:arrow":37,"minecraft:stone_shovel":3,"minecraft:rotten_flesh":37,"minecraft:beetroot_seeds":4,"minecraft:nether_bricks":5,"minecraft:iron_block":102,"minecraft:gold_ingot":1,"minecraft:glow_berries":4,"minecraft:mutton":54,"minecraft:rail":196,"minecraft:white_wool":12,"minecraft:cobblestone":1145,"minecraft:birch_log":227,"minecraft:magma_block":11,"minecraft:cooked_beef":1,"minecraft:feather":3,"minecraft:basalt":10,"minecraft:birch_slab":5,"minecraft:water_bucket":9,"minecraft:leather":8,"minecraft:potato":14,"minecraft:birch_planks":393,"minecraft:mushroom_stew":2,"minecraft:flint":19,"minecraft:crimson_fungus":1,"minecraft:tuff":90,"minecraft:oak_log":8,"minecraft:ancient_debris":4,"minecraft:gunpowder":8,"minecraft:cobblestone_stairs":109,"minecraft:lapis_lazuli":32,"minecraft:dirt":1003,"minecraft:name_tag":4,"minecraft:cooked_mutton":60,"minecraft:bone":76,"minecraft:bow":1,"minecraft:wheat_seeds":78,"minecraft:raw_gold":3,"minecraft:iron_ingot":148,"minecraft:stone_pickaxe":3,"minecraft:glass_bottle":2,"minecraft:glowstone_dust":28,"minecraft:iron_sword":9,"minecraft:stone_hoe":9,"minecraft:oak_planks":61,"minecraft:smooth_basalt":1,"minecraft:warped_fungus":1,"minecraft:cooked_porkchop":9,"minecraft:pumpkin":45,"minecraft:quartz":140,"minecraft:dripstone_block":36,"minecraft:gravel":71,"minecraft:amethyst_shard":2,"minecraft:white_bed":2,"minecraft:spider_eye":4,"minecraft:iron_hoe":5,"minecraft:sugar":2,"minecraft:slime_ball":7,"minecraft:diamond":286,"minecraft:stone_axe":22,"minecraft:cracked_polished_blackstone_bricks":2,"minecraft:iron_helmet":5,"minecraft:granite":7,"minecraft:golden_apple":3,"minecraft:emerald":3,"minecraft:bread":3,"minecraft:warped_roots":9,"minecraft:oak_sapling":4,"minecraft:netherrack":861,"minecraft:warped_nylium":6,"minecraft:coal":272,"minecraft:diamond_pickaxe":2,"minecraft:ender_pearl":6},"minecraft:killed":{"minecraft:cave_spider":3,"minecraft:bogged":1,"minecraft:spider":3,"minecraft:slime":4,"minecraft:skeleton":12,"minecraft:chicken":2,"minecraft:pig":7,"minecraft:zombie_villager":1,"minecraft:frog":1,"minecraft:creeper":2,"minecraft:sheep":15,"minecraft:zombie":21,"minecraft:enderman":3,"minecraft:cow":5}},"DataVersion":3953}