{"stats":{"minecraft:picked_up":{"minecraft:birch_door":1,"minecraft:iron_chestplate":5,"minecraft:wheat":102,"minecraft:lead":1,"minecraft:diamond_sword":1,"minecraft:oak_stairs":78,"minecraft:potion":2,"minecraft:enchanted_book":1,"minecraft:amethyst_block":3,"minecraft:string":107,"minecraft:raw_copper":45,"minecraft:waxed_cut_copper_slab":1,"minecraft:iron_leggings":8,"minecraft:shroomlight":1,"minecraft:smooth_stone":4,"minecraft:gold_nugget":95,"minecraft:cobbled_deepslate":999,"minecraft:bucket":2,"minecraft:trial_key":11,"minecraft:redstone_torch":3,"minecraft:cobblestone_slab":19,"minecraft:calcite":2,"minecraft:iron_pickaxe":13,"minecraft:iron_boots":7,"minecraft:furnace":7,"minecraft:tipped_arrow":48,"minecraft:golden_helmet":1,"minecraft:stick":58,"minecraft:composter":1,"minecraft:oak_fence":10,"minecraft:torch":256,"minecraft:porkchop":45,"minecraft:pointed_dripstone":115,"minecraft:waxed_copper_grate":8,"minecraft:diorite":29,"minecraft:stone_sword":4,"minecraft:honey_bottle":5,"minecraft:rotten_flesh":97,"minecraft:iron_block":102,"minecraft:white_terracotta":1,"minecraft:music_disc_wait":1,"minecraft:cobblestone":1939,"minecraft:birch_log":239,"minecraft:magma_block":11,"minecraft:feather":3,"minecraft:cooked_beef":3,"minecraft:magma_cream":1,"minecraft:water_bucket":9,"minecraft:birch_slab":5,"minecraft:potato":15,"minecraft:flint":19,"minecraft:tuff":90,"minecraft:lapis_lazuli":32,"minecraft:dirt":2633,"minecraft:name_tag":5,"minecraft:bone":107,"minecraft:stonecutter":1,"minecraft:bow":4,"minecraft:wheat_seeds":384,"minecraft:raw_gold":3,"minecraft:bolt_armor_trim_smithing_template":1,"minecraft:guster_banner_pattern":1,"minecraft:glowstone_dust":28,"minecraft:powered_rail":2,"minecraft:scrape_pottery_sherd":1,"minecraft:stone_hoe":9,"minecraft:oak_planks":106,"minecraft:cooked_porkchop":9,"minecraft:warped_wart_block":3,"minecraft:waxed_chiseled_copper":1,"minecraft:sand":46,"minecraft:ink_sac":14,"minecraft:diamond_block":2,"minecraft:mossy_cobblestone":5,"minecraft:iron_hoe":5,"minecraft:sugar":2,"minecraft:diamond":297,"minecraft:waxed_oxidized_copper_grate":1,"minecraft:cracked_polished_blackstone_bricks":2,"minecraft:breeze_rod":5,"minecraft:crossbow":2,"minecraft:granite":10,"minecraft:bone_meal":3,"minecraft:golden_apple":5,"minecraft:emerald":41,"minecraft:bread":7,"minecraft:oak_sapling":34,"minecraft:netherrack":963,"minecraft:ominous_trial_key":6,"minecraft:diamond_pickaxe":2,"minecraft:waxed_oxidized_cut_copper":1,"minecraft:crafting_table":18,"minecraft:ominous_bottle":1,"minecraft:chicken":2,"minecraft:chest_minecart":4,"minecraft:brown_mushroom":1,"minecraft:wooden_pickaxe":4,"minecraft:gold_block":21,"minecraft:music_disc_creator":1,"minecraft:chain":24,"minecraft:brick":57,"minecraft:shield":9,"minecraft:wind_charge":34,"minecraft:flow_banner_pattern":1,"minecraft:iron_axe":7,"minecraft:flint_and_steel":1,"minecraft:birch_fence":2,"minecraft:iron_shovel":5,"minecraft:glass_pane":4,"minecraft:beef":32,"minecraft:oak_boat":5,"minecraft:chiseled_tuff":1,"minecraft:minecart":1,"minecraft:guster_pottery_sherd":4,"minecraft:sugar_cane":34,"minecraft:chest":5,"minecraft:birch_sapling":11,"minecraft:phantom_membrane":4,"minecraft:egg":62,"minecraft:raw_iron":123,"minecraft:bowl":4,"minecraft:polished_blackstone_bricks":3,"minecraft:carrot":1018,"minecraft:redstone":46,"minecraft:music_disc_creator_music_box":1,"minecraft:waxed_oxidized_chiseled_copper":1,"minecraft:stone_shovel":3,"minecraft:arrow":163,"minecraft:diamond_chestplate":4,"minecraft:beetroot_seeds":32,"minecraft:nether_bricks":5,"minecraft:hay_block":28,"minecraft:gold_ingot":13,"minecraft:tuff_bricks":28,"minecraft:glow_berries":8,"minecraft:mutton":74,"minecraft:rail":204,"minecraft:white_wool":34,"minecraft:basalt":10,"minecraft:golden_carrot":1,"minecraft:leather":36,"minecraft:red_mushroom":1,"minecraft:birch_planks":393,"minecraft:mushroom_stew":2,"minecraft:waxed_copper_bulb":2,"minecraft:crimson_fungus":2,"minecraft:lily_pad":25,"minecraft:oak_log":185,"minecraft:waxed_copper_block":1,"minecraft:ancient_debris":4,"minecraft:cobblestone_wall":8,"minecraft:gunpowder":11,"minecraft:cobblestone_stairs":109,"minecraft:cooked_mutton":61,"minecraft:apple":8,"minecraft:kelp":261,"minecraft:stone_pickaxe":3,"minecraft:iron_ingot":227,"minecraft:cooked_chicken":2,"minecraft:glass_bottle":5,"minecraft:iron_sword":11,"minecraft:scaffolding":4,"minecraft:smooth_basalt":1,"minecraft:warped_fungus":2,"minecraft:pumpkin":46,"minecraft:heavy_core":2,"minecraft:quartz":196,"minecraft:waxed_exposed_copper_bulb":3,"minecraft:dripstone_block":36,"minecraft:gravel":71,"minecraft:amethyst_shard":2,"minecraft:white_bed":4,"minecraft:crying_obsidian":1,"minecraft:polished_tuff":1,"minecraft:spider_eye":7,"minecraft:pumpkin_seeds":1,"minecraft:slime_ball":7,"minecraft:stone_axe":22,"minecraft:iron_helmet":5,"minecraft:diamond_axe":2,"minecraft:warped_roots":9,"minecraft:oak_button":1,"minecraft:baked_potato":6,"minecraft:chiseled_tuff_bricks":2,"minecraft:warped_nylium":6,"minecraft:coal":326,"minecraft:ender_pearl":8},"minecraft:crafted":{"minecraft:oak_planks":132,"minecraft:smooth_stone":21,"minecraft:cobblestone_slab":96,"minecraft:birch_slab":90,"minecraft:stone":64,"minecraft:cobblestone_stairs":9,"minecraft:diamond_shovel":2,"minecraft:cooked_mutton":42,"minecraft:mace":1,"minecraft:glass":19,"minecraft:diamond_helmet":2,"minecraft:diamond_leggings":2,"minecraft:bow":3,"minecraft:iron_boots":1,"minecraft:chest":8,"minecraft:birch_door":3,"minecraft:netherite_upgrade_smithing_template":8,"minecraft:dried_kelp_block":21,"minecraft:stone_hoe":1,"minecraft:oak_fence":9,"minecraft:cooked_porkchop":33,"minecraft:diamond_axe":2,"minecraft:crafting_table":3,"minecraft:wooden_pickaxe":1,"minecraft:iron_helmet":1,"minecraft:smithing_table":1,"minecraft:birch_planks":280,"minecraft:pumpkin_seeds":4,"minecraft:charcoal":14,"minecraft:diamond_pickaxe":2,"minecraft:shield":2,"minecraft:birch_fence":6,"minecraft:stick":160,"minecraft:iron_ingot":287,"minecraft:iron_pickaxe":4,"minecraft:stone_sword":2,"minecraft:gold_ingot":85,"minecraft:redstone_torch":2,"minecraft:shears":1,"minecraft:golden_carrot":90,"minecraft:oak_door":3,"minecraft:stone_shovel":1,"minecraft:diamond_hoe":1,"minecraft:furnace":2,"minecraft:bone_meal":342,"minecraft:diamond":9,"minecraft:iron_axe":1,"minecraft:iron_hoe":1,"minecraft:stone_pickaxe":7,"minecraft:diamond_boots":4,"minecraft:golden_helmet":1,"minecraft:cooked_beef":10,"minecraft:diamond_sword":2,"minecraft:dried_kelp":192,"minecraft:powered_rail":6,"minecraft:iron_sword":3,"minecraft:bucket":1,"minecraft:stone_axe":1,"minecraft:bread":3,"minecraft:air":0,"minecraft:oak_boat":1,"minecraft:gold_nugget":729,"minecraft:iron_shovel":2,"minecraft:iron_leggings":2,"minecraft:white_bed":2,"minecraft:torch":276,"minecraft:diamond_chestplate":1},"minecraft:mined":{"minecraft:waxed_cut_copper_slab":1,"minecraft:spruce_planks":1,"minecraft:white_bed":4,"minecraft:farmland":2,"minecraft:cobblestone_stairs":31,"minecraft:granite":1,"minecraft:budding_amethyst":1,"minecraft:grass_block":1774,"minecraft:cracked_polished_blackstone_bricks":3,"minecraft:chiseled_tuff_bricks":1,"minecraft:composter":1,"minecraft:frosted_ice":5,"minecraft:crimson_fungus":1,"minecraft:tuff_bricks":12,"minecraft:smooth_stone":4,"minecraft:polished_blackstone_bricks":3,"minecraft:tall_seagrass":37,"minecraft:magma_block":11,"minecraft:glowstone":15,"minecraft:iron_ore":67,"minecraft:cobbled_deepslate":8,"minecraft:fire":10,"minecraft:pumpkin":19,"minecraft:potted_dandelion":1,"minecraft:pointed_dripstone":2,"minecraft:oak_stairs":80,"minecraft:iron_block":2,"minecraft:tripwire":2,"minecraft:green_bed":1,"minecraft:deepslate_redstone_ore":2,"minecraft:brown_mushroom":1,"minecraft:kelp_plant":39,"minecraft:soul_fire":2,"minecraft:torch":33,"minecraft:calcite":2,"minecraft:chest":5,"minecraft:nether_quartz_ore":129,"minecraft:cobblestone":135,"minecraft:sugar_cane":14,"minecraft:oak_planks":71,"minecraft:wall_torch":13,"minecraft:amethyst_block":3,"minecraft:seagrass":9,"minecraft:chain":4,"minecraft:waxed_copper_bulb":4,"minecraft:warped_nylium":7,"minecraft:powered_rail":1,"minecraft:birch_log":115,"minecraft:wheat":104,"minecraft:waxed_copper_block":1,"minecraft:birch_door":1,"minecraft:warped_fungus":1,"minecraft:oak_log":96,"minecraft:sand":26,"minecraft:dirt":655,"minecraft:smooth_basalt":1,"minecraft:stonecutter":1,"minecraft:ancient_debris":1,"minecraft:netherrack":745,"minecraft:oak_leaves":22,"minecraft:deepslate":503,"minecraft:nether_gold_ore":23,"minecraft:crying_obsidian":2,"minecraft:tuff":49,"minecraft:mossy_cobblestone":5,"minecraft:deepslate_diamond_ore":62,"minecraft:oak_door":1,"minecraft:nether_bricks":2,"minecraft:decorated_pot":25,"minecraft:birch_slab":3,"minecraft:spruce_leaves":3,"minecraft:kelp":4,"minecraft:large_fern":1,"minecraft:hay_block":14,"minecraft:redstone_ore":1,"minecraft:furnace":3,"minecraft:carrots":210,"minecraft:waxed_copper_grate":8,"minecraft:gold_block":15,"minecraft:chiseled_tuff":1,"minecraft:potatoes":4,"minecraft:cobblestone_slab":12,"minecraft:shroomlight":1,"minecraft:deepslate_iron_ore":3,"minecraft:vine":1,"minecraft:rail":69,"minecraft:trial_spawner":1,"minecraft:stone":1383,"minecraft:white_wool":3,"minecraft:oak_slab":4,"minecraft:waxed_exposed_copper_bulb":3,"minecraft:glass_pane":5,"minecraft:basalt":10,"minecraft:dandelion":1,"minecraft:oak_fence":9,"minecraft:crafting_table":7,"minecraft:short_grass":479,"minecraft:emerald_ore":1,"minecraft:warped_roots":1,"minecraft:copper_ore":13,"minecraft:tall_grass":77,"minecraft:deepslate_gold_ore":2,"minecraft:diorite":7,"minecraft:birch_planks":36,"minecraft:cobblestone_wall":10,"minecraft:waxed_oxidized_copper_grate":4,"minecraft:redstone_torch":3,"minecraft:birch_leaves":27,"minecraft:coal_ore":134,"minecraft:gravel":58,"minecraft:dripstone_block":12,"minecraft:cobweb":24,"minecraft:gold_ore":1,"minecraft:fern":1,"minecraft:birch_fence":1},"minecraft:killed":{"minecraft:cave_spider":6,"minecraft:witch":1,"minecraft:spider":7,"minecraft:skeleton":23,"minecraft:chicken":3,"minecraft:silverfish":19,"minecraft:magma_cube":1,"minecraft:piglin":1,"minecraft:pig":20,"minecraft:zombie_villager":1,"minecraft:iron_golem":1,"minecraft:creeper":4,"minecraft:sheep":28,"minecraft:trader_llama":2,"minecraft:pillager":1,"minecraft:zombie":57,"minecraft:stray":9,"minecraft:cow":19,"minecraft:bogged":1,"minecraft:slime":4,"minecraft:phantom":5,"minecraft:horse":7,"minecraft:drowned":1,"minecraft:husk":8,"minecraft:wandering_trader":1,"minecraft:frog":1,"minecraft:squid":3,"minecraft:breeze":1,"minecraft:enderman":3},"minecraft:killed_by":{"minecraft:piglin_brute":2,"minecraft:creeper":2,"minecraft:magma_cube":2,"minecraft:cave_spider":2,"minecraft:zombie":4,"minecraft:husk":2,"minecraft:player":2,"minecraft:spider":1,"minecraft:enderman":1,"minecraft:skeleton":3,"minecraft:breeze":1},"minecraft:used":{"minecraft:tuff_bricks":19,"minecraft:iron_shovel":327,"minecraft:diamond_hoe":89,"minecraft:chest":12,"minecraft:shield":141,"minecraft:white_terracotta":1,"minecraft:stone":1,"minecraft:iron_sword":210,"minecraft:nether_bricks":3,"minecraft:carrot":577,"minecraft:waxed_copper_grate":2,"minecraft:obsidian":4,"minecraft:honey_bottle":8,"minecraft:birch_sapling":2,"minecraft:warped_nylium":5,"minecraft:bow":66,"minecraft:ominous_bottle":1,"minecraft:furnace":4,"minecraft:cooked_cod":5,"minecraft:egg":22,"minecraft:potato":2,"minecraft:stone_pickaxe":800,"minecraft:powered_rail":7,"minecraft:oak_planks":20,"minecraft:wooden_pickaxe":28,"minecraft:composter":1,"minecraft:diamond_axe":291,"minecraft:golden_apple":1,"minecraft:glow_berries":4,"minecraft:mushroom_stew":2,"minecraft:dripstone_block":6,"minecraft:pumpkin_seeds":4,"minecraft:birch_fence":6,"minecraft:redstone_torch":5,"minecraft:birch_slab":95,"minecraft:bread":8,"minecraft:string":5,"minecraft:gravel":5,"minecraft:golden_helmet":1,"minecraft:chiseled_tuff_bricks":2,"minecraft:diamond_sword":752,"minecraft:smithing_table":1,"minecraft:chain":1,"minecraft:oak_boat":5,"minecraft:bone_meal":345,"minecraft:waxed_copper_bulb":2,"minecraft:oak_fence":16,"minecraft:stone_sword":114,"minecraft:flint_and_steel":2,"minecraft:stone_shovel":232,"minecraft:cooked_salmon":6,"minecraft:stone_hoe":4,"minecraft:cooked_chicken":2,"minecraft:netherrack":292,"minecraft:trial_key":10,"minecraft:oak_door":2,"minecraft:torch":263,"minecraft:dirt":951,"minecraft:cobblestone_wall":428,"minecraft:diamond_helmet":1,"minecraft:granite":2,"minecraft:birch_door":4,"minecraft:iron_hoe":84,"minecraft:iron_block":2,"minecraft:iron_axe":52,"minecraft:basalt":3,"minecraft:golden_carrot":26,"minecraft:minecart":2,"minecraft:cooked_beef":13,"minecraft:cobbled_deepslate":221,"minecraft:pumpkin":3,"minecraft:wheat_seeds":84,"minecraft:cooked_mutton":28,"minecraft:water_bucket":128,"minecraft:cobblestone_stairs":147,"minecraft:birch_planks":41,"minecraft:baked_potato":6,"minecraft:stonecutter":1,"minecraft:cobblestone_slab":113,"minecraft:polished_blackstone_bricks":2,"minecraft:rail":7,"minecraft:oak_slab":2,"minecraft:crafting_table":11,"minecraft:white_bed":6,"minecraft:diamond_pickaxe":1456,"minecraft:diamond_shovel":1387,"minecraft:ominous_trial_key":2,"minecraft:cracked_polished_blackstone_bricks":2,"minecraft:wind_charge":13,"minecraft:oak_button":1,"minecraft:iron_pickaxe":1252,"minecraft:stone_axe":185,"minecraft:cobblestone":1642,"minecraft:cooked_porkchop":21,"minecraft:bucket":130,"minecraft:smooth_stone":140},"minecraft:broken":{"minecraft:golden_helmet":1,"minecraft:iron_shovel":2,"minecraft:diamond_helmet":1,"minecraft:stone_pickaxe":6,"minecraft:stone_shovel":2,"minecraft:iron_pickaxe":5},"minecraft:custom":{"minecraft:animals_bred":26,"minecraft:interact_with_crafting_table":110,"minecraft:open_barrel":14,"minecraft:bell_ring":2,"minecraft:eat_cake_slice":2,"minecraft:leave_game":9,"minecraft:time_since_death":309875,"minecraft:sprint_one_cm":2483598,"minecraft:damage_blocked_by_shield":3290,"minecraft:drop":195,"minecraft:talked_to_villager":17,"minecraft:play_time":1054380,"minecraft:deaths":27,"minecraft:jump":12097,"minecraft:interact_with_brewingstand":1,"minecraft:walk_on_water_one_cm":182572,"minecraft:enchant_item":1,"minecraft:interact_with_furnace":153,"minecraft:sleep_in_bed":17,"minecraft:damage_dealt":39608,"minecraft:player_kills":8,"minecraft:crouch_one_cm":17755,"minecraft:interact_with_smoker":5,"minecraft:inspect_dispenser":21,"minecraft:interact_with_smithing_table":3,"minecraft:mob_kills":243,"minecraft:interact_with_anvil":1,"minecraft:climb_one_cm":39406,"minecraft:walk_one_cm":3998293,"minecraft:sneak_time":9133,"minecraft:walk_under_water_one_cm":96538,"minecraft:boat_one_cm":471304,"minecraft:interact_with_blast_furnace":8,"minecraft:total_world_time":1054380,"minecraft:interact_with_stonecutter":14,"minecraft:time_since_rest":174353,"minecraft:damage_taken":17390,"minecraft:damage_absorbed":40,"minecraft:minecart_one_cm":155014,"minecraft:swim_one_cm":95510,"minecraft:fly_one_cm":1679424,"minecraft:open_chest":331,"minecraft:fall_one_cm":290152},"minecraft:dropped":{"minecraft:guster_pottery_sherd":2,"minecraft:iron_sword":4,"minecraft:birch_planks":58,"minecraft:brown_mushroom":1,"minecraft:diamond_axe":2,"minecraft:warped_fungus":1,"minecraft:oak_log":49,"minecraft:diamond":16,"minecraft:cooked_porkchop":7,"minecraft:netherite_upgrade_smithing_template":2,"minecraft:heavy_core":1,"minecraft:dirt":599,"minecraft:birch_fence":1,"minecraft:waxed_oxidized_chiseled_copper":1,"minecraft:chain":1,"minecraft:iron_pickaxe":2,"minecraft:waxed_cut_copper_slab":1,"minecraft:stone_axe":1,"minecraft:diamond_block":1,"minecraft:chiseled_tuff_bricks":2,"minecraft:cobbled_deepslate":72,"minecraft:wheat":4,"minecraft:birch_sapling":1,"minecraft:pointed_dripstone":9,"minecraft:rotten_flesh":25,"minecraft:oak_planks":40,"minecraft:diamond_shovel":1,"minecraft:cooked_mutton":11,"minecraft:waxed_copper_block":1,"minecraft:carrot":112,"minecraft:breeze_rod":1,"minecraft:arrow":16,"minecraft:chiseled_tuff":1,"minecraft:warped_wart_block":3,"minecraft:crying_obsidian":1,"minecraft:netherrack":92,"minecraft:iron_ingot":41,"minecraft:water_bucket":7,"minecraft:wheat_seeds":13,"minecraft:diamond_leggings":2,"minecraft:cobblestone":341,"minecraft:polished_tuff":1,"minecraft:granite":3,"minecraft:ominous_trial_key":4,"minecraft:stick":2,"minecraft:diorite":25,"minecraft:golden_carrot":32,"minecraft:torch":87,"minecraft:diamond_helmet":2,"minecraft:iron_axe":1,"minecraft:iron_shovel":1,"minecraft:string":2,"minecraft:tuff_bricks":7,"minecraft:kelp":7,"minecraft:raw_copper":3,"minecraft:tuff":5,"minecraft:iron_boots":1,"minecraft:pumpkin_seeds":1,"minecraft:diamond_sword":3,"minecraft:cobblestone_slab":3,"minecraft:trial_key":1,"minecraft:diamond_chestplate":1,"minecraft:oak_boat":1,"minecraft:oak_sapling":16,"minecraft:waxed_oxidized_cut_copper":1,"minecraft:spider_eye":1,"minecraft:diamond_boots":4,"minecraft:bow":1,"minecraft:waxed_exposed_copper_bulb":3}},"DataVersion":3953}