{"stats":{"minecraft:custom":{"minecraft:mob_kills":41,"minecraft:inspect_hopper":1,"minecraft:interact_with_crafting_table":84,"minecraft:leave_game":5,"minecraft:time_since_death":308137,"minecraft:climb_one_cm":7451,"minecraft:sprint_one_cm":1170450,"minecraft:walk_one_cm":1564227,"minecraft:damage_blocked_by_shield":511,"minecraft:drop":302,"minecraft:talked_to_villager":10,"minecraft:play_time":603968,"minecraft:deaths":3,"minecraft:sneak_time":20025,"minecraft:walk_under_water_one_cm":122602,"minecraft:jump":7233,"minecraft:walk_on_water_one_cm":131253,"minecraft:total_world_time":603968,"minecraft:interact_with_furnace":154,"minecraft:interact_with_stonecutter":58,"minecraft:sleep_in_bed":10,"minecraft:time_since_rest":64549,"minecraft:damage_taken":4040,"minecraft:damage_dealt":6402,"minecraft:swim_one_cm":256181,"minecraft:fly_one_cm":1403992,"minecraft:open_chest":115,"minecraft:crouch_one_cm":26093,"minecraft:interact_with_smoker":1,"minecraft:fall_one_cm":145018,"minecraft:horse_one_cm":4269},"minecraft:used":{"minecraft:oak_trapdoor":51,"minecraft:flint_and_steel":12,"minecraft:iron_shovel":758,"minecraft:stone_shovel":202,"minecraft:ladder":7,"minecraft:poppy":22,"minecraft:polished_basalt":1,"minecraft:chest":7,"minecraft:shield":13,"minecraft:iron_sword":160,"minecraft:stone":55,"minecraft:cooked_salmon":3,"minecraft:stone_hoe":80,"minecraft:rotten_flesh":7,"minecraft:netherrack":468,"minecraft:torch":232,"minecraft:dirt":680,"minecraft:mutton":1,"minecraft:lily_of_the_valley":1,"minecraft:nether_bricks":8,"minecraft:carrot":458,"minecraft:oak_wood":20,"minecraft:granite":41,"minecraft:oak_fence_gate":29,"minecraft:lantern":4,"minecraft:iron_axe":256,"minecraft:oak_stairs":32,"minecraft:birch_sapling":6,"minecraft:stone_brick_stairs":68,"minecraft:stone_bricks":333,"minecraft:basalt":1,"minecraft:magma_block":9,"minecraft:oak_sapling":71,"minecraft:furnace":2,"minecraft:cooked_beef":2,"minecraft:cobbled_deepslate":173,"minecraft:pointed_dripstone":1,"minecraft:short_grass":27,"minecraft:wheat_seeds":316,"minecraft:cooked_mutton":5,"minecraft:cobblestone_stairs":61,"minecraft:birch_planks":2,"minecraft:stone_pickaxe":1972,"minecraft:oak_planks":257,"minecraft:composter":1,"minecraft:chiseled_nether_bricks":10,"minecraft:stonecutter":3,"minecraft:polished_blackstone_bricks":51,"minecraft:oak_leaves":69,"minecraft:salmon":2,"minecraft:mossy_cobblestone":1,"minecraft:sand":5,"minecraft:oak_slab":32,"minecraft:crafting_table":7,"minecraft:white_bed":2,"minecraft:dripstone_block":4,"minecraft:stone_brick_wall":28,"minecraft:shears":148,"minecraft:oak_log":210,"minecraft:apple":3,"minecraft:bread":14,"minecraft:cracked_polished_blackstone_bricks":11,"minecraft:wind_charge":1,"minecraft:iron_pickaxe":660,"minecraft:deepslate":1,"minecraft:gravel":18,"minecraft:lilac":21,"minecraft:stone_axe":286,"minecraft:chiseled_stone_bricks":42,"minecraft:cobblestone":597,"minecraft:cooked_porkchop":3,"minecraft:andesite":2,"minecraft:golden_pickaxe":32,"minecraft:bone_meal":40,"minecraft:smooth_stone":82},"minecraft:broken":{"minecraft:iron_shovel":3,"minecraft:stone_pickaxe":15,"minecraft:iron_axe":1,"minecraft:stone_axe":2,"minecraft:iron_pickaxe":2,"minecraft:golden_pickaxe":1,"minecraft:stone_shovel":1},"minecraft:dropped":{"minecraft:oak_slab":23,"minecraft:birch_leaves":3,"minecraft:diamond_axe":1,"minecraft:lilac":5,"minecraft:mossy_cobblestone":1,"minecraft:cobblestone":1,"minecraft:stick":1,"minecraft:dirt":123,"minecraft:mace":1,"minecraft:ink_sac":4,"minecraft:cooked_salmon":2,"minecraft:oak_stairs":2,"minecraft:sand":62,"minecraft:iron_pickaxe":1,"minecraft:dandelion":1,"minecraft:gravel":5,"minecraft:oak_trapdoor":1,"minecraft:carrot":49,"minecraft:poppy":1,"minecraft:oak_fence_gate":9,"minecraft:oak_sapling":4,"minecraft:stone_pickaxe":1,"minecraft:oak_leaves":84},"minecraft:mined":{"minecraft:white_bed":1,"minecraft:oak_sapling":9,"minecraft:farmland":1,"minecraft:mossy_cobblestone":2,"minecraft:oak_door":1,"minecraft:cobblestone_stairs":14,"minecraft:nether_bricks":8,"minecraft:granite":40,"minecraft:ladder":1,"minecraft:grass_block":412,"minecraft:cracked_polished_blackstone_bricks":14,"minecraft:composter":1,"minecraft:spawner":1,"minecraft:gilded_blackstone":1,"minecraft:chiseled_stone_bricks":25,"minecraft:polished_blackstone_bricks":55,"minecraft:smooth_stone":58,"minecraft:tall_seagrass":5,"minecraft:magma_block":14,"minecraft:oak_trapdoor":2,"minecraft:furnace":1,"minecraft:carrots":176,"minecraft:polished_basalt":1,"minecraft:iron_ore":71,"minecraft:cobbled_deepslate":3,"minecraft:andesite":5,"minecraft:pointed_dripstone":10,"minecraft:dirt_path":2,"minecraft:oak_stairs":2,"minecraft:lantern":3,"minecraft:stripped_oak_log":1,"minecraft:stone":1335,"minecraft:oak_slab":1,"minecraft:glass_pane":2,"minecraft:basalt":11,"minecraft:dandelion":7,"minecraft:crafting_table":6,"minecraft:torch":106,"minecraft:short_grass":40,"minecraft:oak_wood":3,"minecraft:warped_roots":1,"minecraft:poppy":32,"minecraft:chest":2,"minecraft:cobblestone":188,"minecraft:tall_grass":7,"minecraft:nether_quartz_ore":28,"minecraft:copper_ore":14,"minecraft:lapis_ore":1,"minecraft:deepslate_gold_ore":2,"minecraft:oak_planks":11,"minecraft:wall_torch":27,"minecraft:seagrass":6,"minecraft:chain":3,"minecraft:birch_planks":3,"minecraft:birch_log":42,"minecraft:wheat":98,"minecraft:lilac":25,"minecraft:birch_leaves":3,"minecraft:bee_nest":1,"minecraft:stone_brick_stairs":3,"minecraft:oak_log":348,"minecraft:coal_ore":19,"minecraft:oak_fence_gate":4,"minecraft:sand":62,"minecraft:gravel":82,"minecraft:dripstone_block":49,"minecraft:dirt":416,"minecraft:gold_ore":1,"minecraft:stonecutter":3,"minecraft:stone_bricks":82,"minecraft:netherrack":538,"minecraft:oak_leaves":288,"minecraft:deepslate":1},"minecraft:killed_by":{"minecraft:player":1,"minecraft:drowned":1,"minecraft:skeleton":1},"minecraft:crafted":{"minecraft:smooth_stone":24,"minecraft:oak_planks":696,"minecraft:stone_shovel":5,"minecraft:stone_brick_wall":28,"minecraft:furnace":1,"minecraft:stone":447,"minecraft:cobblestone_stairs":52,"minecraft:bone_meal":21,"minecraft:nether_brick":46,"minecraft:flint_and_steel":1,"minecraft:cooked_mutton":5,"minecraft:oak_trapdoor":50,"minecraft:iron_boots":1,"minecraft:iron_axe":2,"minecraft:ladder":6,"minecraft:stone_pickaxe":15,"minecraft:chest":5,"minecraft:chiseled_stone_bricks":17,"minecraft:stone_hoe":1,"minecraft:stone_bricks":253,"minecraft:golden_helmet":1,"minecraft:oak_slab":54,"minecraft:deepslate":2,"minecraft:cooked_porkchop":3,"minecraft:crafting_table":1,"minecraft:chiseled_nether_bricks":10,"minecraft:iron_sword":1,"minecraft:nether_bricks":11,"minecraft:golden_pickaxe":1,"minecraft:cooked_salmon":5,"minecraft:oak_wood":18,"minecraft:birch_planks":8,"minecraft:stone_axe":2,"minecraft:bread":33,"minecraft:oak_fence_gate":34,"minecraft:stone_brick_stairs":72,"minecraft:iron_chestplate":1,"minecraft:golden_apple":1,"minecraft:charcoal":114,"minecraft:shield":1,"minecraft:stick":208,"minecraft:iron_ingot":37,"minecraft:iron_pickaxe":3,"minecraft:oak_stairs":32,"minecraft:iron_leggings":1,"minecraft:gold_ingot":1,"minecraft:iron_shovel":3,"minecraft:white_bed":1,"minecraft:torch":116,"minecraft:shears":1},"minecraft:picked_up":{"minecraft:charcoal":20,"minecraft:crafting_table":6,"minecraft:wheat":106,"minecraft:ladder":1,"minecraft:oak_stairs":2,"minecraft:gilded_blackstone":1,"minecraft:stone_brick_stairs":4,"minecraft:chain":3,"minecraft:shield":1,"minecraft:wind_charge":1,"minecraft:string":8,"minecraft:oak_trapdoor":2,"minecraft:raw_copper":44,"minecraft:smooth_stone":58,"minecraft:cobbled_deepslate":178,"minecraft:beef":9,"minecraft:poppy":50,"minecraft:iron_pickaxe":1,"minecraft:chest":2,"minecraft:birch_sapling":9,"minecraft:egg":20,"minecraft:furnace":1,"minecraft:stick":33,"minecraft:raw_iron":76,"minecraft:stone":16,"minecraft:oak_door":2,"minecraft:composter":1,"minecraft:copper_ingot":2,"minecraft:torch":143,"minecraft:polished_blackstone_bricks":53,"minecraft:pointed_dripstone":25,"minecraft:carrot":639,"minecraft:arrow":9,"minecraft:rotten_flesh":8,"minecraft:nether_bricks":8,"minecraft:polished_basalt":1,"minecraft:gold_ingot":16,"minecraft:mutton":6,"minecraft:magma_block":14,"minecraft:white_wool":3,"minecraft:cobblestone":1533,"minecraft:oxeye_daisy":1,"minecraft:stripped_oak_log":1,"minecraft:birch_log":42,"minecraft:birch_leaves":6,"minecraft:cooked_beef":2,"minecraft:basalt":9,"minecraft:lilac":40,"minecraft:andesite":5,"minecraft:birch_slab":1,"minecraft:salmon":7,"minecraft:leather":4,"minecraft:birch_planks":3,"minecraft:flint":16,"minecraft:oak_log":489,"minecraft:gunpowder":2,"minecraft:cobblestone_stairs":13,"minecraft:lapis_lazuli":9,"minecraft:lantern":5,"minecraft:dirt":898,"minecraft:bone":10,"minecraft:apple":5,"minecraft:stone_bricks":82,"minecraft:stonecutter":3,"minecraft:wheat_seeds":337,"minecraft:raw_gold":4,"minecraft:oak_fence_gate":11,"minecraft:iron_ingot":13,"minecraft:stone_pickaxe":1,"minecraft:oak_planks":12,"minecraft:oak_slab":1,"minecraft:chiseled_stone_bricks":25,"minecraft:quartz":28,"minecraft:dandelion":14,"minecraft:dripstone_block":48,"minecraft:gravel":98,"minecraft:sand":67,"minecraft:ink_sac":6,"minecraft:white_bed":1,"minecraft:lily_of_the_valley":2,"minecraft:mossy_cobblestone":2,"minecraft:oak_wood":3,"minecraft:stone_axe":1,"minecraft:short_grass":54,"minecraft:cracked_polished_blackstone_bricks":12,"minecraft:granite":41,"minecraft:diamond_axe":1,"minecraft:bone_meal":26,"minecraft:warped_roots":1,"minecraft:oak_sapling":109,"minecraft:netherrack":524,"minecraft:coal":19,"minecraft:oak_leaves":200},"minecraft:killed":{"minecraft:spider":2,"minecraft:skeleton":5,"minecraft:drowned":5,"minecraft:piglin_brute":2,"minecraft:skeleton_horse":1,"minecraft:piglin":1,"minecraft:salmon":10,"minecraft:creeper":1,"minecraft:sheep":3,"minecraft:zombie":5,"minecraft:cow":5}},"DataVersion":3953}