{"stats":{"minecraft:killed_by":{"minecraft:player":1,"minecraft:drowned":1,"minecraft:skeleton":1},"minecraft:crafted":{"minecraft:smooth_stone":24,"minecraft:oak_planks":684,"minecraft:stone_shovel":5,"minecraft:stone_brick_wall":28,"minecraft:furnace":1,"minecraft:cobblestone_stairs":52,"minecraft:stone":447,"minecraft:bone_meal":21,"minecraft:cooked_mutton":5,"minecraft:oak_trapdoor":50,"minecraft:iron_axe":1,"minecraft:ladder":6,"minecraft:stone_pickaxe":15,"minecraft:chest":5,"minecraft:chiseled_stone_bricks":17,"minecraft:stone_hoe":1,"minecraft:stone_bricks":253,"minecraft:golden_helmet":1,"minecraft:oak_slab":54,"minecraft:deepslate":2,"minecraft:cooked_porkchop":3,"minecraft:crafting_table":1,"minecraft:iron_sword":1,"minecraft:cooked_salmon":5,"minecraft:oak_wood":18,"minecraft:birch_planks":8,"minecraft:stone_axe":2,"minecraft:oak_fence_gate":34,"minecraft:stone_brick_stairs":72,"minecraft:charcoal":91,"minecraft:stick":200,"minecraft:iron_pickaxe":1,"minecraft:oak_stairs":32,"minecraft:iron_shovel":3,"minecraft:white_bed":1,"minecraft:torch":88,"minecraft:shears":1},"minecraft:used":{"minecraft:oak_trapdoor":51,"minecraft:iron_shovel":758,"minecraft:stone_shovel":202,"minecraft:ladder":7,"minecraft:poppy":22,"minecraft:chest":6,"minecraft:shield":5,"minecraft:stone":55,"minecraft:iron_sword":94,"minecraft:cooked_salmon":3,"minecraft:stone_hoe":80,"minecraft:rotten_flesh":6,"minecraft:torch":180,"minecraft:dirt":680,"minecraft:mutton":1,"minecraft:lily_of_the_valley":1,"minecraft:carrot":214,"minecraft:oak_wood":20,"minecraft:oak_fence_gate":29,"minecraft:iron_axe":256,"minecraft:oak_stairs":32,"minecraft:birch_sapling":3,"minecraft:stone_brick_stairs":68,"minecraft:stone_bricks":333,"minecraft:oak_sapling":34,"minecraft:furnace":2,"minecraft:cooked_beef":2,"minecraft:cobbled_deepslate":173,"minecraft:wheat_seeds":166,"minecraft:short_grass":27,"minecraft:cooked_mutton":5,"minecraft:cobblestone_stairs":38,"minecraft:birch_planks":2,"minecraft:stone_pickaxe":1448,"minecraft:oak_planks":257,"minecraft:composter":1,"minecraft:stonecutter":3,"minecraft:oak_leaves":69,"minecraft:salmon":2,"minecraft:mossy_cobblestone":1,"minecraft:sand":4,"minecraft:oak_slab":32,"minecraft:crafting_table":7,"minecraft:white_bed":2,"minecraft:stone_brick_wall":28,"minecraft:shears":148,"minecraft:oak_log":210,"minecraft:apple":3,"minecraft:wind_charge":1,"minecraft:iron_pickaxe":252,"minecraft:deepslate":1,"minecraft:gravel":17,"minecraft:lilac":19,"minecraft:stone_axe":246,"minecraft:chiseled_stone_bricks":42,"minecraft:cobblestone":558,"minecraft:cooked_porkchop":2,"minecraft:bone_meal":15,"minecraft:smooth_stone":82},"minecraft:picked_up":{"minecraft:charcoal":20,"minecraft:crafting_table":6,"minecraft:wheat":68,"minecraft:ladder":1,"minecraft:oak_stairs":2,"minecraft:stone_brick_stairs":4,"minecraft:shield":1,"minecraft:wind_charge":1,"minecraft:oak_trapdoor":2,"minecraft:string":8,"minecraft:raw_copper":3,"minecraft:smooth_stone":58,"minecraft:cobbled_deepslate":178,"minecraft:poppy":41,"minecraft:chest":1,"minecraft:birch_sapling":9,"minecraft:egg":10,"minecraft:furnace":1,"minecraft:raw_iron":3,"minecraft:stick":25,"minecraft:stone":16,"minecraft:oak_door":2,"minecraft:composter":1,"minecraft:copper_ingot":2,"minecraft:torch":97,"minecraft:pointed_dripstone":15,"minecraft:carrot":436,"minecraft:arrow":8,"minecraft:rotten_flesh":6,"minecraft:gold_ingot":16,"minecraft:mutton":6,"minecraft:white_wool":3,"minecraft:cobblestone":1413,"minecraft:stripped_oak_log":1,"minecraft:birch_log":42,"minecraft:birch_leaves":6,"minecraft:lilac":38,"minecraft:cooked_beef":2,"minecraft:salmon":7,"minecraft:birch_planks":3,"minecraft:flint":16,"minecraft:oak_log":463,"minecraft:cobblestone_stairs":9,"minecraft:gunpowder":2,"minecraft:dirt":895,"minecraft:bone":9,"minecraft:apple":5,"minecraft:stone_bricks":82,"minecraft:stonecutter":3,"minecraft:raw_gold":1,"minecraft:wheat_seeds":209,"minecraft:stone_pickaxe":1,"minecraft:oak_fence_gate":11,"minecraft:iron_ingot":13,"minecraft:oak_planks":12,"minecraft:oak_slab":1,"minecraft:chiseled_stone_bricks":25,"minecraft:quartz":1,"minecraft:dandelion":14,"minecraft:dripstone_block":42,"minecraft:gravel":97,"minecraft:sand":67,"minecraft:ink_sac":6,"minecraft:white_bed":1,"minecraft:lily_of_the_valley":2,"minecraft:mossy_cobblestone":2,"minecraft:oak_wood":3,"minecraft:stone_axe":1,"minecraft:short_grass":54,"minecraft:bone_meal":2,"minecraft:oak_sapling":97,"minecraft:netherrack":5,"minecraft:coal":16,"minecraft:oak_leaves":200},"minecraft:killed":{"minecraft:spider":2,"minecraft:skeleton":2,"minecraft:drowned":3,"minecraft:skeleton_horse":1,"minecraft:salmon":10,"minecraft:creeper":1,"minecraft:sheep":3,"minecraft:zombie":4},"minecraft:broken":{"minecraft:iron_shovel":3,"minecraft:stone_pickaxe":11,"minecraft:iron_axe":1,"minecraft:stone_axe":2,"minecraft:iron_pickaxe":1,"minecraft:stone_shovel":1},"minecraft:mined":{"minecraft:white_bed":1,"minecraft:oak_sapling":6,"minecraft:farmland":1,"minecraft:mossy_cobblestone":2,"minecraft:oak_door":1,"minecraft:cobblestone_stairs":10,"minecraft:ladder":1,"minecraft:grass_block":410,"minecraft:composter":1,"minecraft:chiseled_stone_bricks":25,"minecraft:smooth_stone":58,"minecraft:tall_seagrass":5,"minecraft:oak_trapdoor":2,"minecraft:furnace":1,"minecraft:carrots":123,"minecraft:iron_ore":3,"minecraft:cobbled_deepslate":3,"minecraft:pointed_dripstone":3,"minecraft:dirt_path":2,"minecraft:oak_stairs":2,"minecraft:stripped_oak_log":1,"minecraft:stone":1233,"minecraft:oak_slab":1,"minecraft:glass_pane":2,"minecraft:dandelion":7,"minecraft:crafting_table":6,"minecraft:torch":63,"minecraft:short_grass":37,"minecraft:oak_wood":3,"minecraft:poppy":23,"minecraft:chest":1,"minecraft:nether_quartz_ore":1,"minecraft:copper_ore":1,"minecraft:cobblestone":182,"minecraft:tall_grass":7,"minecraft:oak_planks":11,"minecraft:wall_torch":24,"minecraft:seagrass":5,"minecraft:birch_planks":3,"minecraft:birch_log":42,"minecraft:wheat":62,"minecraft:lilac":23,"minecraft:birch_leaves":3,"minecraft:bee_nest":1,"minecraft:stone_brick_stairs":3,"minecraft:oak_log":323,"minecraft:coal_ore":16,"minecraft:oak_fence_gate":4,"minecraft:dripstone_block":42,"minecraft:gravel":82,"minecraft:sand":62,"minecraft:dirt":416,"minecraft:stonecutter":3,"minecraft:stone_bricks":82,"minecraft:netherrack":19,"minecraft:oak_leaves":225,"minecraft:deepslate":1},"minecraft:custom":{"minecraft:mob_kills":27,"minecraft:inspect_hopper":1,"minecraft:interact_with_crafting_table":61,"minecraft:leave_game":5,"minecraft:time_since_death":152189,"minecraft:climb_one_cm":4107,"minecraft:sprint_one_cm":889889,"minecraft:walk_one_cm":1187818,"minecraft:damage_blocked_by_shield":201,"minecraft:drop":300,"minecraft:play_time":448020,"minecraft:deaths":3,"minecraft:sneak_time":6221,"minecraft:walk_under_water_one_cm":30176,"minecraft:jump":5424,"minecraft:walk_on_water_one_cm":108203,"minecraft:total_world_time":448020,"minecraft:interact_with_furnace":123,"minecraft:interact_with_stonecutter":55,"minecraft:sleep_in_bed":8,"minecraft:time_since_rest":61026,"minecraft:damage_taken":2969,"minecraft:damage_dealt":3589,"minecraft:swim_one_cm":93419,"minecraft:fly_one_cm":1187845,"minecraft:open_chest":61,"minecraft:crouch_one_cm":15965,"minecraft:interact_with_smoker":1,"minecraft:fall_one_cm":119092,"minecraft:horse_one_cm":4269},"minecraft:dropped":{"minecraft:oak_slab":23,"minecraft:birch_leaves":3,"minecraft:lilac":5,"minecraft:mossy_cobblestone":1,"minecraft:cobblestone":1,"minecraft:stick":1,"minecraft:dirt":123,"minecraft:mace":1,"minecraft:ink_sac":4,"minecraft:cooked_salmon":2,"minecraft:oak_stairs":2,"minecraft:sand":62,"minecraft:dandelion":1,"minecraft:gravel":5,"minecraft:oak_trapdoor":1,"minecraft:carrot":49,"minecraft:poppy":1,"minecraft:oak_fence_gate":9,"minecraft:oak_sapling":4,"minecraft:stone_pickaxe":1,"minecraft:oak_leaves":84}},"DataVersion":3953}