{"stats":{"minecraft:picked_up":{"minecraft:iron_chestplate":1,"minecraft:wheat":147,"minecraft:flower_pot":3,"minecraft:oak_stairs":2,"minecraft:potion":2,"minecraft:gilded_blackstone":1,"minecraft:stone_brick_stairs":4,"minecraft:brewing_stand":1,"minecraft:string":44,"minecraft:raw_copper":57,"minecraft:red_candle":7,"minecraft:smooth_stone":59,"minecraft:cobbled_deepslate":200,"minecraft:spruce_planks":5,"minecraft:trial_key":12,"minecraft:waxed_oxidized_copper_door":3,"minecraft:wooden_shovel":1,"minecraft:iron_pickaxe":1,"minecraft:furnace":1,"minecraft:tipped_arrow":54,"minecraft:golden_helmet":1,"minecraft:stick":33,"minecraft:composter":1,"minecraft:torch":155,"minecraft:porkchop":2,"minecraft:diorite":2,"minecraft:waxed_weathered_copper_bulb":3,"minecraft:pointed_dripstone":176,"minecraft:waxed_copper_grate":7,"minecraft:rotten_flesh":20,"minecraft:honey_bottle":5,"minecraft:polished_basalt":1,"minecraft:cobblestone":1692,"minecraft:birch_log":59,"minecraft:magma_block":14,"minecraft:cooked_beef":2,"minecraft:feather":3,"minecraft:lilac":40,"minecraft:birch_slab":1,"minecraft:andesite":5,"minecraft:flint":16,"minecraft:tuff":3,"minecraft:lapis_lazuli":9,"minecraft:dirt":922,"minecraft:lantern":5,"minecraft:bone":83,"minecraft:bow":6,"minecraft:stonecutter":3,"minecraft:wheat_seeds":435,"minecraft:raw_gold":16,"minecraft:bell":2,"minecraft:bolt_armor_trim_smithing_template":1,"minecraft:glowstone_dust":3,"minecraft:scrape_pottery_sherd":2,"minecraft:oak_planks":18,"minecraft:waxed_oxidized_copper_bulb":2,"minecraft:sand":67,"minecraft:ink_sac":6,"minecraft:lily_of_the_valley":2,"minecraft:mossy_cobblestone":4,"minecraft:dispenser":1,"minecraft:diamond":4,"minecraft:waxed_oxidized_copper_grate":12,"minecraft:cracked_polished_blackstone_bricks":12,"minecraft:crossbow":1,"minecraft:breeze_rod":5,"minecraft:granite":56,"minecraft:bone_meal":28,"minecraft:golden_apple":1,"minecraft:white_concrete":2,"minecraft:emerald":39,"minecraft:bread":5,"minecraft:oak_sapling":109,"minecraft:netherrack":859,"minecraft:oak_leaves":200,"minecraft:charcoal":20,"minecraft:crafting_table":7,"minecraft:ominous_bottle":1,"minecraft:chicken":3,"minecraft:ladder":2,"minecraft:chain":3,"minecraft:brick":164,"minecraft:shield":2,"minecraft:wind_charge":17,"minecraft:oak_trapdoor":2,"minecraft:red_bed":1,"minecraft:iron_axe":1,"minecraft:candle":4,"minecraft:beef":20,"minecraft:chiseled_tuff":2,"minecraft:poppy":50,"minecraft:guster_pottery_sherd":4,"minecraft:sugar_cane":13,"minecraft:chest":2,"minecraft:birch_sapling":9,"minecraft:phantom_membrane":2,"minecraft:egg":22,"minecraft:raw_iron":153,"minecraft:stone":16,"minecraft:oak_door":2,"minecraft:copper_ingot":2,"minecraft:polished_blackstone_bricks":55,"minecraft:flow_pottery_sherd":2,"minecraft:carrot":839,"minecraft:redstone":9,"minecraft:waxed_oxidized_chiseled_copper":1,"minecraft:arrow":135,"minecraft:nether_bricks":8,"minecraft:hay_block":16,"minecraft:saddle":1,"minecraft:gold_ingot":16,"minecraft:tuff_bricks":117,"minecraft:mutton":11,"minecraft:bone_block":1,"minecraft:white_wool":6,"minecraft:oxeye_daisy":1,"minecraft:stripped_oak_log":1,"minecraft:birch_leaves":6,"minecraft:basalt":12,"minecraft:golden_carrot":1,"minecraft:salmon":7,"minecraft:leather":8,"minecraft:red_glazed_terracotta":2,"minecraft:red_mushroom":10,"minecraft:birch_planks":3,"minecraft:waxed_copper_bulb":7,"minecraft:oak_log":496,"minecraft:waxed_copper_block":36,"minecraft:gunpowder":2,"minecraft:cobblestone_stairs":15,"minecraft:white_banner":1,"minecraft:apple":7,"minecraft:stone_bricks":83,"minecraft:polished_tuff_slab":2,"minecraft:stone_pickaxe":1,"minecraft:iron_ingot":38,"minecraft:oak_fence_gate":11,"minecraft:cooked_chicken":2,"minecraft:scaffolding":11,"minecraft:oak_slab":1,"minecraft:emerald_block":1,"minecraft:pumpkin":4,"minecraft:chiseled_stone_bricks":25,"minecraft:quartz":28,"minecraft:waxed_exposed_copper_bulb":4,"minecraft:dandelion":15,"minecraft:dripstone_block":50,"minecraft:raw_iron_block":1,"minecraft:gravel":103,"minecraft:white_bed":2,"minecraft:spruce_log":2,"minecraft:spider_eye":11,"minecraft:polished_tuff":3,"minecraft:oak_wood":3,"minecraft:pumpkin_seeds":2,"minecraft:slime_ball":94,"minecraft:stone_axe":1,"minecraft:short_grass":54,"minecraft:diamond_axe":1,"minecraft:warped_roots":1,"minecraft:oak_button":1,"minecraft:baked_potato":3,"minecraft:red_concrete":3,"minecraft:coal":19,"minecraft:chiseled_tuff_bricks":18},"minecraft:crafted":{"minecraft:smooth_stone":24,"minecraft:oak_planks":724,"minecraft:cooked_chicken":3,"minecraft:stone":447,"minecraft:cobblestone_stairs":52,"minecraft:lever":2,"minecraft:nether_brick":52,"minecraft:cooked_mutton":10,"minecraft:bow":1,"minecraft:iron_boots":2,"minecraft:chest":5,"minecraft:chiseled_stone_bricks":17,"minecraft:birch_button":1,"minecraft:stone_hoe":1,"minecraft:stone_bricks":253,"minecraft:oak_slab":54,"minecraft:deepslate":2,"minecraft:wooden_shovel":2,"minecraft:emerald":9,"minecraft:cooked_porkchop":3,"minecraft:crafting_table":3,"minecraft:chiseled_nether_bricks":13,"minecraft:spruce_planks":8,"minecraft:iron_helmet":1,"minecraft:golden_pickaxe":1,"minecraft:oak_wood":18,"minecraft:birch_planks":76,"minecraft:stone_brick_stairs":72,"minecraft:iron_chestplate":1,"minecraft:diamond_pickaxe":1,"minecraft:charcoal":114,"minecraft:shield":1,"minecraft:stick":348,"minecraft:iron_ingot":82,"minecraft:iron_pickaxe":8,"minecraft:gold_ingot":1,"minecraft:shears":1,"minecraft:oak_door":3,"minecraft:raw_iron":9,"minecraft:stone_shovel":5,"minecraft:stone_brick_wall":28,"minecraft:leather_boots":1,"minecraft:furnace":1,"minecraft:bone_meal":21,"minecraft:oak_trapdoor":50,"minecraft:flint_and_steel":3,"minecraft:iron_axe":2,"minecraft:ladder":6,"minecraft:stone_pickaxe":15,"minecraft:golden_helmet":1,"minecraft:cooked_beef":11,"minecraft:diamond_sword":1,"minecraft:iron_sword":3,"minecraft:nether_bricks":13,"minecraft:cooked_salmon":5,"minecraft:stone_axe":2,"minecraft:bread":46,"minecraft:oak_fence_gate":34,"minecraft:golden_apple":1,"minecraft:oak_stairs":32,"minecraft:iron_shovel":3,"minecraft:iron_leggings":2,"minecraft:white_bed":1,"minecraft:torch":116},"minecraft:mined":{"minecraft:white_bed":2,"minecraft:spruce_planks":5,"minecraft:oak_sapling":9,"minecraft:farmland":1,"minecraft:cobblestone_stairs":16,"minecraft:brewing_stand":1,"minecraft:granite":52,"minecraft:grass_block":422,"minecraft:cracked_polished_blackstone_bricks":14,"minecraft:white_concrete":2,"minecraft:chiseled_tuff_bricks":19,"minecraft:composter":1,"minecraft:frosted_ice":1,"minecraft:tuff_bricks":121,"minecraft:chiseled_stone_bricks":25,"minecraft:gilded_blackstone":1,"minecraft:spawner":1,"minecraft:smooth_stone":58,"minecraft:polished_blackstone_bricks":57,"minecraft:tall_seagrass":7,"minecraft:magma_block":14,"minecraft:raw_iron_block":1,"minecraft:iron_ore":129,"minecraft:cobbled_deepslate":5,"minecraft:fire":4,"minecraft:polished_tuff":3,"minecraft:waxed_oxidized_copper_bulb":2,"minecraft:pumpkin":4,"minecraft:pointed_dripstone":116,"minecraft:dirt_path":2,"minecraft:oak_stairs":2,"minecraft:polished_tuff_slab":2,"minecraft:red_bed":1,"minecraft:powder_snow":21,"minecraft:torch":107,"minecraft:poppy":32,"minecraft:chest":2,"minecraft:nether_quartz_ore":28,"minecraft:cobblestone":279,"minecraft:sugar_cane":6,"minecraft:oak_planks":13,"minecraft:wall_torch":37,"minecraft:deepslate_copper_ore":3,"minecraft:seagrass":6,"minecraft:chain":3,"minecraft:waxed_copper_bulb":7,"minecraft:red_candle":2,"minecraft:birch_log":58,"minecraft:wheat":134,"minecraft:lilac":25,"minecraft:waxed_copper_block":38,"minecraft:stone_brick_stairs":3,"minecraft:oak_log":354,"minecraft:oak_fence_gate":4,"minecraft:waxed_oxidized_copper_door":3,"minecraft:sand":64,"minecraft:dirt":428,"minecraft:stonecutter":3,"minecraft:dispenser":1,"minecraft:netherrack":853,"minecraft:oak_leaves":288,"minecraft:deepslate":21,"minecraft:tuff":3,"minecraft:mossy_cobblestone":4,"minecraft:candle":1,"minecraft:oak_door":1,"minecraft:waxed_oxidized_chiseled_copper":1,"minecraft:nether_bricks":8,"minecraft:ladder":2,"minecraft:decorated_pot":44,"minecraft:spruce_leaves":5,"minecraft:red_mushroom":2,"minecraft:hay_block":16,"minecraft:oak_trapdoor":2,"minecraft:furnace":1,"minecraft:carrots":218,"minecraft:waxed_copper_grate":7,"minecraft:polished_basalt":1,"minecraft:andesite":5,"minecraft:chiseled_tuff":2,"minecraft:bell":1,"minecraft:deepslate_iron_ore":17,"minecraft:lantern":3,"minecraft:trial_spawner":2,"minecraft:stripped_oak_log":1,"minecraft:waxed_weathered_copper_bulb":3,"minecraft:stone":1382,"minecraft:bone_block":1,"minecraft:oak_slab":1,"minecraft:waxed_exposed_copper_bulb":4,"minecraft:scaffolding":4,"minecraft:glass_pane":2,"minecraft:basalt":15,"minecraft:dandelion":8,"minecraft:crafting_table":7,"minecraft:short_grass":61,"minecraft:oak_wood":3,"minecraft:warped_roots":1,"minecraft:tall_grass":16,"minecraft:copper_ore":14,"minecraft:red_glazed_terracotta":2,"minecraft:deepslate_gold_ore":5,"minecraft:lapis_ore":1,"minecraft:red_concrete":3,"minecraft:diorite":1,"minecraft:birch_planks":3,"minecraft:waxed_oxidized_copper_grate":12,"minecraft:spruce_log":2,"minecraft:birch_leaves":3,"minecraft:bee_nest":2,"minecraft:coal_ore":19,"minecraft:gravel":90,"minecraft:flower_pot":3,"minecraft:dripstone_block":51,"minecraft:cobweb":9,"minecraft:stone_bricks":84,"minecraft:gold_ore":8},"minecraft:killed":{"minecraft:witch":2,"minecraft:spider":28,"minecraft:skeleton":10,"minecraft:chicken":2,"minecraft:piglin_brute":2,"minecraft:skeleton_horse":1,"minecraft:piglin":1,"minecraft:pig":1,"minecraft:salmon":10,"minecraft:creeper":2,"minecraft:sheep":5,"minecraft:pillager":14,"minecraft:zombie":13,"minecraft:cow":11,"minecraft:bogged":67,"minecraft:vindicator":1,"minecraft:slime":121,"minecraft:phantom":1,"minecraft:drowned":7,"minecraft:ravager":2,"minecraft:breeze":2},"minecraft:killed_by":{"minecraft:ravager":1,"minecraft:drowned":1,"minecraft:bogged":4,"minecraft:vindicator":2,"minecraft:player":1,"minecraft:skeleton":1},"minecraft:used":{"minecraft:waxed_oxidized_copper_door":3,"minecraft:tuff_bricks":109,"minecraft:iron_shovel":758,"minecraft:poppy":22,"minecraft:ladder":7,"minecraft:polished_basalt":1,"minecraft:chest":7,"minecraft:shield":139,"minecraft:stone":55,"minecraft:iron_sword":508,"minecraft:bell":2,"minecraft:rotten_flesh":10,"minecraft:lily_of_the_valley":1,"minecraft:mutton":1,"minecraft:nether_bricks":8,"minecraft:carrot":582,"minecraft:waxed_copper_grate":2,"minecraft:waxed_oxidized_copper_grate":12,"minecraft:lantern":4,"minecraft:birch_sapling":6,"minecraft:waxed_exposed_copper_bulb":4,"minecraft:stone_brick_stairs":68,"minecraft:stone_bricks":333,"minecraft:birch_button":1,"minecraft:magma_block":9,"minecraft:bow":62,"minecraft:scaffolding":8,"minecraft:hay_block":16,"minecraft:ominous_bottle":1,"minecraft:furnace":2,"minecraft:oak_sapling":71,"minecraft:short_grass":27,"minecraft:stone_pickaxe":1972,"minecraft:oak_planks":259,"minecraft:ender_pearl":1,"minecraft:composter":1,"minecraft:oak_leaves":69,"minecraft:white_wool":3,"minecraft:golden_apple":1,"minecraft:sand":5,"minecraft:crossbow":10,"minecraft:stone_brick_wall":28,"minecraft:lingering_potion":8,"minecraft:dripstone_block":4,"minecraft:shears":148,"minecraft:lever":2,"minecraft:bread":51,"minecraft:deepslate":1,"minecraft:gravel":18,"minecraft:lilac":21,"minecraft:chiseled_tuff_bricks":13,"minecraft:diamond_sword":129,"minecraft:fire_charge":1,"minecraft:andesite":2,"minecraft:white_concrete":2,"minecraft:bone_meal":40,"minecraft:waxed_copper_bulb":7,"minecraft:golden_pickaxe":32,"minecraft:oak_trapdoor":51,"minecraft:flint_and_steel":91,"minecraft:red_concrete":1,"minecraft:stone_shovel":202,"minecraft:spruce_planks":8,"minecraft:cooked_salmon":3,"minecraft:wooden_shovel":8,"minecraft:stone_hoe":80,"minecraft:cooked_chicken":5,"minecraft:netherrack":805,"minecraft:trial_key":8,"minecraft:oak_door":1,"minecraft:torch":247,"minecraft:brewing_stand":1,"minecraft:dirt":695,"minecraft:oak_wood":20,"minecraft:granite":41,"minecraft:oak_fence_gate":29,"minecraft:oak_stairs":32,"minecraft:iron_axe":365,"minecraft:basalt":1,"minecraft:golden_carrot":1,"minecraft:cooked_beef":8,"minecraft:cobbled_deepslate":189,"minecraft:pumpkin":4,"minecraft:pointed_dripstone":125,"minecraft:wheat_seeds":408,"minecraft:cooked_mutton":7,"minecraft:cobblestone_stairs":61,"minecraft:birch_planks":2,"minecraft:baked_potato":9,"minecraft:stonecutter":3,"minecraft:chiseled_nether_bricks":13,"minecraft:waxed_copper_block":31,"minecraft:polished_blackstone_bricks":53,"minecraft:salmon":2,"minecraft:mossy_cobblestone":3,"minecraft:oak_slab":32,"minecraft:crafting_table":10,"minecraft:red_bed":1,"minecraft:white_bed":3,"minecraft:cake":1,"minecraft:oak_log":210,"minecraft:apple":5,"minecraft:cracked_polished_blackstone_bricks":11,"minecraft:wind_charge":18,"minecraft:iron_pickaxe":1639,"minecraft:stone_axe":320,"minecraft:chiseled_stone_bricks":42,"minecraft:cobblestone":1771,"minecraft:potion":1,"minecraft:cooked_porkchop":3,"minecraft:smooth_stone":82},"minecraft:broken":{"minecraft:golden_helmet":1,"minecraft:iron_shovel":3,"minecraft:stone_pickaxe":15,"minecraft:stone_axe":2,"minecraft:iron_sword":1,"minecraft:stone_shovel":1,"minecraft:flint_and_steel":1,"minecraft:iron_axe":1,"minecraft:leather_boots":1,"minecraft:iron_pickaxe":6,"minecraft:golden_pickaxe":1},"minecraft:custom":{"minecraft:interact_with_crafting_table":102,"minecraft:open_barrel":12,"minecraft:bell_ring":2,"minecraft:eat_cake_slice":7,"minecraft:leave_game":6,"minecraft:time_since_death":23395,"minecraft:sprint_one_cm":2112350,"minecraft:damage_blocked_by_shield":5181,"minecraft:drop":453,"minecraft:talked_to_villager":12,"minecraft:play_time":1033745,"minecraft:deaths":14,"minecraft:jump":13201,"minecraft:interact_with_brewingstand":3,"minecraft:walk_on_water_one_cm":185015,"minecraft:interact_with_furnace":174,"minecraft:sleep_in_bed":14,"minecraft:damage_dealt":30053,"minecraft:player_kills":1,"minecraft:crouch_one_cm":34778,"minecraft:interact_with_smoker":1,"minecraft:inspect_dispenser":29,"minecraft:horse_one_cm":489512,"minecraft:mob_kills":308,"minecraft:inspect_hopper":1,"minecraft:climb_one_cm":60807,"minecraft:walk_one_cm":2601384,"minecraft:raid_win":2,"minecraft:sneak_time":27080,"minecraft:walk_under_water_one_cm":195147,"minecraft:total_world_time":1033745,"minecraft:raid_trigger":1,"minecraft:interact_with_stonecutter":62,"minecraft:time_since_rest":25347,"minecraft:damage_taken":14466,"minecraft:damage_absorbed":40,"minecraft:swim_one_cm":321979,"minecraft:fly_one_cm":2580452,"minecraft:open_chest":236,"minecraft:fall_one_cm":299173},"minecraft:dropped":{"minecraft:guster_pottery_sherd":3,"minecraft:iron_sword":1,"minecraft:diamond_axe":1,"minecraft:lapis_lazuli":9,"minecraft:cooked_beef":5,"minecraft:red_mushroom":10,"minecraft:dirt":132,"minecraft:mace":1,"minecraft:sand":62,"minecraft:iron_pickaxe":1,"minecraft:bone":24,"minecraft:gravel":10,"minecraft:sugar_cane":13,"minecraft:pointed_dripstone":12,"minecraft:rotten_flesh":6,"minecraft:oak_planks":8,"minecraft:cooked_mutton":3,"minecraft:waxed_copper_block":5,"minecraft:carrot":49,"minecraft:poppy":1,"minecraft:oak_fence_gate":9,"minecraft:breeze_rod":1,"minecraft:arrow":29,"minecraft:chiseled_tuff":1,"minecraft:scaffolding":3,"minecraft:oak_leaves":84,"minecraft:iron_ingot":42,"minecraft:oak_slab":23,"minecraft:wheat_seeds":1,"minecraft:birch_leaves":3,"minecraft:lilac":5,"minecraft:mossy_cobblestone":1,"minecraft:cobblestone":24,"minecraft:waxed_copper_grate":5,"minecraft:polished_tuff":3,"minecraft:granite":14,"minecraft:stick":1,"minecraft:ink_sac":4,"minecraft:cooked_salmon":2,"minecraft:oak_stairs":2,"minecraft:string":31,"minecraft:dandelion":2,"minecraft:red_concrete":2,"minecraft:tuff_bricks":4,"minecraft:oak_trapdoor":1,"minecraft:flow_pottery_sherd":2,"minecraft:polished_tuff_slab":2,"minecraft:tuff":3,"minecraft:raw_iron":89,"minecraft:pumpkin_seeds":2,"minecraft:oak_button":1,"minecraft:shield":1,"minecraft:flower_pot":3,"minecraft:oak_sapling":4,"minecraft:wooden_shovel":3,"minecraft:stone_bricks":1,"minecraft:spider_eye":3,"minecraft:slime_ball":21,"minecraft:stone_pickaxe":1,"minecraft:bow":1,"minecraft:brick":67}},"DataVersion":3953}