{"stats":{"minecraft:custom":{"minecraft:interact_with_crafting_table":86,"minecraft:bell_ring":1,"minecraft:leave_game":5,"minecraft:time_since_death":386021,"minecraft:sprint_one_cm":1390517,"minecraft:damage_blocked_by_shield":661,"minecraft:drop":309,"minecraft:talked_to_villager":12,"minecraft:play_time":681852,"minecraft:deaths":3,"minecraft:jump":8934,"minecraft:interact_with_brewingstand":3,"minecraft:walk_on_water_one_cm":135311,"minecraft:interact_with_furnace":168,"minecraft:sleep_in_bed":11,"minecraft:damage_dealt":8812,"minecraft:crouch_one_cm":26651,"minecraft:interact_with_smoker":1,"minecraft:horse_one_cm":4269,"minecraft:mob_kills":60,"minecraft:inspect_hopper":1,"minecraft:climb_one_cm":9683,"minecraft:walk_one_cm":1711153,"minecraft:sneak_time":20854,"minecraft:walk_under_water_one_cm":123553,"minecraft:total_world_time":681852,"minecraft:interact_with_stonecutter":62,"minecraft:time_since_rest":67124,"minecraft:damage_taken":4800,"minecraft:swim_one_cm":264078,"minecraft:fly_one_cm":1755832,"minecraft:open_chest":126,"minecraft:fall_one_cm":186271},"minecraft:used":{"minecraft:iron_shovel":758,"minecraft:poppy":22,"minecraft:ladder":7,"minecraft:polished_basalt":1,"minecraft:shield":17,"minecraft:chest":7,"minecraft:stone":55,"minecraft:iron_sword":234,"minecraft:bell":1,"minecraft:rotten_flesh":9,"minecraft:mutton":1,"minecraft:lily_of_the_valley":1,"minecraft:nether_bricks":8,"minecraft:carrot":458,"minecraft:lantern":4,"minecraft:birch_sapling":6,"minecraft:stone_brick_stairs":68,"minecraft:stone_bricks":333,"minecraft:magma_block":9,"minecraft:hay_block":16,"minecraft:furnace":2,"minecraft:oak_sapling":71,"minecraft:short_grass":27,"minecraft:stone_pickaxe":1972,"minecraft:oak_planks":258,"minecraft:composter":1,"minecraft:oak_leaves":69,"minecraft:white_wool":3,"minecraft:sand":5,"minecraft:dripstone_block":4,"minecraft:stone_brick_wall":28,"minecraft:shears":148,"minecraft:bread":33,"minecraft:deepslate":1,"minecraft:gravel":18,"minecraft:lilac":21,"minecraft:andesite":2,"minecraft:bone_meal":40,"minecraft:golden_pickaxe":32,"minecraft:oak_trapdoor":51,"minecraft:flint_and_steel":16,"minecraft:stone_shovel":202,"minecraft:spruce_planks":8,"minecraft:cooked_salmon":3,"minecraft:stone_hoe":80,"minecraft:netherrack":472,"minecraft:torch":236,"minecraft:brewing_stand":1,"minecraft:dirt":692,"minecraft:oak_wood":20,"minecraft:granite":41,"minecraft:oak_fence_gate":29,"minecraft:iron_axe":256,"minecraft:oak_stairs":32,"minecraft:basalt":1,"minecraft:cooked_beef":4,"minecraft:cobbled_deepslate":173,"minecraft:pumpkin":4,"minecraft:pointed_dripstone":73,"minecraft:wheat_seeds":316,"minecraft:cooked_mutton":5,"minecraft:cobblestone_stairs":61,"minecraft:birch_planks":2,"minecraft:stonecutter":3,"minecraft:chiseled_nether_bricks":13,"minecraft:polished_blackstone_bricks":53,"minecraft:salmon":2,"minecraft:mossy_cobblestone":1,"minecraft:oak_slab":32,"minecraft:crafting_table":8,"minecraft:white_bed":2,"minecraft:oak_log":210,"minecraft:apple":3,"minecraft:wind_charge":1,"minecraft:cracked_polished_blackstone_bricks":11,"minecraft:iron_pickaxe":737,"minecraft:stone_axe":304,"minecraft:chiseled_stone_bricks":42,"minecraft:cobblestone":600,"minecraft:cooked_porkchop":3,"minecraft:smooth_stone":82},"minecraft:broken":{"minecraft:iron_shovel":3,"minecraft:stone_pickaxe":15,"minecraft:stone_axe":2,"minecraft:stone_shovel":1,"minecraft:iron_axe":1,"minecraft:iron_pickaxe":2,"minecraft:golden_pickaxe":1},"minecraft:dropped":{"minecraft:diamond_axe":1,"minecraft:dirt":129,"minecraft:mace":1,"minecraft:sand":62,"minecraft:iron_pickaxe":1,"minecraft:gravel":5,"minecraft:carrot":49,"minecraft:poppy":1,"minecraft:oak_fence_gate":9,"minecraft:oak_leaves":84,"minecraft:oak_slab":23,"minecraft:birch_leaves":3,"minecraft:lilac":5,"minecraft:mossy_cobblestone":1,"minecraft:cobblestone":1,"minecraft:stick":1,"minecraft:ink_sac":4,"minecraft:cooked_salmon":2,"minecraft:oak_stairs":2,"minecraft:dandelion":2,"minecraft:oak_trapdoor":1,"minecraft:oak_sapling":4,"minecraft:stone_pickaxe":1},"minecraft:mined":{"minecraft:spruce_planks":4,"minecraft:white_bed":1,"minecraft:oak_sapling":9,"minecraft:farmland":1,"minecraft:cobblestone_stairs":14,"minecraft:brewing_stand":1,"minecraft:granite":40,"minecraft:grass_block":418,"minecraft:cracked_polished_blackstone_bricks":14,"minecraft:composter":1,"minecraft:gilded_blackstone":1,"minecraft:chiseled_stone_bricks":25,"minecraft:spawner":1,"minecraft:tall_seagrass":5,"minecraft:smooth_stone":58,"minecraft:polished_blackstone_bricks":57,"minecraft:magma_block":14,"minecraft:iron_ore":71,"minecraft:cobbled_deepslate":3,"minecraft:pumpkin":4,"minecraft:pointed_dripstone":58,"minecraft:dirt_path":2,"minecraft:oak_stairs":2,"minecraft:powder_snow":21,"minecraft:torch":106,"minecraft:poppy":32,"minecraft:chest":2,"minecraft:nether_quartz_ore":28,"minecraft:cobblestone":192,"minecraft:oak_planks":12,"minecraft:sugar_cane":6,"minecraft:wall_torch":30,"minecraft:seagrass":6,"minecraft:chain":3,"minecraft:birch_log":42,"minecraft:wheat":98,"minecraft:lilac":25,"minecraft:stone_brick_stairs":3,"minecraft:oak_log":348,"minecraft:oak_fence_gate":4,"minecraft:sand":64,"minecraft:dirt":426,"minecraft:stonecutter":3,"minecraft:netherrack":551,"minecraft:oak_leaves":288,"minecraft:deepslate":1,"minecraft:mossy_cobblestone":2,"minecraft:oak_door":1,"minecraft:ladder":1,"minecraft:nether_bricks":8,"minecraft:spruce_leaves":5,"minecraft:hay_block":16,"minecraft:oak_trapdoor":2,"minecraft:furnace":1,"minecraft:carrots":176,"minecraft:polished_basalt":1,"minecraft:andesite":5,"minecraft:bell":1,"minecraft:lantern":3,"minecraft:stripped_oak_log":1,"minecraft:stone":1336,"minecraft:oak_slab":1,"minecraft:glass_pane":2,"minecraft:basalt":11,"minecraft:dandelion":8,"minecraft:crafting_table":6,"minecraft:short_grass":49,"minecraft:oak_wood":3,"minecraft:warped_roots":1,"minecraft:copper_ore":14,"minecraft:tall_grass":8,"minecraft:deepslate_gold_ore":2,"minecraft:lapis_ore":1,"minecraft:birch_planks":3,"minecraft:spruce_log":2,"minecraft:birch_leaves":3,"minecraft:bee_nest":1,"minecraft:coal_ore":19,"minecraft:dripstone_block":49,"minecraft:gravel":83,"minecraft:stone_bricks":82,"minecraft:gold_ore":1},"minecraft:killed_by":{"minecraft:drowned":1,"minecraft:player":1,"minecraft:skeleton":1},"minecraft:crafted":{"minecraft:smooth_stone":24,"minecraft:oak_planks":696,"minecraft:cooked_chicken":3,"minecraft:stone":447,"minecraft:cobblestone_stairs":52,"minecraft:nether_brick":52,"minecraft:cooked_mutton":10,"minecraft:iron_boots":1,"minecraft:chest":5,"minecraft:chiseled_stone_bricks":17,"minecraft:stone_hoe":1,"minecraft:stone_bricks":253,"minecraft:oak_slab":54,"minecraft:deepslate":2,"minecraft:cooked_porkchop":3,"minecraft:crafting_table":2,"minecraft:chiseled_nether_bricks":13,"minecraft:spruce_planks":8,"minecraft:golden_pickaxe":1,"minecraft:oak_wood":18,"minecraft:birch_planks":8,"minecraft:stone_brick_stairs":72,"minecraft:iron_chestplate":1,"minecraft:charcoal":114,"minecraft:shield":1,"minecraft:stick":208,"minecraft:iron_ingot":37,"minecraft:iron_pickaxe":3,"minecraft:gold_ingot":1,"minecraft:shears":1,"minecraft:stone_shovel":5,"minecraft:stone_brick_wall":28,"minecraft:leather_boots":1,"minecraft:furnace":1,"minecraft:bone_meal":21,"minecraft:oak_trapdoor":50,"minecraft:flint_and_steel":1,"minecraft:iron_axe":2,"minecraft:ladder":6,"minecraft:stone_pickaxe":15,"minecraft:golden_helmet":1,"minecraft:cooked_beef":11,"minecraft:iron_sword":1,"minecraft:nether_bricks":13,"minecraft:cooked_salmon":5,"minecraft:stone_axe":2,"minecraft:bread":33,"minecraft:oak_fence_gate":34,"minecraft:golden_apple":1,"minecraft:oak_stairs":32,"minecraft:iron_shovel":3,"minecraft:iron_leggings":1,"minecraft:white_bed":1,"minecraft:torch":116},"minecraft:picked_up":{"minecraft:wheat":106,"minecraft:oak_stairs":2,"minecraft:gilded_blackstone":1,"minecraft:stone_brick_stairs":4,"minecraft:brewing_stand":1,"minecraft:string":10,"minecraft:raw_copper":44,"minecraft:smooth_stone":58,"minecraft:cobbled_deepslate":178,"minecraft:spruce_planks":4,"minecraft:iron_pickaxe":1,"minecraft:furnace":1,"minecraft:stick":33,"minecraft:composter":1,"minecraft:torch":146,"minecraft:porkchop":2,"minecraft:pointed_dripstone":97,"minecraft:rotten_flesh":10,"minecraft:polished_basalt":1,"minecraft:cobblestone":1538,"minecraft:birch_log":42,"minecraft:magma_block":14,"minecraft:cooked_beef":2,"minecraft:feather":3,"minecraft:lilac":40,"minecraft:birch_slab":1,"minecraft:andesite":5,"minecraft:flint":16,"minecraft:lapis_lazuli":9,"minecraft:lantern":5,"minecraft:dirt":916,"minecraft:bone":10,"minecraft:stonecutter":3,"minecraft:wheat_seeds":337,"minecraft:raw_gold":4,"minecraft:bell":1,"minecraft:oak_planks":13,"minecraft:sand":67,"minecraft:ink_sac":6,"minecraft:lily_of_the_valley":2,"minecraft:mossy_cobblestone":2,"minecraft:cracked_polished_blackstone_bricks":12,"minecraft:granite":41,"minecraft:bone_meal":26,"minecraft:oak_sapling":109,"minecraft:netherrack":537,"minecraft:oak_leaves":200,"minecraft:charcoal":20,"minecraft:crafting_table":6,"minecraft:chicken":3,"minecraft:ladder":1,"minecraft:chain":3,"minecraft:shield":1,"minecraft:wind_charge":1,"minecraft:oak_trapdoor":2,"minecraft:beef":20,"minecraft:poppy":50,"minecraft:sugar_cane":13,"minecraft:chest":2,"minecraft:birch_sapling":9,"minecraft:egg":22,"minecraft:raw_iron":76,"minecraft:stone":16,"minecraft:oak_door":2,"minecraft:copper_ingot":2,"minecraft:polished_blackstone_bricks":55,"minecraft:carrot":644,"minecraft:arrow":11,"minecraft:nether_bricks":8,"minecraft:hay_block":16,"minecraft:gold_ingot":16,"minecraft:mutton":11,"minecraft:white_wool":6,"minecraft:oxeye_daisy":1,"minecraft:stripped_oak_log":1,"minecraft:birch_leaves":6,"minecraft:basalt":9,"minecraft:salmon":7,"minecraft:leather":8,"minecraft:birch_planks":3,"minecraft:oak_log":489,"minecraft:gunpowder":2,"minecraft:cobblestone_stairs":13,"minecraft:apple":5,"minecraft:stone_bricks":82,"minecraft:iron_ingot":13,"minecraft:oak_fence_gate":11,"minecraft:stone_pickaxe":1,"minecraft:oak_slab":1,"minecraft:pumpkin":4,"minecraft:chiseled_stone_bricks":25,"minecraft:quartz":28,"minecraft:dandelion":15,"minecraft:dripstone_block":48,"minecraft:gravel":98,"minecraft:white_bed":1,"minecraft:spruce_log":2,"minecraft:spider_eye":1,"minecraft:oak_wood":3,"minecraft:stone_axe":1,"minecraft:short_grass":54,"minecraft:diamond_axe":1,"minecraft:warped_roots":1,"minecraft:coal":19},"minecraft:killed":{"minecraft:spider":5,"minecraft:skeleton":8,"minecraft:chicken":2,"minecraft:piglin_brute":2,"minecraft:skeleton_horse":1,"minecraft:piglin":1,"minecraft:pig":1,"minecraft:salmon":10,"minecraft:creeper":2,"minecraft:sheep":5,"minecraft:zombie":6,"minecraft:cow":11,"minecraft:drowned":5}},"DataVersion":3953}