{"stats":{"minecraft:broken":{"minecraft:stone_axe":1},"minecraft:mined":{"minecraft:birch_planks":1,"minecraft:carrots":1,"minecraft:oak_door":1,"minecraft:wheat":3,"minecraft:bee_nest":1,"minecraft:crafting_table":2,"minecraft:torch":1,"minecraft:grass_block":24,"minecraft:short_grass":1,"minecraft:coal_ore":1,"minecraft:oak_log":53,"minecraft:dirt_path":2,"minecraft:dirt":48,"minecraft:tall_grass":7,"minecraft:stone":64,"minecraft:oak_leaves":19},"minecraft:killed_by":{"minecraft:player":1},"minecraft:used":{"minecraft:oak_log":3,"minecraft:apple":2,"minecraft:iron_shovel":76,"minecraft:wind_charge":1,"minecraft:iron_axe":4,"minecraft:iron_pickaxe":66,"minecraft:iron_sword":11,"minecraft:rotten_flesh":1,"minecraft:stone_axe":75,"minecraft:torch":1,"minecraft:crafting_table":2,"minecraft:oak_sapling":4,"minecraft:cooked_beef":2},"minecraft:custom":{"minecraft:time_since_rest":17629,"minecraft:sprint_one_cm":78794,"minecraft:damage_taken":574,"minecraft:walk_one_cm":55382,"minecraft:mob_kills":3,"minecraft:drop":1,"minecraft:damage_dealt":315,"minecraft:swim_one_cm":470,"minecraft:interact_with_crafting_table":2,"minecraft:fly_one_cm":109859,"minecraft:open_chest":3,"minecraft:crouch_one_cm":91,"minecraft:play_time":25834,"minecraft:deaths":1,"minecraft:sneak_time":11,"minecraft:walk_under_water_one_cm":115,"minecraft:jump":533,"minecraft:walk_on_water_one_cm":169,"minecraft:time_since_death":18127,"minecraft:sleep_in_bed":1,"minecraft:total_world_time":25834,"minecraft:fall_one_cm":17110},"minecraft:dropped":{"minecraft:mace":1},"minecraft:crafted":{"minecraft:oak_planks":4,"minecraft:iron_axe":1,"minecraft:crafting_table":1,"minecraft:iron_pickaxe":1,"minecraft:iron_sword":1,"minecraft:iron_shovel":1,"minecraft:torch":4},"minecraft:picked_up":{"minecraft:stick":8,"minecraft:crafting_table":2,"minecraft:wheat":3,"minecraft:cooked_beef":2,"minecraft:oak_door":1,"minecraft:torch":1,"minecraft:birch_planks":1,"minecraft:oak_log":80,"minecraft:shield":1,"minecraft:carrot":5,"minecraft:wind_charge":1,"minecraft:dirt":74,"minecraft:rotten_flesh":1,"minecraft:apple":2,"minecraft:stone_axe":1,"minecraft:wheat_seeds":12,"minecraft:iron_ingot":13,"minecraft:oak_sapling":9,"minecraft:mutton":6,"minecraft:coal":1,"minecraft:white_wool":3,"minecraft:cobblestone":64,"minecraft:egg":5},"minecraft:killed":{"minecraft:sheep":3}},"DataVersion":3953}