{"stats":{"minecraft:broken":{"minecraft:iron_shovel":2,"minecraft:stone_pickaxe":4,"minecraft:stone_axe":1,"minecraft:iron_pickaxe":1},"minecraft:mined":{"minecraft:mossy_cobblestone":1,"minecraft:oak_door":1,"minecraft:grass_block":237,"minecraft:chiseled_stone_bricks":25,"minecraft:smooth_stone":58,"minecraft:tall_seagrass":3,"minecraft:carrots":25,"minecraft:dirt_path":2,"minecraft:stripped_oak_log":1,"minecraft:stone":519,"minecraft:glass_pane":2,"minecraft:dandelion":7,"minecraft:crafting_table":3,"minecraft:torch":43,"minecraft:short_grass":33,"minecraft:oak_wood":3,"minecraft:poppy":18,"minecraft:cobblestone":142,"minecraft:tall_grass":7,"minecraft:wall_torch":12,"minecraft:seagrass":5,"minecraft:birch_planks":1,"minecraft:birch_log":42,"minecraft:wheat":5,"minecraft:lilac":14,"minecraft:birch_leaves":3,"minecraft:bee_nest":1,"minecraft:stone_brick_stairs":3,"minecraft:oak_log":149,"minecraft:coal_ore":16,"minecraft:gravel":51,"minecraft:sand":48,"minecraft:dirt":236,"minecraft:stonecutter":2,"minecraft:stone_bricks":72,"minecraft:oak_leaves":164},"minecraft:killed_by":{"minecraft:player":1,"minecraft:drowned":1},"minecraft:used":{"minecraft:iron_shovel":574,"minecraft:chest":1,"minecraft:shield":4,"minecraft:stone":36,"minecraft:iron_sword":81,"minecraft:cooked_salmon":3,"minecraft:rotten_flesh":4,"minecraft:torch":85,"minecraft:dirt":465,"minecraft:mutton":1,"minecraft:carrot":66,"minecraft:oak_wood":20,"minecraft:iron_axe":171,"minecraft:birch_sapling":3,"minecraft:stone_brick_stairs":53,"minecraft:stone_bricks":323,"minecraft:furnace":1,"minecraft:oak_sapling":4,"minecraft:cooked_beef":2,"minecraft:cooked_mutton":5,"minecraft:stone_pickaxe":594,"minecraft:stonecutter":2,"minecraft:oak_leaves":69,"minecraft:salmon":2,"minecraft:crafting_table":4,"minecraft:white_bed":1,"minecraft:shears":148,"minecraft:oak_log":185,"minecraft:apple":2,"minecraft:wind_charge":1,"minecraft:iron_pickaxe":252,"minecraft:gravel":17,"minecraft:stone_axe":75,"minecraft:chiseled_stone_bricks":42,"minecraft:cobblestone":246,"minecraft:smooth_stone":82},"minecraft:custom":{"minecraft:mob_kills":23,"minecraft:interact_with_crafting_table":20,"minecraft:leave_game":1,"minecraft:time_since_death":118865,"minecraft:climb_one_cm":1086,"minecraft:sprint_one_cm":504212,"minecraft:walk_one_cm":649863,"minecraft:damage_blocked_by_shield":151,"minecraft:drop":28,"minecraft:play_time":236097,"minecraft:deaths":2,"minecraft:sneak_time":1498,"minecraft:walk_under_water_one_cm":14052,"minecraft:jump":3299,"minecraft:walk_on_water_one_cm":72697,"minecraft:total_world_time":236097,"minecraft:interact_with_furnace":101,"minecraft:interact_with_stonecutter":45,"minecraft:sleep_in_bed":2,"minecraft:time_since_rest":1167,"minecraft:damage_taken":2251,"minecraft:damage_dealt":2798,"minecraft:swim_one_cm":46510,"minecraft:fly_one_cm":747999,"minecraft:open_chest":27,"minecraft:crouch_one_cm":3915,"minecraft:fall_one_cm":77219},"minecraft:dropped":{"minecraft:cobblestone":1,"minecraft:dirt":50,"minecraft:mace":1,"minecraft:cooked_salmon":2,"minecraft:gravel":5,"minecraft:carrot":15,"minecraft:oak_leaves":37},"minecraft:crafted":{"minecraft:smooth_stone":24,"minecraft:oak_planks":16,"minecraft:furnace":1,"minecraft:stone":379,"minecraft:cooked_mutton":5,"minecraft:iron_axe":1,"minecraft:stone_pickaxe":7,"minecraft:chest":1,"minecraft:chiseled_stone_bricks":17,"minecraft:stone_bricks":253,"minecraft:crafting_table":1,"minecraft:iron_sword":1,"minecraft:cooked_salmon":5,"minecraft:birch_planks":8,"minecraft:oak_wood":18,"minecraft:stone_brick_stairs":51,"minecraft:charcoal":85,"minecraft:stick":8,"minecraft:iron_pickaxe":1,"minecraft:iron_shovel":3,"minecraft:white_bed":1,"minecraft:torch":28,"minecraft:shears":1},"minecraft:picked_up":{"minecraft:crafting_table":3,"minecraft:wheat":5,"minecraft:stone_brick_stairs":3,"minecraft:shield":1,"minecraft:wind_charge":1,"minecraft:string":4,"minecraft:smooth_stone":58,"minecraft:poppy":18,"minecraft:birch_sapling":6,"minecraft:egg":5,"minecraft:stick":19,"minecraft:oak_door":2,"minecraft:copper_ingot":1,"minecraft:torch":61,"minecraft:carrot":91,"minecraft:rotten_flesh":6,"minecraft:arrow":3,"minecraft:mutton":6,"minecraft:white_wool":3,"minecraft:cobblestone":662,"minecraft:stripped_oak_log":1,"minecraft:birch_log":42,"minecraft:birch_leaves":3,"minecraft:lilac":14,"minecraft:cooked_beef":2,"minecraft:salmon":7,"minecraft:birch_planks":1,"minecraft:flint":7,"minecraft:oak_log":265,"minecraft:gunpowder":1,"minecraft:dirt":537,"minecraft:bone":2,"minecraft:apple":3,"minecraft:stone_bricks":72,"minecraft:stonecutter":2,"minecraft:wheat_seeds":21,"minecraft:iron_ingot":13,"minecraft:oak_planks":1,"minecraft:chiseled_stone_bricks":25,"minecraft:dandelion":7,"minecraft:gravel":44,"minecraft:sand":54,"minecraft:ink_sac":4,"minecraft:lily_of_the_valley":1,"minecraft:mossy_cobblestone":1,"minecraft:oak_wood":3,"minecraft:stone_axe":1,"minecraft:short_grass":27,"minecraft:oak_sapling":35,"minecraft:coal":16,"minecraft:oak_leaves":153},"minecraft:killed":{"minecraft:spider":2,"minecraft:skeleton":2,"minecraft:drowned":2,"minecraft:salmon":10,"minecraft:creeper":1,"minecraft:sheep":3,"minecraft:zombie":3}},"DataVersion":3953}