{"stats":{"minecraft:custom":{"minecraft:mob_kills":32,"minecraft:inspect_hopper":1,"minecraft:interact_with_crafting_table":73,"minecraft:leave_game":5,"minecraft:time_since_death":254137,"minecraft:climb_one_cm":5341,"minecraft:sprint_one_cm":1047225,"minecraft:walk_one_cm":1446188,"minecraft:damage_blocked_by_shield":201,"minecraft:drop":302,"minecraft:talked_to_villager":10,"minecraft:play_time":549968,"minecraft:deaths":3,"minecraft:sneak_time":14897,"minecraft:walk_under_water_one_cm":94239,"minecraft:jump":6459,"minecraft:walk_on_water_one_cm":122471,"minecraft:total_world_time":549968,"minecraft:interact_with_furnace":143,"minecraft:interact_with_stonecutter":55,"minecraft:sleep_in_bed":10,"minecraft:time_since_rest":10549,"minecraft:damage_taken":3508,"minecraft:damage_dealt":5192,"minecraft:swim_one_cm":199463,"minecraft:fly_one_cm":1291341,"minecraft:open_chest":87,"minecraft:crouch_one_cm":24895,"minecraft:interact_with_smoker":1,"minecraft:fall_one_cm":127924,"minecraft:horse_one_cm":4269},"minecraft:used":{"minecraft:oak_trapdoor":51,"minecraft:iron_shovel":758,"minecraft:stone_shovel":202,"minecraft:ladder":7,"minecraft:poppy":22,"minecraft:polished_basalt":1,"minecraft:chest":7,"minecraft:shield":5,"minecraft:iron_sword":136,"minecraft:stone":55,"minecraft:cooked_salmon":3,"minecraft:stone_hoe":80,"minecraft:rotten_flesh":7,"minecraft:netherrack":457,"minecraft:torch":203,"minecraft:dirt":680,"minecraft:mutton":1,"minecraft:lily_of_the_valley":1,"minecraft:carrot":458,"minecraft:oak_wood":20,"minecraft:oak_fence_gate":29,"minecraft:lantern":4,"minecraft:iron_axe":256,"minecraft:oak_stairs":32,"minecraft:birch_sapling":6,"minecraft:stone_brick_stairs":68,"minecraft:stone_bricks":333,"minecraft:basalt":1,"minecraft:oak_sapling":71,"minecraft:furnace":2,"minecraft:cooked_beef":2,"minecraft:cobbled_deepslate":173,"minecraft:short_grass":27,"minecraft:wheat_seeds":166,"minecraft:cooked_mutton":5,"minecraft:cobblestone_stairs":61,"minecraft:birch_planks":2,"minecraft:stone_pickaxe":1972,"minecraft:oak_planks":257,"minecraft:composter":1,"minecraft:stonecutter":3,"minecraft:polished_blackstone_bricks":19,"minecraft:oak_leaves":69,"minecraft:salmon":2,"minecraft:mossy_cobblestone":1,"minecraft:sand":5,"minecraft:oak_slab":32,"minecraft:crafting_table":7,"minecraft:white_bed":2,"minecraft:stone_brick_wall":28,"minecraft:shears":148,"minecraft:oak_log":210,"minecraft:apple":3,"minecraft:cracked_polished_blackstone_bricks":11,"minecraft:wind_charge":1,"minecraft:iron_pickaxe":393,"minecraft:deepslate":1,"minecraft:gravel":18,"minecraft:lilac":19,"minecraft:stone_axe":286,"minecraft:chiseled_stone_bricks":42,"minecraft:cobblestone":583,"minecraft:cooked_porkchop":3,"minecraft:golden_pickaxe":32,"minecraft:bone_meal":40,"minecraft:smooth_stone":82},"minecraft:broken":{"minecraft:iron_shovel":3,"minecraft:stone_pickaxe":15,"minecraft:iron_axe":1,"minecraft:stone_axe":2,"minecraft:iron_pickaxe":1,"minecraft:golden_pickaxe":1,"minecraft:stone_shovel":1},"minecraft:dropped":{"minecraft:oak_slab":23,"minecraft:birch_leaves":3,"minecraft:diamond_axe":1,"minecraft:lilac":5,"minecraft:mossy_cobblestone":1,"minecraft:cobblestone":1,"minecraft:stick":1,"minecraft:dirt":123,"minecraft:mace":1,"minecraft:ink_sac":4,"minecraft:cooked_salmon":2,"minecraft:oak_stairs":2,"minecraft:sand":62,"minecraft:iron_pickaxe":1,"minecraft:dandelion":1,"minecraft:gravel":5,"minecraft:oak_trapdoor":1,"minecraft:carrot":49,"minecraft:poppy":1,"minecraft:oak_fence_gate":9,"minecraft:oak_sapling":4,"minecraft:stone_pickaxe":1,"minecraft:oak_leaves":84},"minecraft:mined":{"minecraft:white_bed":1,"minecraft:oak_sapling":9,"minecraft:farmland":1,"minecraft:mossy_cobblestone":2,"minecraft:oak_door":1,"minecraft:cobblestone_stairs":14,"minecraft:ladder":1,"minecraft:grass_block":410,"minecraft:cracked_polished_blackstone_bricks":14,"minecraft:composter":1,"minecraft:spawner":1,"minecraft:gilded_blackstone":1,"minecraft:chiseled_stone_bricks":25,"minecraft:polished_blackstone_bricks":34,"minecraft:smooth_stone":58,"minecraft:tall_seagrass":5,"minecraft:oak_trapdoor":2,"minecraft:furnace":1,"minecraft:carrots":176,"minecraft:polished_basalt":1,"minecraft:iron_ore":35,"minecraft:cobbled_deepslate":3,"minecraft:andesite":2,"minecraft:pointed_dripstone":3,"minecraft:dirt_path":2,"minecraft:oak_stairs":2,"minecraft:lantern":3,"minecraft:stripped_oak_log":1,"minecraft:stone":1266,"minecraft:oak_slab":1,"minecraft:glass_pane":2,"minecraft:basalt":11,"minecraft:dandelion":7,"minecraft:crafting_table":6,"minecraft:torch":76,"minecraft:short_grass":39,"minecraft:oak_wood":3,"minecraft:poppy":23,"minecraft:chest":2,"minecraft:cobblestone":187,"minecraft:tall_grass":7,"minecraft:nether_quartz_ore":28,"minecraft:copper_ore":7,"minecraft:oak_planks":11,"minecraft:wall_torch":24,"minecraft:seagrass":5,"minecraft:chain":3,"minecraft:birch_planks":3,"minecraft:birch_log":42,"minecraft:wheat":62,"minecraft:lilac":23,"minecraft:birch_leaves":3,"minecraft:bee_nest":1,"minecraft:stone_brick_stairs":3,"minecraft:oak_log":348,"minecraft:coal_ore":16,"minecraft:oak_fence_gate":4,"minecraft:sand":62,"minecraft:gravel":82,"minecraft:dripstone_block":42,"minecraft:dirt":416,"minecraft:stonecutter":3,"minecraft:stone_bricks":82,"minecraft:netherrack":537,"minecraft:oak_leaves":259,"minecraft:deepslate":1},"minecraft:killed_by":{"minecraft:player":1,"minecraft:drowned":1,"minecraft:skeleton":1},"minecraft:crafted":{"minecraft:smooth_stone":24,"minecraft:oak_planks":696,"minecraft:stone_shovel":5,"minecraft:stone_brick_wall":28,"minecraft:furnace":1,"minecraft:stone":447,"minecraft:cobblestone_stairs":52,"minecraft:bone_meal":21,"minecraft:cooked_mutton":5,"minecraft:oak_trapdoor":50,"minecraft:iron_boots":1,"minecraft:iron_axe":2,"minecraft:ladder":6,"minecraft:stone_pickaxe":15,"minecraft:chest":5,"minecraft:chiseled_stone_bricks":17,"minecraft:stone_hoe":1,"minecraft:stone_bricks":253,"minecraft:golden_helmet":1,"minecraft:oak_slab":54,"minecraft:deepslate":2,"minecraft:cooked_porkchop":3,"minecraft:crafting_table":1,"minecraft:iron_sword":1,"minecraft:golden_pickaxe":1,"minecraft:cooked_salmon":5,"minecraft:oak_wood":18,"minecraft:birch_planks":8,"minecraft:stone_axe":2,"minecraft:oak_fence_gate":34,"minecraft:stone_brick_stairs":72,"minecraft:iron_chestplate":1,"minecraft:golden_apple":1,"minecraft:charcoal":110,"minecraft:shield":1,"minecraft:stick":208,"minecraft:iron_ingot":37,"minecraft:iron_pickaxe":3,"minecraft:oak_stairs":32,"minecraft:iron_leggings":1,"minecraft:gold_ingot":1,"minecraft:iron_shovel":3,"minecraft:white_bed":1,"minecraft:torch":108,"minecraft:shears":1},"minecraft:picked_up":{"minecraft:charcoal":20,"minecraft:crafting_table":6,"minecraft:wheat":68,"minecraft:ladder":1,"minecraft:oak_stairs":2,"minecraft:gilded_blackstone":1,"minecraft:stone_brick_stairs":4,"minecraft:chain":3,"minecraft:shield":1,"minecraft:wind_charge":1,"minecraft:string":8,"minecraft:oak_trapdoor":2,"minecraft:raw_copper":23,"minecraft:smooth_stone":58,"minecraft:cobbled_deepslate":178,"minecraft:poppy":41,"minecraft:iron_pickaxe":1,"minecraft:chest":2,"minecraft:birch_sapling":9,"minecraft:egg":10,"minecraft:furnace":1,"minecraft:stick":32,"minecraft:raw_iron":37,"minecraft:stone":16,"minecraft:oak_door":2,"minecraft:composter":1,"minecraft:copper_ingot":2,"minecraft:torch":107,"minecraft:polished_blackstone_bricks":32,"minecraft:pointed_dripstone":15,"minecraft:carrot":639,"minecraft:arrow":8,"minecraft:rotten_flesh":7,"minecraft:polished_basalt":1,"minecraft:gold_ingot":16,"minecraft:mutton":6,"minecraft:white_wool":3,"minecraft:cobblestone":1459,"minecraft:oxeye_daisy":1,"minecraft:stripped_oak_log":1,"minecraft:birch_log":42,"minecraft:birch_leaves":6,"minecraft:cooked_beef":2,"minecraft:basalt":9,"minecraft:lilac":38,"minecraft:andesite":2,"minecraft:birch_slab":1,"minecraft:salmon":7,"minecraft:birch_planks":3,"minecraft:flint":16,"minecraft:oak_log":489,"minecraft:gunpowder":2,"minecraft:cobblestone_stairs":13,"minecraft:lantern":5,"minecraft:dirt":895,"minecraft:bone":9,"minecraft:apple":5,"minecraft:stone_bricks":82,"minecraft:stonecutter":3,"minecraft:wheat_seeds":232,"minecraft:raw_gold":1,"minecraft:oak_fence_gate":11,"minecraft:iron_ingot":13,"minecraft:stone_pickaxe":1,"minecraft:oak_planks":12,"minecraft:oak_slab":1,"minecraft:chiseled_stone_bricks":25,"minecraft:quartz":28,"minecraft:dandelion":14,"minecraft:dripstone_block":42,"minecraft:gravel":98,"minecraft:sand":67,"minecraft:ink_sac":6,"minecraft:white_bed":1,"minecraft:lily_of_the_valley":2,"minecraft:mossy_cobblestone":2,"minecraft:oak_wood":3,"minecraft:stone_axe":1,"minecraft:short_grass":54,"minecraft:cracked_polished_blackstone_bricks":12,"minecraft:diamond_axe":1,"minecraft:bone_meal":21,"minecraft:oak_sapling":106,"minecraft:netherrack":523,"minecraft:coal":16,"minecraft:oak_leaves":200},"minecraft:killed":{"minecraft:spider":2,"minecraft:skeleton":2,"minecraft:drowned":5,"minecraft:piglin_brute":2,"minecraft:skeleton_horse":1,"minecraft:piglin":1,"minecraft:salmon":10,"minecraft:creeper":1,"minecraft:sheep":3,"minecraft:zombie":4}},"DataVersion":3953}