{"stats":{"minecraft:mined":{"minecraft:birch_planks":1,"minecraft:bee_nest":1},"minecraft:killed_by":{"minecraft:player":1},"minecraft:used":{"minecraft:wind_charge":1,"minecraft:cooked_beef":2},"minecraft:custom":{"minecraft:time_since_rest":173,"minecraft:open_chest":3,"minecraft:deaths":1,"minecraft:crouch_one_cm":91,"minecraft:play_time":7834,"minecraft:sprint_one_cm":18521,"minecraft:damage_taken":504,"minecraft:walk_one_cm":17942,"minecraft:sneak_time":11,"minecraft:walk_under_water_one_cm":115,"minecraft:drop":1,"minecraft:jump":200,"minecraft:time_since_death":127,"minecraft:walk_on_water_one_cm":169,"minecraft:total_world_time":7834,"minecraft:swim_one_cm":470,"minecraft:fall_one_cm":7820,"minecraft:fly_one_cm":43042},"minecraft:dropped":{"minecraft:mace":1},"minecraft:picked_up":{"minecraft:cooked_beef":2,"minecraft:stone_axe":1,"minecraft:birch_planks":1,"minecraft:iron_ingot":13,"minecraft:oak_log":27,"minecraft:shield":1,"minecraft:wind_charge":1}},"DataVersion":3953}