{"stats":{"minecraft:broken":{"minecraft:iron_shovel":1,"minecraft:stone_axe":1,"minecraft:iron_pickaxe":1},"minecraft:mined":{"minecraft:glass_pane":2,"minecraft:mossy_cobblestone":1,"minecraft:oak_door":1,"minecraft:dandelion":7,"minecraft:crafting_table":3,"minecraft:torch":38,"minecraft:short_grass":33,"minecraft:oak_wood":3,"minecraft:grass_block":184,"minecraft:poppy":18,"minecraft:tall_grass":7,"minecraft:cobblestone":82,"minecraft:wall_torch":2,"minecraft:chiseled_stone_bricks":3,"minecraft:seagrass":3,"minecraft:smooth_stone":2,"minecraft:tall_seagrass":3,"minecraft:birch_planks":1,"minecraft:carrots":19,"minecraft:birch_log":6,"minecraft:wheat":3,"minecraft:lilac":14,"minecraft:birch_leaves":3,"minecraft:stone_brick_stairs":3,"minecraft:bee_nest":1,"minecraft:oak_log":103,"minecraft:coal_ore":16,"minecraft:dirt_path":2,"minecraft:stripped_oak_log":1,"minecraft:gravel":51,"minecraft:sand":48,"minecraft:dirt":131,"minecraft:stone_bricks":55,"minecraft:stonecutter":2,"minecraft:stone":196,"minecraft:oak_leaves":151},"minecraft:killed_by":{"minecraft:player":1,"minecraft:drowned":1},"minecraft:custom":{"minecraft:interact_with_furnace":47,"minecraft:mob_kills":18,"minecraft:interact_with_crafting_table":12,"minecraft:interact_with_stonecutter":27,"minecraft:time_since_death":15854,"minecraft:sleep_in_bed":1,"minecraft:climb_one_cm":1086,"minecraft:time_since_rest":15887,"minecraft:sprint_one_cm":268152,"minecraft:damage_taken":1614,"minecraft:walk_one_cm":348973,"minecraft:damage_blocked_by_shield":151,"minecraft:drop":20,"minecraft:damage_dealt":1891,"minecraft:swim_one_cm":24008,"minecraft:fly_one_cm":414929,"minecraft:open_chest":17,"minecraft:crouch_one_cm":1092,"minecraft:play_time":133086,"minecraft:deaths":2,"minecraft:sneak_time":354,"minecraft:walk_under_water_one_cm":11659,"minecraft:jump":1792,"minecraft:walk_on_water_one_cm":53744,"minecraft:total_world_time":133086,"minecraft:fall_one_cm":39936},"minecraft:used":{"minecraft:cooked_mutton":5,"minecraft:iron_shovel":423,"minecraft:stone_pickaxe":113,"minecraft:chest":1,"minecraft:shield":4,"minecraft:stone":6,"minecraft:iron_sword":56,"minecraft:cooked_salmon":3,"minecraft:stonecutter":2,"minecraft:rotten_flesh":1,"minecraft:salmon":2,"minecraft:torch":49,"minecraft:mutton":1,"minecraft:dirt":321,"minecraft:crafting_table":4,"minecraft:carrot":33,"minecraft:oak_wood":9,"minecraft:shears":148,"minecraft:oak_log":92,"minecraft:apple":2,"minecraft:wind_charge":1,"minecraft:iron_axe":79,"minecraft:iron_pickaxe":252,"minecraft:gravel":13,"minecraft:stone_brick_stairs":38,"minecraft:stone_bricks":177,"minecraft:stone_axe":75,"minecraft:chiseled_stone_bricks":7,"minecraft:cobblestone":18,"minecraft:oak_sapling":4,"minecraft:furnace":1,"minecraft:cooked_beef":2,"minecraft:smooth_stone":14},"minecraft:dropped":{"minecraft:carrot":15,"minecraft:dirt":2,"minecraft:mace":1,"minecraft:cooked_salmon":2},"minecraft:crafted":{"minecraft:smooth_stone":15,"minecraft:oak_planks":16,"minecraft:crafting_table":1,"minecraft:iron_sword":1,"minecraft:furnace":1,"minecraft:cooked_salmon":5,"minecraft:stone":183,"minecraft:oak_wood":6,"minecraft:cooked_mutton":5,"minecraft:stone_brick_stairs":36,"minecraft:charcoal":24,"minecraft:iron_axe":1,"minecraft:stick":8,"minecraft:stone_pickaxe":4,"minecraft:iron_pickaxe":1,"minecraft:chest":1,"minecraft:iron_shovel":3,"minecraft:chiseled_stone_bricks":4,"minecraft:torch":28,"minecraft:stone_bricks":124,"minecraft:shears":1},"minecraft:picked_up":{"minecraft:stripped_oak_log":1,"minecraft:birch_log":6,"minecraft:crafting_table":3,"minecraft:birch_leaves":3,"minecraft:wheat":3,"minecraft:lilac":14,"minecraft:cooked_beef":2,"minecraft:salmon":7,"minecraft:birch_planks":1,"minecraft:flint":7,"minecraft:stone_brick_stairs":3,"minecraft:oak_log":130,"minecraft:shield":1,"minecraft:wind_charge":1,"minecraft:dirt":325,"minecraft:string":2,"minecraft:bone":2,"minecraft:apple":3,"minecraft:stone_bricks":55,"minecraft:stonecutter":2,"minecraft:wheat_seeds":12,"minecraft:smooth_stone":2,"minecraft:iron_ingot":13,"minecraft:poppy":18,"minecraft:birch_sapling":3,"minecraft:egg":5,"minecraft:stick":13,"minecraft:oak_door":2,"minecraft:chiseled_stone_bricks":3,"minecraft:copper_ingot":1,"minecraft:torch":43,"minecraft:dandelion":7,"minecraft:gravel":44,"minecraft:sand":48,"minecraft:ink_sac":1,"minecraft:carrot":66,"minecraft:lily_of_the_valley":1,"minecraft:mossy_cobblestone":1,"minecraft:oak_wood":3,"minecraft:arrow":1,"minecraft:rotten_flesh":4,"minecraft:stone_axe":1,"minecraft:short_grass":27,"minecraft:oak_sapling":31,"minecraft:mutton":6,"minecraft:coal":16,"minecraft:oak_leaves":116,"minecraft:white_wool":3,"minecraft:cobblestone":277},"minecraft:killed":{"minecraft:salmon":10,"minecraft:spider":1,"minecraft:sheep":3,"minecraft:skeleton":1,"minecraft:zombie":2,"minecraft:drowned":1}},"DataVersion":3953}